run,category,tag,step,wall_time_utc,value
phase1_songs01,dataset_metadata,dataset/avg_window_activity,0,2026-09-08T08:37:58.426650Z,0.5283715725
phase1_songs01,dataset_metadata,dataset/blocked_ranges,0,2026-09-08T08:37:58.426640Z,2
phase1_songs01,dataset_metadata,dataset/holdout_blocked_fraction,0,2026-09-08T08:37:58.426628Z,0.1491221637
phase1_songs01,dataset_metadata,dataset/holdout_blocked_starts,0,2026-09-08T08:37:58.426621Z,4094
phase1_songs01,dataset_metadata,dataset/max_window_weight,0,2026-09-08T08:37:58.426818Z,6.528597442e-05
phase1_songs01,dataset_metadata,dataset/min_window_weight,0,2026-09-08T08:37:58.426735Z,1.070625876e-05
phase1_songs01,dataset_metadata,dataset/num_songs,0,2026-09-08T08:37:58.426551Z,1
phase1_songs01,dataset_metadata,dataset/pre_holdout_valid_starts,0,2026-09-08T08:37:58.426608Z,27454
phase1_songs01,dataset_metadata,dataset/regime_active_prob,0,2026-09-08T08:37:58.426893Z,0.349999994
phase1_songs01,dataset_metadata,dataset/regime_low_prob,0,2026-09-08T08:37:58.426942Z,0.200000003
phase1_songs01,dataset_metadata,dataset/regime_transition_prob,0,2026-09-08T08:37:58.426899Z,0.3000000119
phase1_songs01,dataset_metadata,dataset/regime_uniform_prob,0,2026-09-08T08:37:58.426979Z,0.150000006
phase1_songs01,dataset_metadata,dataset/rejected_dead,0,2026-09-08T08:37:58.426634Z,0
phase1_songs01,dataset_metadata,dataset/starts_after_filter,0,2026-09-08T08:37:58.426615Z,23360
phase1_songs01,dataset_metadata,dataset/total_frames,0,2026-09-08T08:37:58.426580Z,30017
phase1_songs01,dataset_metadata,dataset/total_minutes,0,2026-09-08T08:37:58.426589Z,6.670319557
phase1_songs01,dataset_metadata,dataset/total_valid_starts,0,2026-09-08T08:37:58.426601Z,23360
phase1_songs01,model_metadata,model/params_M,0,2026-09-08T08:37:58.502354Z,11.84076786
phase1_songs01,model_metadata,model/use_encoder_decoder,0,2026-09-08T08:37:58.502384Z,1
phase1_songs01,training_aggregate,train/avg_acc_top1,1000,2026-09-08T08:38:55.470772Z,0.004184620921
phase1_songs01,training_aggregate,train/avg_acc_top1,2000,2026-09-08T08:39:51.101626Z,0.01193545852
phase1_songs01,training_aggregate,train/avg_acc_top1,3000,2026-09-08T08:40:49.085402Z,0.01901519857
phase1_songs01,training_aggregate,train/avg_acc_top1,4000,2026-09-08T08:41:45.113363Z,0.02565082721
phase1_songs01,training_aggregate,train/avg_acc_top1,5000,2026-09-08T08:42:41.193381Z,0.03339107707
phase1_songs01,training_aggregate,train/avg_acc_top1,6000,2026-09-08T08:43:38.582761Z,0.03894362226
phase1_songs01,training_aggregate,train/avg_acc_top1,7000,2026-09-08T08:44:37.614146Z,0.04500578716
phase1_songs01,training_aggregate,train/avg_acc_top1,8000,2026-09-08T08:45:41.177609Z,0.0511046648
phase1_songs01,training_aggregate,train/avg_acc_top1,9000,2026-09-08T08:46:42.970001Z,0.06001429632
phase1_songs01,training_aggregate,train/avg_acc_top1,10000,2026-09-08T08:47:47.563204Z,0.0676638931
phase1_songs01,training_aggregate,train/avg_acc_top1,11000,2026-09-08T08:49:05.097486Z,0.07604052871
phase1_songs01,training_aggregate,train/avg_acc_top1,12000,2026-09-08T08:50:10.852157Z,0.08409906924
phase1_songs01,training_aggregate,train/avg_acc_top1,13000,2026-09-08T08:51:15.351352Z,0.09275824577
phase1_songs01,training_aggregate,train/avg_acc_top1,14000,2026-09-08T08:52:14.983987Z,0.1004846916
phase1_songs01,training_aggregate,train/avg_acc_top1,15000,2026-09-08T08:53:15.025289Z,0.1092867106
phase1_songs01,training_aggregate,train/avg_acc_top1,16000,2026-09-08T08:54:19.273234Z,0.1184754744
phase1_songs01,training_aggregate,train/avg_acc_top1,17000,2026-09-08T08:55:24.279333Z,0.1297140867
phase1_songs01,training_aggregate,train/avg_acc_top1,18000,2026-09-08T08:56:25.795282Z,0.1394436061
phase1_songs01,training_aggregate,train/avg_acc_top1,19000,2026-09-08T08:57:26.394121Z,0.1505811512
phase1_songs01,training_aggregate,train/avg_acc_top1,20000,2026-09-08T08:58:26.310906Z,0.1600584239
phase1_songs01,training_aggregate,train/avg_acc_top1,21000,2026-09-08T08:59:43.545961Z,0.1703656018
phase1_songs01,training_aggregate,train/avg_acc_top1,22000,2026-09-08T09:00:46.013035Z,0.1826806515
phase1_songs01,training_aggregate,train/avg_acc_top1,23000,2026-09-08T09:01:48.706146Z,0.194856599
phase1_songs01,training_aggregate,train/avg_acc_top1,24000,2026-09-08T09:02:51.022992Z,0.2053141892
phase1_songs01,training_aggregate,train/avg_acc_top1,25000,2026-09-08T09:03:52.606231Z,0.217248708
phase1_songs01,training_aggregate,train/avg_acc_top1,26000,2026-09-08T09:04:56.059402Z,0.2277579159
phase1_songs01,training_aggregate,train/avg_acc_top1,27000,2026-09-08T09:05:57.875020Z,0.2389360517
phase1_songs01,training_aggregate,train/avg_acc_top1,28000,2026-09-08T09:06:59.650799Z,0.2495115399
phase1_songs01,training_aggregate,train/avg_acc_top1,29000,2026-09-08T09:08:01.704135Z,0.2614144683
phase1_songs01,training_aggregate,train/avg_acc_top1,30000,2026-09-08T09:09:05.532883Z,0.2736128271
phase1_songs01,training_aggregate,train/avg_acc_top1,31000,2026-09-08T09:10:23.185093Z,0.2849914134
phase1_songs01,training_aggregate,train/avg_acc_top1,32000,2026-09-08T09:11:27.787222Z,0.2977111042
phase1_songs01,training_aggregate,train/avg_acc_top1,33000,2026-09-08T09:12:33.505128Z,0.3069524467
phase1_songs01,training_aggregate,train/avg_acc_top1,34000,2026-09-08T09:13:35.150733Z,0.3199347258
phase1_songs01,training_aggregate,train/avg_acc_top1,35000,2026-09-08T09:14:39.389302Z,0.3315424621
phase1_songs01,training_aggregate,train/avg_acc_top1,36000,2026-09-08T09:15:42.604253Z,0.3432131112
phase1_songs01,training_aggregate,train/avg_acc_top1,37000,2026-09-08T09:16:41.790059Z,0.3563764095
phase1_songs01,training_aggregate,train/avg_acc_top1,38000,2026-09-08T09:17:44.515520Z,0.3661818206
phase1_songs01,training_aggregate,train/avg_acc_top1,39000,2026-09-08T09:18:47.316755Z,0.3825111389
phase1_songs01,training_aggregate,train/avg_acc_top1,40000,2026-09-08T09:19:51.171956Z,0.3946326375
phase1_songs01,training_aggregate,train/avg_acc_top1,41000,2026-09-08T09:21:06.990547Z,0.4086011052
phase1_songs01,training_aggregate,train/avg_acc_top1,42000,2026-09-08T09:22:11.263047Z,0.4163441658
phase1_songs01,training_aggregate,train/avg_acc_top1,43000,2026-09-08T09:23:10.526484Z,0.4310948849
phase1_songs01,training_aggregate,train/avg_acc_top1,44000,2026-09-08T09:24:12.742465Z,0.4459758401
phase1_songs01,training_aggregate,train/avg_acc_top1,45000,2026-09-08T09:25:16.516156Z,0.4575596154
phase1_songs01,training_aggregate,train/avg_acc_top1,46000,2026-09-08T09:26:19.220166Z,0.4698877633
phase1_songs01,training_aggregate,train/avg_acc_top1,47000,2026-09-08T09:27:22.970933Z,0.48368752
phase1_songs01,training_aggregate,train/avg_acc_top1,48000,2026-09-08T09:28:26.522962Z,0.4944739342
phase1_songs01,training_aggregate,train/avg_acc_top1,49000,2026-09-08T09:29:28.073283Z,0.4985888302
phase1_songs01,training_aggregate,train/avg_acc_top1,50000,2026-09-08T09:30:29.244988Z,0.51205796
phase1_songs01,training_aggregate,train/avg_acc_top1,51000,2026-09-08T09:32:00.370136Z,0.5222147107
phase1_songs01,training_aggregate,train/avg_acc_top1,52000,2026-09-08T09:33:00.436786Z,0.5316673517
phase1_songs01,training_aggregate,train/avg_acc_top1,53000,2026-09-08T09:34:00.908460Z,0.5380854011
phase1_songs01,training_aggregate,train/avg_acc_top1,54000,2026-09-08T09:35:05.145722Z,0.5461660028
phase1_songs01,training_aggregate,train/avg_acc_top1,55000,2026-09-08T09:36:07.029189Z,0.5585756302
phase1_songs01,training_aggregate,train/avg_acc_top1,56000,2026-09-08T09:37:09.732747Z,0.5660318732
phase1_songs01,training_aggregate,train/avg_acc_top1,57000,2026-09-08T09:38:09.750149Z,0.5755067468
phase1_songs01,training_aggregate,train/avg_acc_top1,58000,2026-09-08T09:39:10.703637Z,0.5839836597
phase1_songs01,training_aggregate,train/avg_acc_top1,59000,2026-09-08T09:40:12.642364Z,0.5924289227
phase1_songs01,training_aggregate,train/avg_acc_top1,60000,2026-09-08T09:41:14.952708Z,0.5983426571
phase1_songs01,training_aggregate,train/avg_acc_top1,61000,2026-09-08T09:42:28.735300Z,0.6065056324
phase1_songs01,training_aggregate,train/avg_acc_top1,62000,2026-09-08T09:43:29.480940Z,0.6116350293
phase1_songs01,training_aggregate,train/avg_acc_top1,63000,2026-09-08T09:44:32.154279Z,0.6180538535
phase1_songs01,training_aggregate,train/avg_acc_top1,64000,2026-09-08T09:45:35.816943Z,0.6249377131
phase1_songs01,training_aggregate,train/avg_acc_top1,65000,2026-09-08T09:46:36.860484Z,0.6306144595
phase1_songs01,training_aggregate,train/avg_acc_top1,66000,2026-09-08T09:47:41.103073Z,0.6327860951
phase1_songs01,training_aggregate,train/avg_acc_top1,67000,2026-09-08T09:48:43.814496Z,0.6404768825
phase1_songs01,training_aggregate,train/avg_acc_top1,68000,2026-09-08T09:49:47.583242Z,0.647464335
phase1_songs01,training_aggregate,train/avg_acc_top1,69000,2026-09-08T09:50:50.334990Z,0.6525679231
phase1_songs01,training_aggregate,train/avg_acc_top1,70000,2026-09-08T09:51:55.714572Z,0.653967917
phase1_songs01,training_aggregate,train/avg_acc_top5,1000,2026-09-08T08:38:55.470823Z,0.01820419729
phase1_songs01,training_aggregate,train/avg_acc_top5,2000,2026-09-08T08:39:51.101722Z,0.04947143048
phase1_songs01,training_aggregate,train/avg_acc_top5,3000,2026-09-08T08:40:49.085499Z,0.07208219916
phase1_songs01,training_aggregate,train/avg_acc_top5,4000,2026-09-08T08:41:45.113479Z,0.09459124506
phase1_songs01,training_aggregate,train/avg_acc_top5,5000,2026-09-08T08:42:41.193479Z,0.1170027927
phase1_songs01,training_aggregate,train/avg_acc_top5,6000,2026-09-08T08:43:38.582875Z,0.1334323287
phase1_songs01,training_aggregate,train/avg_acc_top5,7000,2026-09-08T08:44:37.614242Z,0.1500553787
phase1_songs01,training_aggregate,train/avg_acc_top5,8000,2026-09-08T08:45:41.177717Z,0.1669228822
phase1_songs01,training_aggregate,train/avg_acc_top5,9000,2026-09-08T08:46:42.970097Z,0.1874162406
phase1_songs01,training_aggregate,train/avg_acc_top5,10000,2026-09-08T08:47:47.563258Z,0.2081761509
phase1_songs01,training_aggregate,train/avg_acc_top5,11000,2026-09-08T08:49:05.097541Z,0.2321151644
phase1_songs01,training_aggregate,train/avg_acc_top5,12000,2026-09-08T08:50:10.852218Z,0.2530346215
phase1_songs01,training_aggregate,train/avg_acc_top5,13000,2026-09-08T08:51:15.351410Z,0.2745242119
phase1_songs01,training_aggregate,train/avg_acc_top5,14000,2026-09-08T08:52:14.984086Z,0.2972528934
phase1_songs01,training_aggregate,train/avg_acc_top5,15000,2026-09-08T08:53:15.025414Z,0.3211039603
phase1_songs01,training_aggregate,train/avg_acc_top5,16000,2026-09-08T08:54:19.273349Z,0.3428050876
phase1_songs01,training_aggregate,train/avg_acc_top5,17000,2026-09-08T08:55:24.279481Z,0.3675108552
phase1_songs01,training_aggregate,train/avg_acc_top5,18000,2026-09-08T08:56:25.795354Z,0.3932118118
phase1_songs01,training_aggregate,train/avg_acc_top5,19000,2026-09-08T08:57:26.394236Z,0.4150839746
phase1_songs01,training_aggregate,train/avg_acc_top5,20000,2026-09-08T08:58:26.310984Z,0.4378126264
phase1_songs01,training_aggregate,train/avg_acc_top5,21000,2026-09-08T08:59:43.546061Z,0.4594444931
phase1_songs01,training_aggregate,train/avg_acc_top5,22000,2026-09-08T09:00:46.013140Z,0.4806996584
phase1_songs01,training_aggregate,train/avg_acc_top5,23000,2026-09-08T09:01:48.706246Z,0.5019458532
phase1_songs01,training_aggregate,train/avg_acc_top5,24000,2026-09-08T09:02:51.023097Z,0.5220394731
phase1_songs01,training_aggregate,train/avg_acc_top5,25000,2026-09-08T09:03:52.606329Z,0.5395342112
phase1_songs01,training_aggregate,train/avg_acc_top5,26000,2026-09-08T09:04:56.059500Z,0.5564405322
phase1_songs01,training_aggregate,train/avg_acc_top5,27000,2026-09-08T09:05:57.875118Z,0.5737306476
phase1_songs01,training_aggregate,train/avg_acc_top5,28000,2026-09-08T09:06:59.650907Z,0.5855391622
phase1_songs01,training_aggregate,train/avg_acc_top5,29000,2026-09-08T09:08:01.704232Z,0.6014360785
phase1_songs01,training_aggregate,train/avg_acc_top5,30000,2026-09-08T09:09:05.532987Z,0.6146838665
phase1_songs01,training_aggregate,train/avg_acc_top5,31000,2026-09-08T09:10:23.185202Z,0.627120316
phase1_songs01,training_aggregate,train/avg_acc_top5,32000,2026-09-08T09:11:27.787276Z,0.6396909952
phase1_songs01,training_aggregate,train/avg_acc_top5,33000,2026-09-08T09:12:33.505225Z,0.6464163065
phase1_songs01,training_aggregate,train/avg_acc_top5,34000,2026-09-08T09:13:35.150810Z,0.6579883695
phase1_songs01,training_aggregate,train/avg_acc_top5,35000,2026-09-08T09:14:39.389409Z,0.6677025557
phase1_songs01,training_aggregate,train/avg_acc_top5,36000,2026-09-08T09:15:42.604354Z,0.6762379408
phase1_songs01,training_aggregate,train/avg_acc_top5,37000,2026-09-08T09:16:41.790121Z,0.6863386631
phase1_songs01,training_aggregate,train/avg_acc_top5,38000,2026-09-08T09:17:44.515637Z,0.6937369704
phase1_songs01,training_aggregate,train/avg_acc_top5,39000,2026-09-08T09:18:47.316877Z,0.7057642937
phase1_songs01,training_aggregate,train/avg_acc_top5,40000,2026-09-08T09:19:51.172084Z,0.7141304016
phase1_songs01,training_aggregate,train/avg_acc_top5,41000,2026-09-08T09:21:06.990644Z,0.7213015556
phase1_songs01,training_aggregate,train/avg_acc_top5,42000,2026-09-08T09:22:11.263150Z,0.7225564718
phase1_songs01,training_aggregate,train/avg_acc_top5,43000,2026-09-08T09:23:10.526595Z,0.7325310111
phase1_songs01,training_aggregate,train/avg_acc_top5,44000,2026-09-08T09:24:12.742532Z,0.7412316203
phase1_songs01,training_aggregate,train/avg_acc_top5,45000,2026-09-08T09:25:16.516209Z,0.7468409538
phase1_songs01,training_aggregate,train/avg_acc_top5,46000,2026-09-08T09:26:19.220289Z,0.7529563904
phase1_songs01,training_aggregate,train/avg_acc_top5,47000,2026-09-08T09:27:22.970977Z,0.7606270313
phase1_songs01,training_aggregate,train/avg_acc_top5,48000,2026-09-08T09:28:26.523023Z,0.7654007673
phase1_songs01,training_aggregate,train/avg_acc_top5,49000,2026-09-08T09:29:28.073382Z,0.7653408647
phase1_songs01,training_aggregate,train/avg_acc_top5,50000,2026-09-08T09:30:29.245042Z,0.7750006914
phase1_songs01,training_aggregate,train/avg_acc_top5,51000,2026-09-08T09:32:00.370205Z,0.7792366147
phase1_songs01,training_aggregate,train/avg_acc_top5,52000,2026-09-08T09:33:00.436929Z,0.7838425636
phase1_songs01,training_aggregate,train/avg_acc_top5,53000,2026-09-08T09:34:00.908531Z,0.7876024842
phase1_songs01,training_aggregate,train/avg_acc_top5,54000,2026-09-08T09:35:05.145872Z,0.7924240232
phase1_songs01,training_aggregate,train/avg_acc_top5,55000,2026-09-08T09:36:07.029294Z,0.798676908
phase1_songs01,training_aggregate,train/avg_acc_top5,56000,2026-09-08T09:37:09.732808Z,0.8027326465
phase1_songs01,training_aggregate,train/avg_acc_top5,57000,2026-09-08T09:38:09.750253Z,0.8081412315
phase1_songs01,training_aggregate,train/avg_acc_top5,58000,2026-09-08T09:39:10.703684Z,0.8120017052
phase1_songs01,training_aggregate,train/avg_acc_top5,59000,2026-09-08T09:40:12.642419Z,0.8185225725
phase1_songs01,training_aggregate,train/avg_acc_top5,60000,2026-09-08T09:41:14.952832Z,0.8205319047
phase1_songs01,training_aggregate,train/avg_acc_top5,61000,2026-09-08T09:42:28.735418Z,0.8236673474
phase1_songs01,training_aggregate,train/avg_acc_top5,62000,2026-09-08T09:43:29.481063Z,0.827899456
phase1_songs01,training_aggregate,train/avg_acc_top5,63000,2026-09-08T09:44:32.154404Z,0.832893014
phase1_songs01,training_aggregate,train/avg_acc_top5,64000,2026-09-08T09:45:35.817057Z,0.8361353874
phase1_songs01,training_aggregate,train/avg_acc_top5,65000,2026-09-08T09:46:36.860585Z,0.8400683999
phase1_songs01,training_aggregate,train/avg_acc_top5,66000,2026-09-08T09:47:41.103113Z,0.8400555849
phase1_songs01,training_aggregate,train/avg_acc_top5,67000,2026-09-08T09:48:43.814617Z,0.8457669616
phase1_songs01,training_aggregate,train/avg_acc_top5,68000,2026-09-08T09:49:47.583359Z,0.8480098248
phase1_songs01,training_aggregate,train/avg_acc_top5,69000,2026-09-08T09:50:50.335103Z,0.8519631028
phase1_songs01,training_aggregate,train/avg_acc_top5,70000,2026-09-08T09:51:55.714676Z,0.8521552086
phase1_songs01,training_aggregate,train/avg_accuracy,1000,2026-09-08T08:38:55.470727Z,0.004184620921
phase1_songs01,training_aggregate,train/avg_accuracy,2000,2026-09-08T08:39:51.101530Z,0.01193545852
phase1_songs01,training_aggregate,train/avg_accuracy,3000,2026-09-08T08:40:49.085302Z,0.01901519857
phase1_songs01,training_aggregate,train/avg_accuracy,4000,2026-09-08T08:41:45.113242Z,0.02565082721
phase1_songs01,training_aggregate,train/avg_accuracy,5000,2026-09-08T08:42:41.193282Z,0.03339107707
phase1_songs01,training_aggregate,train/avg_accuracy,6000,2026-09-08T08:43:38.582631Z,0.03894362226
phase1_songs01,training_aggregate,train/avg_accuracy,7000,2026-09-08T08:44:37.614048Z,0.04500578716
phase1_songs01,training_aggregate,train/avg_accuracy,8000,2026-09-08T08:45:41.177499Z,0.0511046648
phase1_songs01,training_aggregate,train/avg_accuracy,9000,2026-09-08T08:46:42.969901Z,0.06001429632
phase1_songs01,training_aggregate,train/avg_accuracy,10000,2026-09-08T08:47:47.563148Z,0.0676638931
phase1_songs01,training_aggregate,train/avg_accuracy,11000,2026-09-08T08:49:05.097429Z,0.07604052871
phase1_songs01,training_aggregate,train/avg_accuracy,12000,2026-09-08T08:50:10.852092Z,0.08409906924
phase1_songs01,training_aggregate,train/avg_accuracy,13000,2026-09-08T08:51:15.351298Z,0.09275824577
phase1_songs01,training_aggregate,train/avg_accuracy,14000,2026-09-08T08:52:14.983887Z,0.1004846916
phase1_songs01,training_aggregate,train/avg_accuracy,15000,2026-09-08T08:53:15.025158Z,0.1092867106
phase1_songs01,training_aggregate,train/avg_accuracy,16000,2026-09-08T08:54:19.273105Z,0.1184754744
phase1_songs01,training_aggregate,train/avg_accuracy,17000,2026-09-08T08:55:24.279180Z,0.1297140867
phase1_songs01,training_aggregate,train/avg_accuracy,18000,2026-09-08T08:56:25.795220Z,0.1394436061
phase1_songs01,training_aggregate,train/avg_accuracy,19000,2026-09-08T08:57:26.394002Z,0.1505811512
phase1_songs01,training_aggregate,train/avg_accuracy,20000,2026-09-08T08:58:26.310837Z,0.1600584239
phase1_songs01,training_aggregate,train/avg_accuracy,21000,2026-09-08T08:59:43.545856Z,0.1703656018
phase1_songs01,training_aggregate,train/avg_accuracy,22000,2026-09-08T09:00:46.012927Z,0.1826806515
phase1_songs01,training_aggregate,train/avg_accuracy,23000,2026-09-08T09:01:48.706044Z,0.194856599
phase1_songs01,training_aggregate,train/avg_accuracy,24000,2026-09-08T09:02:51.022778Z,0.2053141892
phase1_songs01,training_aggregate,train/avg_accuracy,25000,2026-09-08T09:03:52.606131Z,0.217248708
phase1_songs01,training_aggregate,train/avg_accuracy,26000,2026-09-08T09:04:56.059300Z,0.2277579159
phase1_songs01,training_aggregate,train/avg_accuracy,27000,2026-09-08T09:05:57.874917Z,0.2389360517
phase1_songs01,training_aggregate,train/avg_accuracy,28000,2026-09-08T09:06:59.650685Z,0.2495115399
phase1_songs01,training_aggregate,train/avg_accuracy,29000,2026-09-08T09:08:01.704032Z,0.2614144683
phase1_songs01,training_aggregate,train/avg_accuracy,30000,2026-09-08T09:09:05.532764Z,0.2736128271
phase1_songs01,training_aggregate,train/avg_accuracy,31000,2026-09-08T09:10:23.184974Z,0.2849914134
phase1_songs01,training_aggregate,train/avg_accuracy,32000,2026-09-08T09:11:27.787150Z,0.2977111042
phase1_songs01,training_aggregate,train/avg_accuracy,33000,2026-09-08T09:12:33.505028Z,0.3069524467
phase1_songs01,training_aggregate,train/avg_accuracy,34000,2026-09-08T09:13:35.150660Z,0.3199347258
phase1_songs01,training_aggregate,train/avg_accuracy,35000,2026-09-08T09:14:39.389192Z,0.3315424621
phase1_songs01,training_aggregate,train/avg_accuracy,36000,2026-09-08T09:15:42.604148Z,0.3432131112
phase1_songs01,training_aggregate,train/avg_accuracy,37000,2026-09-08T09:16:41.789994Z,0.3563764095
phase1_songs01,training_aggregate,train/avg_accuracy,38000,2026-09-08T09:17:44.515400Z,0.3661818206
phase1_songs01,training_aggregate,train/avg_accuracy,39000,2026-09-08T09:18:47.316653Z,0.3825111389
phase1_songs01,training_aggregate,train/avg_accuracy,40000,2026-09-08T09:19:51.171819Z,0.3946326375
phase1_songs01,training_aggregate,train/avg_accuracy,41000,2026-09-08T09:21:06.990446Z,0.4086011052
phase1_songs01,training_aggregate,train/avg_accuracy,42000,2026-09-08T09:22:11.262940Z,0.4163441658
phase1_songs01,training_aggregate,train/avg_accuracy,43000,2026-09-08T09:23:10.526369Z,0.4310948849
phase1_songs01,training_aggregate,train/avg_accuracy,44000,2026-09-08T09:24:12.742397Z,0.4459758401
phase1_songs01,training_aggregate,train/avg_accuracy,45000,2026-09-08T09:25:16.516098Z,0.4575596154
phase1_songs01,training_aggregate,train/avg_accuracy,46000,2026-09-08T09:26:19.220035Z,0.4698877633
phase1_songs01,training_aggregate,train/avg_accuracy,47000,2026-09-08T09:27:22.970880Z,0.48368752
phase1_songs01,training_aggregate,train/avg_accuracy,48000,2026-09-08T09:28:26.522900Z,0.4944739342
phase1_songs01,training_aggregate,train/avg_accuracy,49000,2026-09-08T09:29:28.073182Z,0.4985888302
phase1_songs01,training_aggregate,train/avg_accuracy,50000,2026-09-08T09:30:29.244934Z,0.51205796
phase1_songs01,training_aggregate,train/avg_accuracy,51000,2026-09-08T09:32:00.370064Z,0.5222147107
phase1_songs01,training_aggregate,train/avg_accuracy,52000,2026-09-08T09:33:00.436652Z,0.5316673517
phase1_songs01,training_aggregate,train/avg_accuracy,53000,2026-09-08T09:34:00.908385Z,0.5380854011
phase1_songs01,training_aggregate,train/avg_accuracy,54000,2026-09-08T09:35:05.145617Z,0.5461660028
phase1_songs01,training_aggregate,train/avg_accuracy,55000,2026-09-08T09:36:07.029083Z,0.5585756302
phase1_songs01,training_aggregate,train/avg_accuracy,56000,2026-09-08T09:37:09.732691Z,0.5660318732
phase1_songs01,training_aggregate,train/avg_accuracy,57000,2026-09-08T09:38:09.750037Z,0.5755067468
phase1_songs01,training_aggregate,train/avg_accuracy,58000,2026-09-08T09:39:10.703590Z,0.5839836597
phase1_songs01,training_aggregate,train/avg_accuracy,59000,2026-09-08T09:40:12.642308Z,0.5924289227
phase1_songs01,training_aggregate,train/avg_accuracy,60000,2026-09-08T09:41:14.952591Z,0.5983426571
phase1_songs01,training_aggregate,train/avg_accuracy,61000,2026-09-08T09:42:28.735176Z,0.6065056324
phase1_songs01,training_aggregate,train/avg_accuracy,62000,2026-09-08T09:43:29.480825Z,0.6116350293
phase1_songs01,training_aggregate,train/avg_accuracy,63000,2026-09-08T09:44:32.154147Z,0.6180538535
phase1_songs01,training_aggregate,train/avg_accuracy,64000,2026-09-08T09:45:35.816708Z,0.6249377131
phase1_songs01,training_aggregate,train/avg_accuracy,65000,2026-09-08T09:46:36.860381Z,0.6306144595
phase1_songs01,training_aggregate,train/avg_accuracy,66000,2026-09-08T09:47:41.103031Z,0.6327860951
phase1_songs01,training_aggregate,train/avg_accuracy,67000,2026-09-08T09:48:43.814367Z,0.6404768825
phase1_songs01,training_aggregate,train/avg_accuracy,68000,2026-09-08T09:49:47.583114Z,0.647464335
phase1_songs01,training_aggregate,train/avg_accuracy,69000,2026-09-08T09:50:50.334874Z,0.6525679231
phase1_songs01,training_aggregate,train/avg_accuracy,70000,2026-09-08T09:51:55.714467Z,0.653967917
phase1_songs01,training_aggregate,train/avg_loss,1000,2026-09-08T08:38:55.470683Z,7.626141548
phase1_songs01,training_aggregate,train/avg_loss,2000,2026-09-08T08:39:51.101432Z,6.30441761
phase1_songs01,training_aggregate,train/avg_loss,3000,2026-09-08T08:40:49.085196Z,5.994770527
phase1_songs01,training_aggregate,train/avg_loss,4000,2026-09-08T08:41:45.113125Z,5.795271873
phase1_songs01,training_aggregate,train/avg_loss,5000,2026-09-08T08:42:41.193180Z,5.642574787
phase1_songs01,training_aggregate,train/avg_loss,6000,2026-09-08T08:43:38.582527Z,5.526801109
phase1_songs01,training_aggregate,train/avg_loss,7000,2026-09-08T08:44:37.613945Z,5.425842285
phase1_songs01,training_aggregate,train/avg_loss,8000,2026-09-08T08:45:41.177387Z,5.32942152
phase1_songs01,training_aggregate,train/avg_loss,9000,2026-09-08T08:46:42.969791Z,5.209912777
phase1_songs01,training_aggregate,train/avg_loss,10000,2026-09-08T08:47:47.563073Z,5.088132858
phase1_songs01,training_aggregate,train/avg_loss,11000,2026-09-08T08:49:05.097374Z,4.950396061
phase1_songs01,training_aggregate,train/avg_loss,12000,2026-09-08T08:50:10.852031Z,4.84228754
phase1_songs01,training_aggregate,train/avg_loss,13000,2026-09-08T08:51:15.351243Z,4.722506523
phase1_songs01,training_aggregate,train/avg_loss,14000,2026-09-08T08:52:14.983792Z,4.61369276
phase1_songs01,training_aggregate,train/avg_loss,15000,2026-09-08T08:53:15.025037Z,4.494114399
phase1_songs01,training_aggregate,train/avg_loss,16000,2026-09-08T08:54:19.272950Z,4.39842844
phase1_songs01,training_aggregate,train/avg_loss,17000,2026-09-08T08:55:24.279027Z,4.279050827
phase1_songs01,training_aggregate,train/avg_loss,18000,2026-09-08T08:56:25.795190Z,4.167200565
phase1_songs01,training_aggregate,train/avg_loss,19000,2026-09-08T08:57:26.393868Z,4.070196152
phase1_songs01,training_aggregate,train/avg_loss,20000,2026-09-08T08:58:26.310807Z,3.96846056
phase1_songs01,training_aggregate,train/avg_loss,21000,2026-09-08T08:59:43.545757Z,3.876425982
phase1_songs01,training_aggregate,train/avg_loss,22000,2026-09-08T09:00:46.012827Z,3.778418064
phase1_songs01,training_aggregate,train/avg_loss,23000,2026-09-08T09:01:48.705954Z,3.691824675
phase1_songs01,training_aggregate,train/avg_loss,24000,2026-09-08T09:02:51.022695Z,3.60378027
phase1_songs01,training_aggregate,train/avg_loss,25000,2026-09-08T09:03:52.606022Z,3.524577618
phase1_songs01,training_aggregate,train/avg_loss,26000,2026-09-08T09:04:56.059207Z,3.453705072
phase1_songs01,training_aggregate,train/avg_loss,27000,2026-09-08T09:05:57.874807Z,3.380424738
phase1_songs01,training_aggregate,train/avg_loss,28000,2026-09-08T09:06:59.650578Z,3.321259022
phase1_songs01,training_aggregate,train/avg_loss,29000,2026-09-08T09:08:01.703944Z,3.244682789
phase1_songs01,training_aggregate,train/avg_loss,30000,2026-09-08T09:09:05.532675Z,3.181164265
phase1_songs01,training_aggregate,train/avg_loss,31000,2026-09-08T09:10:23.184827Z,3.120563984
phase1_songs01,training_aggregate,train/avg_loss,32000,2026-09-08T09:11:27.787074Z,3.053194761
phase1_songs01,training_aggregate,train/avg_loss,33000,2026-09-08T09:12:33.504928Z,3.019773245
phase1_songs01,training_aggregate,train/avg_loss,34000,2026-09-08T09:13:35.150574Z,2.959837675
phase1_songs01,training_aggregate,train/avg_loss,35000,2026-09-08T09:14:39.389062Z,2.897496939
phase1_songs01,training_aggregate,train/avg_loss,36000,2026-09-08T09:15:42.604053Z,2.846551895
phase1_songs01,training_aggregate,train/avg_loss,37000,2026-09-08T09:16:41.789931Z,2.77537322
phase1_songs01,training_aggregate,train/avg_loss,38000,2026-09-08T09:17:44.515274Z,2.721213102
phase1_songs01,training_aggregate,train/avg_loss,39000,2026-09-08T09:18:47.316566Z,2.645321369
phase1_songs01,training_aggregate,train/avg_loss,40000,2026-09-08T09:19:51.171683Z,2.590703249
phase1_songs01,training_aggregate,train/avg_loss,41000,2026-09-08T09:21:06.990343Z,2.526463747
phase1_songs01,training_aggregate,train/avg_loss,42000,2026-09-08T09:22:11.262830Z,2.506264925
phase1_songs01,training_aggregate,train/avg_loss,43000,2026-09-08T09:23:10.526237Z,2.443248272
phase1_songs01,training_aggregate,train/avg_loss,44000,2026-09-08T09:24:12.742337Z,2.383765221
phase1_songs01,training_aggregate,train/avg_loss,45000,2026-09-08T09:25:16.516038Z,2.334682465
phase1_songs01,training_aggregate,train/avg_loss,46000,2026-09-08T09:26:19.219891Z,2.288368464
phase1_songs01,training_aggregate,train/avg_loss,47000,2026-09-08T09:27:22.970828Z,2.230806351
phase1_songs01,training_aggregate,train/avg_loss,48000,2026-09-08T09:28:26.522877Z,2.192372322
phase1_songs01,training_aggregate,train/avg_loss,49000,2026-09-08T09:29:28.073094Z,2.182521343
phase1_songs01,training_aggregate,train/avg_loss,50000,2026-09-08T09:30:29.244858Z,2.117699862
phase1_songs01,training_aggregate,train/avg_loss,51000,2026-09-08T09:32:00.369993Z,2.080302954
phase1_songs01,training_aggregate,train/avg_loss,52000,2026-09-08T09:33:00.436503Z,2.039659739
phase1_songs01,training_aggregate,train/avg_loss,53000,2026-09-08T09:34:00.908314Z,2.011220932
phase1_songs01,training_aggregate,train/avg_loss,54000,2026-09-08T09:35:05.145522Z,1.976208091
phase1_songs01,training_aggregate,train/avg_loss,55000,2026-09-08T09:36:07.028974Z,1.926772237
phase1_songs01,training_aggregate,train/avg_loss,56000,2026-09-08T09:37:09.732629Z,1.893626213
phase1_songs01,training_aggregate,train/avg_loss,57000,2026-09-08T09:38:09.749912Z,1.853960633
phase1_songs01,training_aggregate,train/avg_loss,58000,2026-09-08T09:39:10.703543Z,1.820671916
phase1_songs01,training_aggregate,train/avg_loss,59000,2026-09-08T09:40:12.642250Z,1.770603299
phase1_songs01,training_aggregate,train/avg_loss,60000,2026-09-08T09:41:14.952484Z,1.751721382
phase1_songs01,training_aggregate,train/avg_loss,61000,2026-09-08T09:42:28.735063Z,1.722605228
phase1_songs01,training_aggregate,train/avg_loss,62000,2026-09-08T09:43:29.480714Z,1.695654035
phase1_songs01,training_aggregate,train/avg_loss,63000,2026-09-08T09:44:32.154018Z,1.662567854
phase1_songs01,training_aggregate,train/avg_loss,64000,2026-09-08T09:45:35.816571Z,1.633549333
phase1_songs01,training_aggregate,train/avg_loss,65000,2026-09-08T09:46:36.860277Z,1.606050491
phase1_songs01,training_aggregate,train/avg_loss,66000,2026-09-08T09:47:41.102990Z,1.599563718
phase1_songs01,training_aggregate,train/avg_loss,67000,2026-09-08T09:48:43.814230Z,1.555745959
phase1_songs01,training_aggregate,train/avg_loss,68000,2026-09-08T09:49:47.582997Z,1.53404212
phase1_songs01,training_aggregate,train/avg_loss,69000,2026-09-08T09:50:50.334761Z,1.509022355
phase1_songs01,training_aggregate,train/avg_loss,70000,2026-09-08T09:51:55.714373Z,1.502146244
phase1_songs01,training_aggregate,train/avg_nll,1000,2026-09-08T08:38:55.470915Z,7.626141548
phase1_songs01,training_aggregate,train/avg_nll,2000,2026-09-08T08:39:51.101934Z,6.30441761
phase1_songs01,training_aggregate,train/avg_nll,3000,2026-09-08T08:40:49.085701Z,5.994770527
phase1_songs01,training_aggregate,train/avg_nll,4000,2026-09-08T08:41:45.113723Z,5.795271873
phase1_songs01,training_aggregate,train/avg_nll,5000,2026-09-08T08:42:41.193683Z,5.642574787
phase1_songs01,training_aggregate,train/avg_nll,6000,2026-09-08T08:43:38.583081Z,5.526801109
phase1_songs01,training_aggregate,train/avg_nll,7000,2026-09-08T08:44:37.614437Z,5.425788403
phase1_songs01,training_aggregate,train/avg_nll,8000,2026-09-08T08:45:41.177947Z,5.316341877
phase1_songs01,training_aggregate,train/avg_nll,9000,2026-09-08T08:46:42.970321Z,5.197075844
phase1_songs01,training_aggregate,train/avg_nll,10000,2026-09-08T08:47:47.563367Z,5.075314045
phase1_songs01,training_aggregate,train/avg_nll,11000,2026-09-08T08:49:05.097652Z,4.937301636
phase1_songs01,training_aggregate,train/avg_nll,12000,2026-09-08T08:50:10.852344Z,4.829452038
phase1_songs01,training_aggregate,train/avg_nll,13000,2026-09-08T08:51:15.351522Z,4.709709644
phase1_songs01,training_aggregate,train/avg_nll,14000,2026-09-08T08:52:14.984293Z,4.600811958
phase1_songs01,training_aggregate,train/avg_nll,15000,2026-09-08T08:53:15.025664Z,4.481236458
phase1_songs01,training_aggregate,train/avg_nll,16000,2026-09-08T08:54:19.273601Z,4.385751724
phase1_songs01,training_aggregate,train/avg_nll,17000,2026-09-08T08:55:24.279787Z,4.266265869
phase1_songs01,training_aggregate,train/avg_nll,18000,2026-09-08T08:56:25.795498Z,4.154248238
phase1_songs01,training_aggregate,train/avg_nll,19000,2026-09-08T08:57:26.394475Z,4.057534218
phase1_songs01,training_aggregate,train/avg_nll,20000,2026-09-08T08:58:26.311116Z,3.956188679
phase1_songs01,training_aggregate,train/avg_nll,21000,2026-09-08T08:59:43.546266Z,3.864062309
phase1_songs01,training_aggregate,train/avg_nll,22000,2026-09-08T09:00:46.013352Z,3.7657938
phase1_songs01,training_aggregate,train/avg_nll,23000,2026-09-08T09:01:48.706454Z,3.679399967
phase1_songs01,training_aggregate,train/avg_nll,24000,2026-09-08T09:02:51.023242Z,3.591350555
phase1_songs01,training_aggregate,train/avg_nll,25000,2026-09-08T09:03:52.606530Z,3.512192726
phase1_songs01,training_aggregate,train/avg_nll,26000,2026-09-08T09:04:56.059702Z,3.441336632
phase1_songs01,training_aggregate,train/avg_nll,27000,2026-09-08T09:05:57.875319Z,3.368280888
phase1_songs01,training_aggregate,train/avg_nll,28000,2026-09-08T09:06:59.651122Z,3.309108019
phase1_songs01,training_aggregate,train/avg_nll,29000,2026-09-08T09:08:01.704429Z,3.232563257
phase1_songs01,training_aggregate,train/avg_nll,30000,2026-09-08T09:09:05.533197Z,3.169191599
phase1_songs01,training_aggregate,train/avg_nll,31000,2026-09-08T09:10:23.185432Z,3.108460188
phase1_songs01,training_aggregate,train/avg_nll,32000,2026-09-08T09:11:27.787363Z,3.041299582
phase1_songs01,training_aggregate,train/avg_nll,33000,2026-09-08T09:12:33.505418Z,3.007987022
phase1_songs01,training_aggregate,train/avg_nll,34000,2026-09-08T09:13:35.150949Z,2.948051453
phase1_songs01,training_aggregate,train/avg_nll,35000,2026-09-08T09:14:39.389621Z,2.885800362
phase1_songs01,training_aggregate,train/avg_nll,36000,2026-09-08T09:15:42.604563Z,2.834856272
phase1_songs01,training_aggregate,train/avg_nll,37000,2026-09-08T09:16:41.790261Z,2.763926029
phase1_songs01,training_aggregate,train/avg_nll,38000,2026-09-08T09:17:44.515885Z,2.709771633
phase1_songs01,training_aggregate,train/avg_nll,39000,2026-09-08T09:18:47.317089Z,2.634178877
phase1_songs01,training_aggregate,train/avg_nll,40000,2026-09-08T09:19:51.172336Z,2.579551458
phase1_songs01,training_aggregate,train/avg_nll,41000,2026-09-08T09:21:06.990858Z,2.515534163
phase1_songs01,training_aggregate,train/avg_nll,42000,2026-09-08T09:22:11.263362Z,2.495209217
phase1_songs01,training_aggregate,train/avg_nll,43000,2026-09-08T09:23:10.526826Z,2.432431698
phase1_songs01,training_aggregate,train/avg_nll,44000,2026-09-08T09:24:12.742666Z,2.372743845
phase1_songs01,training_aggregate,train/avg_nll,45000,2026-09-08T09:25:16.516313Z,2.324331045
phase1_songs01,training_aggregate,train/avg_nll,46000,2026-09-08T09:26:19.220540Z,2.277828217
phase1_songs01,training_aggregate,train/avg_nll,47000,2026-09-08T09:27:22.971071Z,2.220401525
phase1_songs01,training_aggregate,train/avg_nll,48000,2026-09-08T09:28:26.523149Z,2.181666613
phase1_songs01,training_aggregate,train/avg_nll,49000,2026-09-08T09:29:28.073588Z,2.172329426
phase1_songs01,training_aggregate,train/avg_nll,50000,2026-09-08T09:30:29.245147Z,2.107532024
phase1_songs01,training_aggregate,train/avg_nll,51000,2026-09-08T09:32:00.370344Z,2.070371628
phase1_songs01,training_aggregate,train/avg_nll,52000,2026-09-08T09:33:00.437201Z,2.029980659
phase1_songs01,training_aggregate,train/avg_nll,53000,2026-09-08T09:34:00.908676Z,2.001634598
phase1_songs01,training_aggregate,train/avg_nll,54000,2026-09-08T09:35:05.146017Z,1.96675086
phase1_songs01,training_aggregate,train/avg_nll,55000,2026-09-08T09:36:07.029504Z,1.917380452
phase1_songs01,training_aggregate,train/avg_nll,56000,2026-09-08T09:37:09.732916Z,1.884120941
phase1_songs01,training_aggregate,train/avg_nll,57000,2026-09-08T09:38:09.750473Z,1.84455204
phase1_songs01,training_aggregate,train/avg_nll,58000,2026-09-08T09:39:10.703780Z,1.811531544
phase1_songs01,training_aggregate,train/avg_nll,59000,2026-09-08T09:40:12.642524Z,1.76144135
phase1_songs01,training_aggregate,train/avg_nll,60000,2026-09-08T09:41:14.953065Z,1.742269635
phase1_songs01,training_aggregate,train/avg_nll,61000,2026-09-08T09:42:28.735653Z,1.713263392
phase1_songs01,training_aggregate,train/avg_nll,62000,2026-09-08T09:43:29.481279Z,1.686641455
phase1_songs01,training_aggregate,train/avg_nll,63000,2026-09-08T09:44:32.154661Z,1.653234839
phase1_songs01,training_aggregate,train/avg_nll,64000,2026-09-08T09:45:35.817247Z,1.624800205
phase1_songs01,training_aggregate,train/avg_nll,65000,2026-09-08T09:46:36.860790Z,1.596961737
phase1_songs01,training_aggregate,train/avg_nll,66000,2026-09-08T09:47:41.103205Z,1.591142416
phase1_songs01,training_aggregate,train/avg_nll,67000,2026-09-08T09:48:43.814878Z,1.547183633
phase1_songs01,training_aggregate,train/avg_nll,68000,2026-09-08T09:49:47.583600Z,1.525475144
phase1_songs01,training_aggregate,train/avg_nll,69000,2026-09-08T09:50:50.335332Z,1.500522375
phase1_songs01,training_aggregate,train/avg_nll,70000,2026-09-08T09:51:55.714906Z,1.493643284
phase1_songs01,training_aggregate,train/avg_ppl,1000,2026-09-08T08:38:55.470869Z,4527.774414
phase1_songs01,training_aggregate,train/avg_ppl,2000,2026-09-08T08:39:51.101835Z,561.6348877
phase1_songs01,training_aggregate,train/avg_ppl,3000,2026-09-08T08:40:49.085601Z,410.8316345
phase1_songs01,training_aggregate,train/avg_ppl,4000,2026-09-08T08:41:45.113601Z,336.7064819
phase1_songs01,training_aggregate,train/avg_ppl,5000,2026-09-08T08:42:41.193579Z,289.265625
phase1_songs01,training_aggregate,train/avg_ppl,6000,2026-09-08T08:43:38.582980Z,257.7596436
phase1_songs01,training_aggregate,train/avg_ppl,7000,2026-09-08T08:44:37.614339Z,233.1103363
phase1_songs01,training_aggregate,train/avg_ppl,8000,2026-09-08T08:45:41.177835Z,208.3395081
phase1_songs01,training_aggregate,train/avg_ppl,9000,2026-09-08T08:46:42.970215Z,185.1830597
phase1_songs01,training_aggregate,train/avg_ppl,10000,2026-09-08T08:47:47.563312Z,163.6904297
phase1_songs01,training_aggregate,train/avg_ppl,11000,2026-09-08T08:49:05.097597Z,142.710083
phase1_songs01,training_aggregate,train/avg_ppl,12000,2026-09-08T08:50:10.852281Z,128.0549622
phase1_songs01,training_aggregate,train/avg_ppl,13000,2026-09-08T08:51:15.351467Z,113.8620071
phase1_songs01,training_aggregate,train/avg_ppl,14000,2026-09-08T08:52:14.984188Z,101.962326
phase1_songs01,training_aggregate,train/avg_ppl,15000,2026-09-08T08:53:15.025538Z,90.62411499
phase1_songs01,training_aggregate,train/avg_ppl,16000,2026-09-08T08:54:19.273476Z,82.411026
phase1_songs01,training_aggregate,train/avg_ppl,17000,2026-09-08T08:55:24.279631Z,73.12349701
phase1_songs01,training_aggregate,train/avg_ppl,18000,2026-09-08T08:56:25.795425Z,65.31681824
phase1_songs01,training_aggregate,train/avg_ppl,19000,2026-09-08T08:57:26.394356Z,59.29242706
phase1_songs01,training_aggregate,train/avg_ppl,20000,2026-09-08T08:58:26.311047Z,53.69195938
phase1_songs01,training_aggregate,train/avg_ppl,21000,2026-09-08T08:59:43.546163Z,48.92141342
phase1_songs01,training_aggregate,train/avg_ppl,22000,2026-09-08T09:00:46.013246Z,44.51597214
phase1_songs01,training_aggregate,train/avg_ppl,23000,2026-09-08T09:01:48.706349Z,40.82902145
phase1_songs01,training_aggregate,train/avg_ppl,24000,2026-09-08T09:02:51.023172Z,37.37710953
phase1_songs01,training_aggregate,train/avg_ppl,25000,2026-09-08T09:03:52.606428Z,34.45065689
phase1_songs01,training_aggregate,train/avg_ppl,26000,2026-09-08T09:04:56.059601Z,32.21143341
phase1_songs01,training_aggregate,train/avg_ppl,27000,2026-09-08T09:05:57.875219Z,29.99106407
phase1_songs01,training_aggregate,train/avg_ppl,28000,2026-09-08T09:06:59.651015Z,28.15759277
phase1_songs01,training_aggregate,train/avg_ppl,29000,2026-09-08T09:08:01.704329Z,26.18044853
phase1_songs01,training_aggregate,train/avg_ppl,30000,2026-09-08T09:09:05.533091Z,24.56403732
phase1_songs01,training_aggregate,train/avg_ppl,31000,2026-09-08T09:10:23.185317Z,23.16156387
phase1_songs01,training_aggregate,train/avg_ppl,32000,2026-09-08T09:11:27.787321Z,21.6131916
phase1_songs01,training_aggregate,train/avg_ppl,33000,2026-09-08T09:12:33.505321Z,20.99230576
phase1_songs01,training_aggregate,train/avg_ppl,34000,2026-09-08T09:13:35.150881Z,19.76785088
phase1_songs01,training_aggregate,train/avg_ppl,35000,2026-09-08T09:14:39.389516Z,18.57039452
phase1_songs01,training_aggregate,train/avg_ppl,36000,2026-09-08T09:15:42.604459Z,17.71841049
phase1_songs01,training_aggregate,train/avg_ppl,37000,2026-09-08T09:16:41.790185Z,16.47930717
phase1_songs01,training_aggregate,train/avg_ppl,38000,2026-09-08T09:17:44.515755Z,15.62798691
phase1_songs01,training_aggregate,train/avg_ppl,39000,2026-09-08T09:18:47.316980Z,14.50008488
phase1_songs01,training_aggregate,train/avg_ppl,40000,2026-09-08T09:19:51.172210Z,13.7694397
phase1_songs01,training_aggregate,train/avg_ppl,41000,2026-09-08T09:21:06.990745Z,12.90589523
phase1_songs01,training_aggregate,train/avg_ppl,42000,2026-09-08T09:22:11.263253Z,12.67379093
phase1_songs01,training_aggregate,train/avg_ppl,43000,2026-09-08T09:23:10.526707Z,11.90473652
phase1_songs01,training_aggregate,train/avg_ppl,44000,2026-09-08T09:24:12.742598Z,11.17900562
phase1_songs01,training_aggregate,train/avg_ppl,45000,2026-09-08T09:25:16.516261Z,10.71456623
phase1_songs01,training_aggregate,train/avg_ppl,46000,2026-09-08T09:26:19.220414Z,10.18094444
phase1_songs01,training_aggregate,train/avg_ppl,47000,2026-09-08T09:27:22.971022Z,9.645367622
phase1_songs01,training_aggregate,train/avg_ppl,48000,2026-09-08T09:28:26.523089Z,9.260979652
phase1_songs01,training_aggregate,train/avg_ppl,49000,2026-09-08T09:29:28.073486Z,9.217170715
phase1_songs01,training_aggregate,train/avg_ppl,50000,2026-09-08T09:30:29.245096Z,8.600977898
phase1_songs01,training_aggregate,train/avg_ppl,51000,2026-09-08T09:32:00.370275Z,8.314865112
phase1_songs01,training_aggregate,train/avg_ppl,52000,2026-09-08T09:33:00.437066Z,8.021260262
phase1_songs01,training_aggregate,train/avg_ppl,53000,2026-09-08T09:34:00.908603Z,7.738945484
phase1_songs01,training_aggregate,train/avg_ppl,54000,2026-09-08T09:35:05.145961Z,7.512378693
phase1_songs01,training_aggregate,train/avg_ppl,55000,2026-09-08T09:36:07.029398Z,7.149021626
phase1_songs01,training_aggregate,train/avg_ppl,56000,2026-09-08T09:37:09.732863Z,6.912261009
phase1_songs01,training_aggregate,train/avg_ppl,57000,2026-09-08T09:38:09.750365Z,6.65082407
phase1_songs01,training_aggregate,train/avg_ppl,58000,2026-09-08T09:39:10.703731Z,6.439347267
phase1_songs01,training_aggregate,train/avg_ppl,59000,2026-09-08T09:40:12.642471Z,6.128355026
phase1_songs01,training_aggregate,train/avg_ppl,60000,2026-09-08T09:41:14.952949Z,5.991246223
phase1_songs01,training_aggregate,train/avg_ppl,61000,2026-09-08T09:42:28.735535Z,5.799432755
phase1_songs01,training_aggregate,train/avg_ppl,62000,2026-09-08T09:43:29.481173Z,5.653721333
phase1_songs01,training_aggregate,train/avg_ppl,63000,2026-09-08T09:44:32.154533Z,5.487551689
phase1_songs01,training_aggregate,train/avg_ppl,64000,2026-09-08T09:45:35.817153Z,5.331964016
phase1_songs01,training_aggregate,train/avg_ppl,65000,2026-09-08T09:46:36.860689Z,5.168803692
phase1_songs01,training_aggregate,train/avg_ppl,66000,2026-09-08T09:47:41.103154Z,5.174803734
phase1_songs01,training_aggregate,train/avg_ppl,67000,2026-09-08T09:48:43.814741Z,4.914165974
phase1_songs01,training_aggregate,train/avg_ppl,68000,2026-09-08T09:49:47.583480Z,4.829591274
phase1_songs01,training_aggregate,train/avg_ppl,69000,2026-09-08T09:50:50.335218Z,4.687614441
phase1_songs01,training_aggregate,train/avg_ppl,70000,2026-09-08T09:51:55.714786Z,4.647509098
phase1_songs01,validation_metric,val/combined_loss,10000,2026-09-08T08:47:48.070241Z,5.141078949
phase1_songs01,validation_metric,val/combined_loss,20000,2026-09-08T08:58:26.814269Z,5.301802635
phase1_songs01,validation_metric,val/combined_loss,30000,2026-09-08T09:09:06.011587Z,5.650024891
phase1_songs01,validation_metric,val/combined_loss,40000,2026-09-08T09:19:51.872457Z,5.990579128
phase1_songs01,validation_metric,val/combined_loss,50000,2026-09-08T09:30:29.698538Z,6.31206131
phase1_songs01,validation_metric,val/combined_loss,60000,2026-09-08T09:41:15.434925Z,6.801231384
phase1_songs01,validation_metric,val/combined_loss,70000,2026-09-08T09:51:56.192251Z,6.91476059
phase1_songs01,validation_metric,val/high_acc_top1,10000,2026-09-08T08:47:48.069817Z,0.007486979477
phase1_songs01,validation_metric,val/high_acc_top1,20000,2026-09-08T08:58:26.813323Z,0.005533854477
phase1_songs01,validation_metric,val/high_acc_top1,30000,2026-09-08T09:09:06.010844Z,0.003580729244
phase1_songs01,validation_metric,val/high_acc_top1,40000,2026-09-08T09:19:51.871985Z,0.006184895989
phase1_songs01,validation_metric,val/high_acc_top1,50000,2026-09-08T09:30:29.697831Z,0.005859375
phase1_songs01,validation_metric,val/high_acc_top1,60000,2026-09-08T09:41:15.433274Z,0.007486979477
phase1_songs01,validation_metric,val/high_acc_top1,70000,2026-09-08T09:51:56.191767Z,0.01497395895
phase1_songs01,validation_metric,val/high_acc_top5,10000,2026-09-08T08:47:48.069823Z,0.02897135541
phase1_songs01,validation_metric,val/high_acc_top5,20000,2026-09-08T08:58:26.813330Z,0.02994791791
phase1_songs01,validation_metric,val/high_acc_top5,30000,2026-09-08T09:09:06.010850Z,0.0322265625
phase1_songs01,validation_metric,val/high_acc_top5,40000,2026-09-08T09:19:51.871991Z,0.029296875
phase1_songs01,validation_metric,val/high_acc_top5,50000,2026-09-08T09:30:29.697838Z,0.03255208582
phase1_songs01,validation_metric,val/high_acc_top5,60000,2026-09-08T09:41:15.433281Z,0.02376302145
phase1_songs01,validation_metric,val/high_acc_top5,70000,2026-09-08T09:51:56.191774Z,0.02473958395
phase1_songs01,validation_metric,val/high_len_1_acc_top1,10000,2026-09-08T08:47:47.964178Z,0
phase1_songs01,validation_metric,val/high_len_1_acc_top1,20000,2026-09-08T08:58:26.683292Z,0
phase1_songs01,validation_metric,val/high_len_1_acc_top1,30000,2026-09-08T09:09:05.885768Z,0
phase1_songs01,validation_metric,val/high_len_1_acc_top1,40000,2026-09-08T09:19:51.747441Z,0.015625
phase1_songs01,validation_metric,val/high_len_1_acc_top1,50000,2026-09-08T09:30:29.595349Z,0
phase1_songs01,validation_metric,val/high_len_1_acc_top1,60000,2026-09-08T09:41:15.325063Z,0.015625
phase1_songs01,validation_metric,val/high_len_1_acc_top1,70000,2026-09-08T09:51:56.072785Z,0.03125
phase1_songs01,validation_metric,val/high_len_1_acc_top5,10000,2026-09-08T08:47:47.964186Z,0.03125
phase1_songs01,validation_metric,val/high_len_1_acc_top5,20000,2026-09-08T08:58:26.683299Z,0.046875
phase1_songs01,validation_metric,val/high_len_1_acc_top5,30000,2026-09-08T09:09:05.885775Z,0.03125
phase1_songs01,validation_metric,val/high_len_1_acc_top5,40000,2026-09-08T09:19:51.747448Z,0.046875
phase1_songs01,validation_metric,val/high_len_1_acc_top5,50000,2026-09-08T09:30:29.595356Z,0.046875
phase1_songs01,validation_metric,val/high_len_1_acc_top5,60000,2026-09-08T09:41:15.325073Z,0.015625
phase1_songs01,validation_metric,val/high_len_1_acc_top5,70000,2026-09-08T09:51:56.072793Z,0.03125
phase1_songs01,validation_metric,val/high_len_1_loss,10000,2026-09-08T08:47:47.964118Z,6.604125977
phase1_songs01,validation_metric,val/high_len_1_loss,20000,2026-09-08T08:58:26.683246Z,6.827423096
phase1_songs01,validation_metric,val/high_len_1_loss,30000,2026-09-08T09:09:05.885724Z,7.417694092
phase1_songs01,validation_metric,val/high_len_1_loss,40000,2026-09-08T09:19:51.747390Z,7.968994141
phase1_songs01,validation_metric,val/high_len_1_loss,50000,2026-09-08T09:30:29.595301Z,8.319763184
phase1_songs01,validation_metric,val/high_len_1_loss,60000,2026-09-08T09:41:15.325001Z,8.401748657
phase1_songs01,validation_metric,val/high_len_1_loss,70000,2026-09-08T09:51:56.072735Z,8.749656677
phase1_songs01,validation_metric,val/high_len_1_nll,10000,2026-09-08T08:47:47.964153Z,6.604125977
phase1_songs01,validation_metric,val/high_len_1_nll,20000,2026-09-08T08:58:26.683275Z,6.827423096
phase1_songs01,validation_metric,val/high_len_1_nll,30000,2026-09-08T09:09:05.885752Z,7.417694092
phase1_songs01,validation_metric,val/high_len_1_nll,40000,2026-09-08T09:19:51.747422Z,7.968994141
phase1_songs01,validation_metric,val/high_len_1_nll,50000,2026-09-08T09:30:29.595330Z,8.319763184
phase1_songs01,validation_metric,val/high_len_1_nll,60000,2026-09-08T09:41:15.325039Z,8.401748657
phase1_songs01,validation_metric,val/high_len_1_nll,70000,2026-09-08T09:51:56.072766Z,8.749656677
phase1_songs01,validation_metric,val/high_len_1_ppl,10000,2026-09-08T08:47:47.964167Z,738.1344604
phase1_songs01,validation_metric,val/high_len_1_ppl,20000,2026-09-08T08:58:26.683285Z,922.8097534
phase1_songs01,validation_metric,val/high_len_1_ppl,30000,2026-09-08T09:09:05.885761Z,1665.189331
phase1_songs01,validation_metric,val/high_len_1_ppl,40000,2026-09-08T09:19:51.747432Z,2889.948975
phase1_songs01,validation_metric,val/high_len_1_ppl,50000,2026-09-08T09:30:29.595342Z,4104.187988
phase1_songs01,validation_metric,val/high_len_1_ppl,60000,2026-09-08T09:41:15.325052Z,4454.850098
phase1_songs01,validation_metric,val/high_len_1_ppl,70000,2026-09-08T09:51:56.072777Z,6308.521973
phase1_songs01,validation_metric,val/high_len_2_acc_top1,10000,2026-09-08T08:47:47.980358Z,0
phase1_songs01,validation_metric,val/high_len_2_acc_top1,20000,2026-09-08T08:58:26.700227Z,0
phase1_songs01,validation_metric,val/high_len_2_acc_top1,30000,2026-09-08T09:09:05.900453Z,0
phase1_songs01,validation_metric,val/high_len_2_acc_top1,40000,2026-09-08T09:19:51.762582Z,0
phase1_songs01,validation_metric,val/high_len_2_acc_top1,50000,2026-09-08T09:30:29.609767Z,0
phase1_songs01,validation_metric,val/high_len_2_acc_top1,60000,2026-09-08T09:41:15.342189Z,0
phase1_songs01,validation_metric,val/high_len_2_acc_top1,70000,2026-09-08T09:51:56.088450Z,0
phase1_songs01,validation_metric,val/high_len_2_acc_top5,10000,2026-09-08T08:47:47.980365Z,0.015625
phase1_songs01,validation_metric,val/high_len_2_acc_top5,20000,2026-09-08T08:58:26.700234Z,0.015625
phase1_songs01,validation_metric,val/high_len_2_acc_top5,30000,2026-09-08T09:09:05.900460Z,0.03125
phase1_songs01,validation_metric,val/high_len_2_acc_top5,40000,2026-09-08T09:19:51.762589Z,0.015625
phase1_songs01,validation_metric,val/high_len_2_acc_top5,50000,2026-09-08T09:30:29.609774Z,0
phase1_songs01,validation_metric,val/high_len_2_acc_top5,60000,2026-09-08T09:41:15.342196Z,0.015625
phase1_songs01,validation_metric,val/high_len_2_acc_top5,70000,2026-09-08T09:51:56.088456Z,0.0078125
phase1_songs01,validation_metric,val/high_len_2_loss,10000,2026-09-08T08:47:47.980307Z,6.812759399
phase1_songs01,validation_metric,val/high_len_2_loss,20000,2026-09-08T08:58:26.700186Z,7.279388428
phase1_songs01,validation_metric,val/high_len_2_loss,30000,2026-09-08T09:09:05.900409Z,7.613037109
phase1_songs01,validation_metric,val/high_len_2_loss,40000,2026-09-08T09:19:51.762539Z,8.439941406
phase1_songs01,validation_metric,val/high_len_2_loss,50000,2026-09-08T09:30:29.609720Z,9.061050415
phase1_songs01,validation_metric,val/high_len_2_loss,60000,2026-09-08T09:41:15.342146Z,9.510025024
phase1_songs01,validation_metric,val/high_len_2_loss,70000,2026-09-08T09:51:56.088406Z,10.0032196
phase1_songs01,validation_metric,val/high_len_2_nll,10000,2026-09-08T08:47:47.980337Z,6.812759399
phase1_songs01,validation_metric,val/high_len_2_nll,20000,2026-09-08T08:58:26.700211Z,7.279388428
phase1_songs01,validation_metric,val/high_len_2_nll,30000,2026-09-08T09:09:05.900437Z,7.613037109
phase1_songs01,validation_metric,val/high_len_2_nll,40000,2026-09-08T09:19:51.762566Z,8.439941406
phase1_songs01,validation_metric,val/high_len_2_nll,50000,2026-09-08T09:30:29.609748Z,9.061050415
phase1_songs01,validation_metric,val/high_len_2_nll,60000,2026-09-08T09:41:15.342173Z,9.510025024
phase1_songs01,validation_metric,val/high_len_2_nll,70000,2026-09-08T09:51:56.088434Z,10.0032196
phase1_songs01,validation_metric,val/high_len_2_ppl,10000,2026-09-08T08:47:47.980350Z,909.376709
phase1_songs01,validation_metric,val/high_len_2_ppl,20000,2026-09-08T08:58:26.700220Z,1450.100952
phase1_songs01,validation_metric,val/high_len_2_ppl,30000,2026-09-08T09:09:05.900446Z,2024.417114
phase1_songs01,validation_metric,val/high_len_2_ppl,40000,2026-09-08T09:19:51.762575Z,4628.283691
phase1_songs01,validation_metric,val/high_len_2_ppl,50000,2026-09-08T09:30:29.609760Z,8613.193359
phase1_songs01,validation_metric,val/high_len_2_ppl,60000,2026-09-08T09:41:15.342182Z,13494.33203
phase1_songs01,validation_metric,val/high_len_2_ppl,70000,2026-09-08T09:51:56.088442Z,22097.49609
phase1_songs01,validation_metric,val/high_len_3_acc_top1,10000,2026-09-08T08:47:47.995931Z,0.01041666698
phase1_songs01,validation_metric,val/high_len_3_acc_top1,20000,2026-09-08T08:58:26.715286Z,0.01041666698
phase1_songs01,validation_metric,val/high_len_3_acc_top1,30000,2026-09-08T09:09:05.931952Z,0.01041666698
phase1_songs01,validation_metric,val/high_len_3_acc_top1,40000,2026-09-08T09:19:51.778202Z,0.005208333489
phase1_songs01,validation_metric,val/high_len_3_acc_top1,50000,2026-09-08T09:30:29.624564Z,0.015625
phase1_songs01,validation_metric,val/high_len_3_acc_top1,60000,2026-09-08T09:41:15.359192Z,0.01041666698
phase1_songs01,validation_metric,val/high_len_3_acc_top1,70000,2026-09-08T09:51:56.103637Z,0.02083333395
phase1_songs01,validation_metric,val/high_len_3_acc_top5,10000,2026-09-08T08:47:47.995938Z,0.02604166791
phase1_songs01,validation_metric,val/high_len_3_acc_top5,20000,2026-09-08T08:58:26.715293Z,0.02604166791
phase1_songs01,validation_metric,val/high_len_3_acc_top5,30000,2026-09-08T09:09:05.931961Z,0.046875
phase1_songs01,validation_metric,val/high_len_3_acc_top5,40000,2026-09-08T09:19:51.778208Z,0.03125
phase1_songs01,validation_metric,val/high_len_3_acc_top5,50000,2026-09-08T09:30:29.624571Z,0.03645833582
phase1_songs01,validation_metric,val/high_len_3_acc_top5,60000,2026-09-08T09:41:15.359199Z,0.03645833582
phase1_songs01,validation_metric,val/high_len_3_acc_top5,70000,2026-09-08T09:51:56.103644Z,0.03645833582
phase1_songs01,validation_metric,val/high_len_3_loss,10000,2026-09-08T08:47:47.995884Z,6.758077145
phase1_songs01,validation_metric,val/high_len_3_loss,20000,2026-09-08T08:58:26.715243Z,7.066833496
phase1_songs01,validation_metric,val/high_len_3_loss,30000,2026-09-08T09:09:05.931892Z,7.322321415
phase1_songs01,validation_metric,val/high_len_3_loss,40000,2026-09-08T09:19:51.778160Z,8.107499123
phase1_songs01,validation_metric,val/high_len_3_loss,50000,2026-09-08T09:30:29.624519Z,8.444561958
phase1_songs01,validation_metric,val/high_len_3_loss,60000,2026-09-08T09:41:15.359151Z,9.167895317
phase1_songs01,validation_metric,val/high_len_3_loss,70000,2026-09-08T09:51:56.103593Z,9.500039101
phase1_songs01,validation_metric,val/high_len_3_nll,10000,2026-09-08T08:47:47.995911Z,6.758077145
phase1_songs01,validation_metric,val/high_len_3_nll,20000,2026-09-08T08:58:26.715270Z,7.066833496
phase1_songs01,validation_metric,val/high_len_3_nll,30000,2026-09-08T09:09:05.931929Z,7.322321415
phase1_songs01,validation_metric,val/high_len_3_nll,40000,2026-09-08T09:19:51.778185Z,8.107499123
phase1_songs01,validation_metric,val/high_len_3_nll,50000,2026-09-08T09:30:29.624545Z,8.444561958
phase1_songs01,validation_metric,val/high_len_3_nll,60000,2026-09-08T09:41:15.359175Z,9.167895317
phase1_songs01,validation_metric,val/high_len_3_nll,70000,2026-09-08T09:51:56.103620Z,9.500039101
phase1_songs01,validation_metric,val/high_len_3_ppl,10000,2026-09-08T08:47:47.995923Z,860.9850464
phase1_songs01,validation_metric,val/high_len_3_ppl,20000,2026-09-08T08:58:26.715279Z,1172.429688
phase1_songs01,validation_metric,val/high_len_3_ppl,30000,2026-09-08T09:09:05.931941Z,1513.713867
phase1_songs01,validation_metric,val/high_len_3_ppl,40000,2026-09-08T09:19:51.778194Z,3319.266602
phase1_songs01,validation_metric,val/high_len_3_ppl,50000,2026-09-08T09:30:29.624556Z,4649.718262
phase1_songs01,validation_metric,val/high_len_3_ppl,60000,2026-09-08T09:41:15.359184Z,9584.431641
phase1_songs01,validation_metric,val/high_len_3_ppl,70000,2026-09-08T09:51:56.103630Z,13360.24902
phase1_songs01,validation_metric,val/high_len_4_acc_top1,10000,2026-09-08T08:47:48.011577Z,0.01953125
phase1_songs01,validation_metric,val/high_len_4_acc_top1,20000,2026-09-08T08:58:26.750210Z,0.01171875
phase1_songs01,validation_metric,val/high_len_4_acc_top1,30000,2026-09-08T09:09:05.949518Z,0.00390625
phase1_songs01,validation_metric,val/high_len_4_acc_top1,40000,2026-09-08T09:19:51.793222Z,0.00390625
phase1_songs01,validation_metric,val/high_len_4_acc_top1,50000,2026-09-08T09:30:29.639490Z,0.0078125
phase1_songs01,validation_metric,val/high_len_4_acc_top1,60000,2026-09-08T09:41:15.373885Z,0.00390625
phase1_songs01,validation_metric,val/high_len_4_acc_top1,70000,2026-09-08T09:51:56.133404Z,0.0078125
phase1_songs01,validation_metric,val/high_len_4_acc_top5,10000,2026-09-08T08:47:48.011584Z,0.04296875
phase1_songs01,validation_metric,val/high_len_4_acc_top5,20000,2026-09-08T08:58:26.750223Z,0.03125
phase1_songs01,validation_metric,val/high_len_4_acc_top5,30000,2026-09-08T09:09:05.949525Z,0.01953125
phase1_songs01,validation_metric,val/high_len_4_acc_top5,40000,2026-09-08T09:19:51.793229Z,0.0234375
phase1_songs01,validation_metric,val/high_len_4_acc_top5,50000,2026-09-08T09:30:29.639497Z,0.046875
phase1_songs01,validation_metric,val/high_len_4_acc_top5,60000,2026-09-08T09:41:15.373892Z,0.02734375
phase1_songs01,validation_metric,val/high_len_4_acc_top5,70000,2026-09-08T09:51:56.133411Z,0.0234375
phase1_songs01,validation_metric,val/high_len_4_loss,10000,2026-09-08T08:47:48.011531Z,6.692131042
phase1_songs01,validation_metric,val/high_len_4_loss,20000,2026-09-08T08:58:26.750138Z,7.145536423
phase1_songs01,validation_metric,val/high_len_4_loss,30000,2026-09-08T09:09:05.949478Z,8.038692474
phase1_songs01,validation_metric,val/high_len_4_loss,40000,2026-09-08T09:19:51.793178Z,8.273212433
phase1_songs01,validation_metric,val/high_len_4_loss,50000,2026-09-08T09:30:29.639452Z,8.666938782
phase1_songs01,validation_metric,val/high_len_4_loss,60000,2026-09-08T09:41:15.373832Z,9.297359467
phase1_songs01,validation_metric,val/high_len_4_loss,70000,2026-09-08T09:51:56.133356Z,9.772712708
phase1_songs01,validation_metric,val/high_len_4_nll,10000,2026-09-08T08:47:48.011558Z,6.692131042
phase1_songs01,validation_metric,val/high_len_4_nll,20000,2026-09-08T08:58:26.750178Z,7.145536423
phase1_songs01,validation_metric,val/high_len_4_nll,30000,2026-09-08T09:09:05.949502Z,8.038692474
phase1_songs01,validation_metric,val/high_len_4_nll,40000,2026-09-08T09:19:51.793205Z,8.273212433
phase1_songs01,validation_metric,val/high_len_4_nll,50000,2026-09-08T09:30:29.639474Z,8.666938782
phase1_songs01,validation_metric,val/high_len_4_nll,60000,2026-09-08T09:41:15.373853Z,9.297359467
phase1_songs01,validation_metric,val/high_len_4_nll,70000,2026-09-08T09:51:56.133387Z,9.772712708
phase1_songs01,validation_metric,val/high_len_4_ppl,10000,2026-09-08T08:47:48.011570Z,806.038147
phase1_songs01,validation_metric,val/high_len_4_ppl,20000,2026-09-08T08:58:26.750196Z,1268.431519
phase1_songs01,validation_metric,val/high_len_4_ppl,30000,2026-09-08T09:09:05.949511Z,3098.559082
phase1_songs01,validation_metric,val/high_len_4_ppl,40000,2026-09-08T09:19:51.793214Z,3917.513428
phase1_songs01,validation_metric,val/high_len_4_ppl,50000,2026-09-08T09:30:29.639483Z,5807.693359
phase1_songs01,validation_metric,val/high_len_4_ppl,60000,2026-09-08T09:41:15.373862Z,10909.1748
phase1_songs01,validation_metric,val/high_len_4_ppl,70000,2026-09-08T09:51:56.133396Z,17548.30664
phase1_songs01,validation_metric,val/high_loss,10000,2026-09-08T08:47:48.069787Z,6.71677351
phase1_songs01,validation_metric,val/high_loss,20000,2026-09-08T08:58:26.813303Z,7.079795361
phase1_songs01,validation_metric,val/high_loss,30000,2026-09-08T09:09:06.010825Z,7.597936153
phase1_songs01,validation_metric,val/high_loss,40000,2026-09-08T09:19:51.871965Z,8.197411537
phase1_songs01,validation_metric,val/high_loss,50000,2026-09-08T09:30:29.697812Z,8.623078346
phase1_songs01,validation_metric,val/high_loss,60000,2026-09-08T09:41:15.433254Z,9.094257355
phase1_songs01,validation_metric,val/high_loss,70000,2026-09-08T09:51:56.191747Z,9.506406784
phase1_songs01,validation_metric,val/high_nll,10000,2026-09-08T08:47:48.069803Z,6.71677351
phase1_songs01,validation_metric,val/high_nll,20000,2026-09-08T08:58:26.813310Z,7.079795361
phase1_songs01,validation_metric,val/high_nll,30000,2026-09-08T09:09:06.010832Z,7.597936153
phase1_songs01,validation_metric,val/high_nll,40000,2026-09-08T09:19:51.871972Z,8.197411537
phase1_songs01,validation_metric,val/high_nll,50000,2026-09-08T09:30:29.697819Z,8.623078346
phase1_songs01,validation_metric,val/high_nll,60000,2026-09-08T09:41:15.433261Z,9.094257355
phase1_songs01,validation_metric,val/high_nll,70000,2026-09-08T09:51:56.191754Z,9.506406784
phase1_songs01,validation_metric,val/high_ppl,10000,2026-09-08T08:47:48.069811Z,826.147522
phase1_songs01,validation_metric,val/high_ppl,20000,2026-09-08T08:58:26.813317Z,1187.725464
phase1_songs01,validation_metric,val/high_ppl,30000,2026-09-08T09:09:06.010838Z,1994.076416
phase1_songs01,validation_metric,val/high_ppl,40000,2026-09-08T09:19:51.871979Z,3631.538818
phase1_songs01,validation_metric,val/high_ppl,50000,2026-09-08T09:30:29.697825Z,5558.472168
phase1_songs01,validation_metric,val/high_ppl,60000,2026-09-08T09:41:15.433268Z,8904.010742
phase1_songs01,validation_metric,val/high_ppl,70000,2026-09-08T09:51:56.191761Z,13445.59766
phase1_songs01,validation_metric,val/low_acc_top1,10000,2026-09-08T08:47:48.070038Z,0.08626302332
phase1_songs01,validation_metric,val/low_acc_top1,20000,2026-09-08T08:58:26.813758Z,0.1168619841
phase1_songs01,validation_metric,val/low_acc_top1,30000,2026-09-08T09:09:06.011264Z,0.115234375
phase1_songs01,validation_metric,val/low_acc_top1,40000,2026-09-08T09:19:51.872257Z,0.08235677332
phase1_songs01,validation_metric,val/low_acc_top1,50000,2026-09-08T09:30:29.698243Z,0.07486979663
phase1_songs01,validation_metric,val/low_acc_top1,60000,2026-09-08T09:41:15.433706Z,0.08138021082
phase1_songs01,validation_metric,val/low_acc_top1,70000,2026-09-08T09:51:56.192096Z,0.09016927332
phase1_songs01,validation_metric,val/low_acc_top5,10000,2026-09-08T08:47:48.070095Z,0.4091796875
phase1_songs01,validation_metric,val/low_acc_top5,20000,2026-09-08T08:58:26.814001Z,0.3974609375
phase1_songs01,validation_metric,val/low_acc_top5,30000,2026-09-08T09:09:06.011409Z,0.4052734375
phase1_songs01,validation_metric,val/low_acc_top5,40000,2026-09-08T09:19:51.872317Z,0.3323567808
phase1_songs01,validation_metric,val/low_acc_top5,50000,2026-09-08T09:30:29.698351Z,0.3675130308
phase1_songs01,validation_metric,val/low_acc_top5,60000,2026-09-08T09:41:15.433831Z,0.3020833433
phase1_songs01,validation_metric,val/low_acc_top5,70000,2026-09-08T09:51:56.192108Z,0.375
phase1_songs01,validation_metric,val/low_len_1_acc_top1,10000,2026-09-08T08:47:48.025743Z,0.109375
phase1_songs01,validation_metric,val/low_len_1_acc_top1,20000,2026-09-08T08:58:26.768218Z,0.140625
phase1_songs01,validation_metric,val/low_len_1_acc_top1,30000,2026-09-08T09:09:05.964816Z,0.1875
phase1_songs01,validation_metric,val/low_len_1_acc_top1,40000,2026-09-08T09:19:51.810632Z,0.109375
phase1_songs01,validation_metric,val/low_len_1_acc_top1,50000,2026-09-08T09:30:29.653396Z,0.078125
phase1_songs01,validation_metric,val/low_len_1_acc_top1,60000,2026-09-08T09:41:15.388975Z,0.09375
phase1_songs01,validation_metric,val/low_len_1_acc_top1,70000,2026-09-08T09:51:56.147720Z,0.078125
phase1_songs01,validation_metric,val/low_len_1_acc_top5,10000,2026-09-08T08:47:48.025750Z,0.4375
phase1_songs01,validation_metric,val/low_len_1_acc_top5,20000,2026-09-08T08:58:26.768225Z,0.53125
phase1_songs01,validation_metric,val/low_len_1_acc_top5,30000,2026-09-08T09:09:05.964822Z,0.515625
phase1_songs01,validation_metric,val/low_len_1_acc_top5,40000,2026-09-08T09:19:51.810639Z,0.40625
phase1_songs01,validation_metric,val/low_len_1_acc_top5,50000,2026-09-08T09:30:29.653403Z,0.453125
phase1_songs01,validation_metric,val/low_len_1_acc_top5,60000,2026-09-08T09:41:15.388982Z,0.3125
phase1_songs01,validation_metric,val/low_len_1_acc_top5,70000,2026-09-08T09:51:56.147727Z,0.453125
phase1_songs01,validation_metric,val/low_len_1_loss,10000,2026-09-08T08:47:48.025697Z,3.286296844
phase1_songs01,validation_metric,val/low_len_1_loss,20000,2026-09-08T08:58:26.768174Z,3.149096012
phase1_songs01,validation_metric,val/low_len_1_loss,30000,2026-09-08T09:09:05.964767Z,3.253833771
phase1_songs01,validation_metric,val/low_len_1_loss,40000,2026-09-08T09:19:51.810586Z,3.45735836
phase1_songs01,validation_metric,val/low_len_1_loss,50000,2026-09-08T09:30:29.653359Z,3.689178467
phase1_songs01,validation_metric,val/low_len_1_loss,60000,2026-09-08T09:41:15.388933Z,4.371391296
phase1_songs01,validation_metric,val/low_len_1_loss,70000,2026-09-08T09:51:56.147681Z,4.031387329
phase1_songs01,validation_metric,val/low_len_1_nll,10000,2026-09-08T08:47:48.025724Z,3.286296844
phase1_songs01,validation_metric,val/low_len_1_nll,20000,2026-09-08T08:58:26.768201Z,3.149096012
phase1_songs01,validation_metric,val/low_len_1_nll,30000,2026-09-08T09:09:05.964793Z,3.253833771
phase1_songs01,validation_metric,val/low_len_1_nll,40000,2026-09-08T09:19:51.810614Z,3.45735836
phase1_songs01,validation_metric,val/low_len_1_nll,50000,2026-09-08T09:30:29.653380Z,3.689178467
phase1_songs01,validation_metric,val/low_len_1_nll,60000,2026-09-08T09:41:15.388958Z,4.371391296
phase1_songs01,validation_metric,val/low_len_1_nll,70000,2026-09-08T09:51:56.147704Z,4.031387329
phase1_songs01,validation_metric,val/low_len_1_ppl,10000,2026-09-08T08:47:48.025736Z,26.74364471
phase1_songs01,validation_metric,val/low_len_1_ppl,20000,2026-09-08T08:58:26.768210Z,23.31497765
phase1_songs01,validation_metric,val/low_len_1_ppl,30000,2026-09-08T09:09:05.964808Z,25.8894043
phase1_songs01,validation_metric,val/low_len_1_ppl,40000,2026-09-08T09:19:51.810623Z,31.73303795
phase1_songs01,validation_metric,val/low_len_1_ppl,50000,2026-09-08T09:30:29.653389Z,40.01196289
phase1_songs01,validation_metric,val/low_len_1_ppl,60000,2026-09-08T09:41:15.388968Z,79.15367889
phase1_songs01,validation_metric,val/low_len_1_ppl,70000,2026-09-08T09:51:56.147713Z,56.33901596
phase1_songs01,validation_metric,val/low_len_2_acc_top1,10000,2026-09-08T08:47:48.040259Z,0.0703125
phase1_songs01,validation_metric,val/low_len_2_acc_top1,20000,2026-09-08T08:58:26.782959Z,0.1015625
phase1_songs01,validation_metric,val/low_len_2_acc_top1,30000,2026-09-08T09:09:05.980206Z,0.0703125
phase1_songs01,validation_metric,val/low_len_2_acc_top1,40000,2026-09-08T09:19:51.825352Z,0.0625
phase1_songs01,validation_metric,val/low_len_2_acc_top1,50000,2026-09-08T09:30:29.667635Z,0.0390625
phase1_songs01,validation_metric,val/low_len_2_acc_top1,60000,2026-09-08T09:41:15.403580Z,0.046875
phase1_songs01,validation_metric,val/low_len_2_acc_top1,70000,2026-09-08T09:51:56.162485Z,0.078125
phase1_songs01,validation_metric,val/low_len_2_acc_top5,10000,2026-09-08T08:47:48.040266Z,0.375
phase1_songs01,validation_metric,val/low_len_2_acc_top5,20000,2026-09-08T08:58:26.782966Z,0.265625
phase1_songs01,validation_metric,val/low_len_2_acc_top5,30000,2026-09-08T09:09:05.980217Z,0.3046875
phase1_songs01,validation_metric,val/low_len_2_acc_top5,40000,2026-09-08T09:19:51.825359Z,0.2265625
phase1_songs01,validation_metric,val/low_len_2_acc_top5,50000,2026-09-08T09:30:29.667642Z,0.21875
phase1_songs01,validation_metric,val/low_len_2_acc_top5,60000,2026-09-08T09:41:15.403587Z,0.2421875
phase1_songs01,validation_metric,val/low_len_2_acc_top5,70000,2026-09-08T09:51:56.162491Z,0.21875
phase1_songs01,validation_metric,val/low_len_2_loss,10000,2026-09-08T08:47:48.040214Z,3.959060669
phase1_songs01,validation_metric,val/low_len_2_loss,20000,2026-09-08T08:58:26.782920Z,4.054040909
phase1_songs01,validation_metric,val/low_len_2_loss,30000,2026-09-08T09:09:05.980150Z,4.196180344
phase1_songs01,validation_metric,val/low_len_2_loss,40000,2026-09-08T09:19:51.825310Z,4.298734665
phase1_songs01,validation_metric,val/low_len_2_loss,50000,2026-09-08T09:30:29.667597Z,4.575804234
phase1_songs01,validation_metric,val/low_len_2_loss,60000,2026-09-08T09:41:15.403543Z,4.936401367
phase1_songs01,validation_metric,val/low_len_2_loss,70000,2026-09-08T09:51:56.162445Z,5.087161064
phase1_songs01,validation_metric,val/low_len_2_nll,10000,2026-09-08T08:47:48.040240Z,3.959060669
phase1_songs01,validation_metric,val/low_len_2_nll,20000,2026-09-08T08:58:26.782943Z,4.054040909
phase1_songs01,validation_metric,val/low_len_2_nll,30000,2026-09-08T09:09:05.980183Z,4.196180344
phase1_songs01,validation_metric,val/low_len_2_nll,40000,2026-09-08T09:19:51.825336Z,4.298734665
phase1_songs01,validation_metric,val/low_len_2_nll,50000,2026-09-08T09:30:29.667619Z,4.575804234
phase1_songs01,validation_metric,val/low_len_2_nll,60000,2026-09-08T09:41:15.403563Z,4.936401367
phase1_songs01,validation_metric,val/low_len_2_nll,70000,2026-09-08T09:51:56.162469Z,5.087161064
phase1_songs01,validation_metric,val/low_len_2_ppl,10000,2026-09-08T08:47:48.040251Z,52.40807343
phase1_songs01,validation_metric,val/low_len_2_ppl,20000,2026-09-08T08:58:26.782952Z,57.62986374
phase1_songs01,validation_metric,val/low_len_2_ppl,30000,2026-09-08T09:09:05.980196Z,66.43209839
phase1_songs01,validation_metric,val/low_len_2_ppl,40000,2026-09-08T09:19:51.825345Z,73.6065979
phase1_songs01,validation_metric,val/low_len_2_ppl,50000,2026-09-08T09:30:29.667628Z,97.10610199
phase1_songs01,validation_metric,val/low_len_2_ppl,60000,2026-09-08T09:41:15.403573Z,139.2681732
phase1_songs01,validation_metric,val/low_len_2_ppl,70000,2026-09-08T09:51:56.162477Z,161.9295044
phase1_songs01,validation_metric,val/low_len_3_acc_top1,10000,2026-09-08T08:47:48.054945Z,0.05208333582
phase1_songs01,validation_metric,val/low_len_3_acc_top1,20000,2026-09-08T08:58:26.797957Z,0.1041666716
phase1_songs01,validation_metric,val/low_len_3_acc_top1,30000,2026-09-08T09:09:05.995454Z,0.078125
phase1_songs01,validation_metric,val/low_len_3_acc_top1,40000,2026-09-08T09:19:51.840245Z,0.03645833582
phase1_songs01,validation_metric,val/low_len_3_acc_top1,50000,2026-09-08T09:30:29.682809Z,0.08854167163
phase1_songs01,validation_metric,val/low_len_3_acc_top1,60000,2026-09-08T09:41:15.418306Z,0.06770833582
phase1_songs01,validation_metric,val/low_len_3_acc_top1,70000,2026-09-08T09:51:56.177001Z,0.08333333582
phase1_songs01,validation_metric,val/low_len_3_acc_top5,10000,2026-09-08T08:47:48.054952Z,0.390625
phase1_songs01,validation_metric,val/low_len_3_acc_top5,20000,2026-09-08T08:58:26.797963Z,0.34375
phase1_songs01,validation_metric,val/low_len_3_acc_top5,30000,2026-09-08T09:09:05.995461Z,0.34375
phase1_songs01,validation_metric,val/low_len_3_acc_top5,40000,2026-09-08T09:19:51.840268Z,0.2864583433
phase1_songs01,validation_metric,val/low_len_3_acc_top5,50000,2026-09-08T09:30:29.682816Z,0.3645833433
phase1_songs01,validation_metric,val/low_len_3_acc_top5,60000,2026-09-08T09:41:15.418313Z,0.2708333433
phase1_songs01,validation_metric,val/low_len_3_acc_top5,70000,2026-09-08T09:51:56.177008Z,0.328125
phase1_songs01,validation_metric,val/low_len_3_loss,10000,2026-09-08T08:47:48.054897Z,3.525680542
phase1_songs01,validation_metric,val/low_len_3_loss,20000,2026-09-08T08:58:26.797914Z,3.490803957
phase1_songs01,validation_metric,val/low_len_3_loss,30000,2026-09-08T09:09:05.995416Z,3.683247805
phase1_songs01,validation_metric,val/low_len_3_loss,40000,2026-09-08T09:19:51.840206Z,3.772369385
phase1_songs01,validation_metric,val/low_len_3_loss,50000,2026-09-08T09:30:29.682762Z,3.869214773
phase1_songs01,validation_metric,val/low_len_3_loss,60000,2026-09-08T09:41:15.418268Z,4.401247501
phase1_songs01,validation_metric,val/low_len_3_loss,70000,2026-09-08T09:51:56.176964Z,4.275261402
phase1_songs01,validation_metric,val/low_len_3_nll,10000,2026-09-08T08:47:48.054926Z,3.525680542
phase1_songs01,validation_metric,val/low_len_3_nll,20000,2026-09-08T08:58:26.797940Z,3.490803957
phase1_songs01,validation_metric,val/low_len_3_nll,30000,2026-09-08T09:09:05.995438Z,3.683247805
phase1_songs01,validation_metric,val/low_len_3_nll,40000,2026-09-08T09:19:51.840230Z,3.772369385
phase1_songs01,validation_metric,val/low_len_3_nll,50000,2026-09-08T09:30:29.682786Z,3.869214773
phase1_songs01,validation_metric,val/low_len_3_nll,60000,2026-09-08T09:41:15.418290Z,4.401247501
phase1_songs01,validation_metric,val/low_len_3_nll,70000,2026-09-08T09:51:56.176985Z,4.275261402
phase1_songs01,validation_metric,val/low_len_3_ppl,10000,2026-09-08T08:47:48.054937Z,33.97688675
phase1_songs01,validation_metric,val/low_len_3_ppl,20000,2026-09-08T08:58:26.797948Z,32.81231689
phase1_songs01,validation_metric,val/low_len_3_ppl,30000,2026-09-08T09:09:05.995447Z,39.77536774
phase1_songs01,validation_metric,val/low_len_3_ppl,40000,2026-09-08T09:19:51.840238Z,43.48297119
phase1_songs01,validation_metric,val/low_len_3_ppl,50000,2026-09-08T09:30:29.682801Z,47.90475464
phase1_songs01,validation_metric,val/low_len_3_ppl,60000,2026-09-08T09:41:15.418298Z,81.55254364
phase1_songs01,validation_metric,val/low_len_3_ppl,70000,2026-09-08T09:51:56.176994Z,71.89893341
phase1_songs01,validation_metric,val/low_len_4_acc_top1,10000,2026-09-08T08:47:48.069758Z,0.11328125
phase1_songs01,validation_metric,val/low_len_4_acc_top1,20000,2026-09-08T08:58:26.813277Z,0.12109375
phase1_songs01,validation_metric,val/low_len_4_acc_top1,30000,2026-09-08T09:09:06.010777Z,0.125
phase1_songs01,validation_metric,val/low_len_4_acc_top1,40000,2026-09-08T09:19:51.871939Z,0.12109375
phase1_songs01,validation_metric,val/low_len_4_acc_top1,50000,2026-09-08T09:30:29.697781Z,0.09375
phase1_songs01,validation_metric,val/low_len_4_acc_top1,60000,2026-09-08T09:41:15.433228Z,0.1171875
phase1_songs01,validation_metric,val/low_len_4_acc_top1,70000,2026-09-08T09:51:56.191720Z,0.12109375
phase1_songs01,validation_metric,val/low_len_4_acc_top5,10000,2026-09-08T08:47:48.069765Z,0.43359375
phase1_songs01,validation_metric,val/low_len_4_acc_top5,20000,2026-09-08T08:58:26.813284Z,0.44921875
phase1_songs01,validation_metric,val/low_len_4_acc_top5,30000,2026-09-08T09:09:06.010806Z,0.45703125
phase1_songs01,validation_metric,val/low_len_4_acc_top5,40000,2026-09-08T09:19:51.871946Z,0.41015625
phase1_songs01,validation_metric,val/low_len_4_acc_top5,50000,2026-09-08T09:30:29.697788Z,0.43359375
phase1_songs01,validation_metric,val/low_len_4_acc_top5,60000,2026-09-08T09:41:15.433235Z,0.3828125
phase1_songs01,validation_metric,val/low_len_4_acc_top5,70000,2026-09-08T09:51:56.191727Z,0.5
phase1_songs01,validation_metric,val/low_len_4_loss,10000,2026-09-08T08:47:48.069711Z,3.490498543
phase1_songs01,validation_metric,val/low_len_4_loss,20000,2026-09-08T08:58:26.813219Z,3.401297331
phase1_songs01,validation_metric,val/low_len_4_loss,30000,2026-09-08T09:09:06.010737Z,3.675190449
phase1_songs01,validation_metric,val/low_len_4_loss,40000,2026-09-08T09:19:51.871894Z,3.60652256
phase1_songs01,validation_metric,val/low_len_4_loss,50000,2026-09-08T09:30:29.697743Z,3.869979858
phase1_songs01,validation_metric,val/low_len_4_loss,60000,2026-09-08T09:41:15.433188Z,4.323783398
phase1_songs01,validation_metric,val/low_len_4_loss,70000,2026-09-08T09:51:56.191678Z,3.898644924
phase1_songs01,validation_metric,val/low_len_4_nll,10000,2026-09-08T08:47:48.069739Z,3.490498543
phase1_songs01,validation_metric,val/low_len_4_nll,20000,2026-09-08T08:58:26.813244Z,3.401297331
phase1_songs01,validation_metric,val/low_len_4_nll,30000,2026-09-08T09:09:06.010762Z,3.675190449
phase1_songs01,validation_metric,val/low_len_4_nll,40000,2026-09-08T09:19:51.871923Z,3.60652256
phase1_songs01,validation_metric,val/low_len_4_nll,50000,2026-09-08T09:30:29.697765Z,3.869979858
phase1_songs01,validation_metric,val/low_len_4_nll,60000,2026-09-08T09:41:15.433212Z,4.323783398
phase1_songs01,validation_metric,val/low_len_4_nll,70000,2026-09-08T09:51:56.191704Z,3.898644924
phase1_songs01,validation_metric,val/low_len_4_ppl,10000,2026-09-08T08:47:48.069751Z,32.80229568
phase1_songs01,validation_metric,val/low_len_4_ppl,20000,2026-09-08T08:58:26.813253Z,30.00299835
phase1_songs01,validation_metric,val/low_len_4_ppl,30000,2026-09-08T09:09:06.010770Z,39.45616913
phase1_songs01,validation_metric,val/low_len_4_ppl,40000,2026-09-08T09:19:51.871932Z,36.83773041
phase1_songs01,validation_metric,val/low_len_4_ppl,50000,2026-09-08T09:30:29.697773Z,47.94142151
phase1_songs01,validation_metric,val/low_len_4_ppl,60000,2026-09-08T09:41:15.433220Z,75.47363281
phase1_songs01,validation_metric,val/low_len_4_ppl,70000,2026-09-08T09:51:56.191713Z,49.33555222
phase1_songs01,validation_metric,val/low_loss,10000,2026-09-08T08:47:48.069831Z,3.56538415
phase1_songs01,validation_metric,val/low_loss,20000,2026-09-08T08:58:26.813338Z,3.523809433
phase1_songs01,validation_metric,val/low_loss,30000,2026-09-08T09:09:06.010858Z,3.702113152
phase1_songs01,validation_metric,val/low_loss,40000,2026-09-08T09:19:51.872000Z,3.783746243
phase1_songs01,validation_metric,val/low_loss,50000,2026-09-08T09:30:29.697845Z,4.001044273
phase1_songs01,validation_metric,val/low_loss,60000,2026-09-08T09:41:15.433289Z,4.508205891
phase1_songs01,validation_metric,val/low_loss,70000,2026-09-08T09:51:56.191782Z,4.323113441
phase1_songs01,validation_metric,val/low_nll,10000,2026-09-08T08:47:48.069896Z,3.56538415
phase1_songs01,validation_metric,val/low_nll,20000,2026-09-08T08:58:26.813462Z,3.523809433
phase1_songs01,validation_metric,val/low_nll,30000,2026-09-08T09:09:06.010991Z,3.702113152
phase1_songs01,validation_metric,val/low_nll,40000,2026-09-08T09:19:51.872090Z,3.783746243
phase1_songs01,validation_metric,val/low_nll,50000,2026-09-08T09:30:29.697971Z,4.001044273
phase1_songs01,validation_metric,val/low_nll,60000,2026-09-08T09:41:15.433432Z,4.508205891
phase1_songs01,validation_metric,val/low_nll,70000,2026-09-08T09:51:56.191885Z,4.323113441
phase1_songs01,validation_metric,val/low_ppl,10000,2026-09-08T08:47:48.069978Z,35.35303116
phase1_songs01,validation_metric,val/low_ppl,20000,2026-09-08T08:58:26.813612Z,33.91337585
phase1_songs01,validation_metric,val/low_ppl,30000,2026-09-08T09:09:06.011146Z,40.53286362
phase1_songs01,validation_metric,val/low_ppl,40000,2026-09-08T09:19:51.872193Z,43.98049545
phase1_songs01,validation_metric,val/low_ppl,50000,2026-09-08T09:30:29.698120Z,54.65519714
phase1_songs01,validation_metric,val/low_ppl,60000,2026-09-08T09:41:15.433588Z,90.75884247
phase1_songs01,validation_metric,val/low_ppl,70000,2026-09-08T09:51:56.192078Z,75.42310333
phase1_songs01,validation_metadata,validation/high_activity_count,0,2026-09-08T08:37:58.220084Z,32
phase1_songs01,validation_metadata,validation/high_activity_len_1_count,0,2026-09-08T08:37:58.220769Z,8
phase1_songs01,validation_metadata,validation/high_activity_len_1_mean_mask_activity,0,2026-09-08T08:37:58.220962Z,0.9080209732
phase1_songs01,validation_metadata,validation/high_activity_len_1_mean_mask_len,0,2026-09-08T08:37:58.221102Z,1
phase1_songs01,validation_metadata,validation/high_activity_len_2_count,0,2026-09-08T08:37:58.221358Z,8
phase1_songs01,validation_metadata,validation/high_activity_len_2_mean_mask_activity,0,2026-09-08T08:37:58.221378Z,0.7995871305
phase1_songs01,validation_metadata,validation/high_activity_len_2_mean_mask_len,0,2026-09-08T08:37:58.221394Z,2
phase1_songs01,validation_metadata,validation/high_activity_len_3_count,0,2026-09-08T08:37:58.221662Z,8
phase1_songs01,validation_metadata,validation/high_activity_len_3_mean_mask_activity,0,2026-09-08T08:37:58.221681Z,0.8771512508
phase1_songs01,validation_metadata,validation/high_activity_len_3_mean_mask_len,0,2026-09-08T08:37:58.221695Z,3
phase1_songs01,validation_metadata,validation/high_activity_len_4_count,0,2026-09-08T08:37:58.221923Z,8
phase1_songs01,validation_metadata,validation/high_activity_len_4_mean_mask_activity,0,2026-09-08T08:37:58.221981Z,0.8573934436
phase1_songs01,validation_metadata,validation/high_activity_len_4_mean_mask_len,0,2026-09-08T08:37:58.222087Z,4
phase1_songs01,validation_metadata,validation/high_activity_mean_mask_len,0,2026-09-08T08:37:58.220097Z,2.5
phase1_songs01,validation_metadata,validation/high_activity_region_count,0,2026-09-08T08:37:58.220045Z,1
phase1_songs01,validation_metadata,validation/high_activity_region_mean_activity,0,2026-09-08T08:37:58.220064Z,0.8873716593
phase1_songs01,validation_metadata,validation/holdout_fraction,0,2026-09-08T08:37:58.220029Z,0.1023420095
phase1_songs01,validation_metadata,validation/holdout_frames,0,2026-09-08T08:37:58.220016Z,3072
phase1_songs01,validation_metadata,validation/holdout_ranges,0,2026-09-08T08:37:58.219979Z,2
phase1_songs01,validation_metadata,validation/holdout_regions,0,2026-09-08T08:37:58.220038Z,2
phase1_songs01,validation_metadata,validation/low_activity_count,0,2026-09-08T08:37:58.220090Z,32
phase1_songs01,validation_metadata,validation/low_activity_len_1_count,0,2026-09-08T08:37:58.222285Z,8
phase1_songs01,validation_metadata,validation/low_activity_len_1_mean_mask_activity,0,2026-09-08T08:37:58.222304Z,0.1796488315
phase1_songs01,validation_metadata,validation/low_activity_len_1_mean_mask_len,0,2026-09-08T08:37:58.222318Z,1
phase1_songs01,validation_metadata,validation/low_activity_len_2_count,0,2026-09-08T08:37:58.222539Z,8
phase1_songs01,validation_metadata,validation/low_activity_len_2_mean_mask_activity,0,2026-09-08T08:37:58.222558Z,0.2864541113
phase1_songs01,validation_metadata,validation/low_activity_len_2_mean_mask_len,0,2026-09-08T08:37:58.222609Z,2
phase1_songs01,validation_metadata,validation/low_activity_len_3_count,0,2026-09-08T08:37:58.222884Z,8
phase1_songs01,validation_metadata,validation/low_activity_len_3_mean_mask_activity,0,2026-09-08T08:37:58.223038Z,0.2136752903
phase1_songs01,validation_metadata,validation/low_activity_len_3_mean_mask_len,0,2026-09-08T08:37:58.223181Z,3
phase1_songs01,validation_metadata,validation/low_activity_len_4_count,0,2026-09-08T08:37:58.223681Z,8
phase1_songs01,validation_metadata,validation/low_activity_len_4_mean_mask_activity,0,2026-09-08T08:37:58.223720Z,0.1905949712
phase1_songs01,validation_metadata,validation/low_activity_len_4_mean_mask_len,0,2026-09-08T08:37:58.223748Z,4
phase1_songs01,validation_metadata,validation/low_activity_mean_mask_len,0,2026-09-08T08:37:58.220269Z,2.5
phase1_songs01,validation_metadata,validation/low_activity_region_count,0,2026-09-08T08:37:58.220053Z,1
phase1_songs01,validation_metadata,validation/low_activity_region_mean_activity,0,2026-09-08T08:37:58.220076Z,0.2666094601
phase1_songs04,dataset_metadata,dataset/avg_window_activity,0,2026-09-08T09:54:05.588845Z,0.5499801636
phase1_songs04,dataset_metadata,dataset/max_window_weight,0,2026-09-08T09:54:05.588865Z,7.941798685e-05
phase1_songs04,dataset_metadata,dataset/min_window_weight,0,2026-09-08T09:54:05.588852Z,7.641590855e-06
phase1_songs04,dataset_metadata,dataset/num_songs,0,2026-09-08T09:54:05.588828Z,4
phase1_songs04,dataset_metadata,dataset/song_0_starts,0,2026-09-08T09:54:05.588872Z,23360
phase1_songs04,dataset_metadata,dataset/song_0_weight,0,2026-09-08T09:54:05.588880Z,0.2767772377
phase1_songs04,dataset_metadata,dataset/song_1_starts,0,2026-09-08T09:54:05.588887Z,23787
phase1_songs04,dataset_metadata,dataset/song_1_weight,0,2026-09-08T09:54:05.589043Z,0.2818364799
phase1_songs04,dataset_metadata,dataset/song_2_starts,0,2026-09-08T09:54:05.589245Z,18351
phase1_songs04,dataset_metadata,dataset/song_2_weight,0,2026-09-08T09:54:05.589393Z,0.2174289078
phase1_songs04,dataset_metadata,dataset/song_3_starts,0,2026-09-08T09:54:05.589538Z,18902
phase1_songs04,dataset_metadata,dataset/song_3_weight,0,2026-09-08T09:54:05.589680Z,0.2239573449
phase1_songs04,dataset_metadata,dataset/total_frames,0,2026-09-08T09:54:05.588808Z,92593
phase1_songs04,dataset_metadata,dataset/total_minutes,0,2026-09-08T09:54:05.588818Z,20.57584381
phase1_songs04,dataset_metadata,dataset/total_valid_starts,0,2026-09-08T09:54:05.588837Z,84400
phase1_songs04,model_metadata,model/params_M,0,2026-09-08T09:54:05.670526Z,11.84076786
phase1_songs04,model_metadata,model/use_encoder_decoder,0,2026-09-08T09:54:05.670556Z,1
phase1_songs04,training_aggregate,train/avg_acc_top1,1000,2026-09-08T09:55:01.752324Z,0.002852651989
phase1_songs04,training_aggregate,train/avg_acc_top1,2000,2026-09-08T09:55:58.032134Z,0.007114007603
phase1_songs04,training_aggregate,train/avg_acc_top1,3000,2026-09-08T09:56:55.961304Z,0.01153658051
phase1_songs04,training_aggregate,train/avg_acc_top1,4000,2026-09-08T09:57:52.122272Z,0.01598096639
phase1_songs04,training_aggregate,train/avg_acc_top1,5000,2026-09-08T09:58:50.940881Z,0.01945297606
phase1_songs04,training_aggregate,train/avg_acc_top1,6000,2026-09-08T09:59:52.295407Z,0.02244524285
phase1_songs04,training_aggregate,train/avg_acc_top1,7000,2026-09-08T10:00:52.051898Z,0.02450497821
phase1_songs04,training_aggregate,train/avg_acc_top1,8000,2026-09-08T10:01:54.469426Z,0.02800460532
phase1_songs04,training_aggregate,train/avg_acc_top1,9000,2026-09-08T10:02:58.391745Z,0.03033675998
phase1_songs04,training_aggregate,train/avg_acc_top1,10000,2026-09-08T10:04:02.392318Z,0.03290882334
phase1_songs04,training_aggregate,train/avg_acc_top1,11000,2026-09-08T10:05:20.819915Z,0.03408389911
phase1_songs04,training_aggregate,train/avg_acc_top1,12000,2026-09-08T10:06:22.389840Z,0.03548691794
phase1_songs04,training_aggregate,train/avg_acc_top1,13000,2026-09-08T10:07:25.095085Z,0.03786104545
phase1_songs04,training_aggregate,train/avg_acc_top1,14000,2026-09-08T10:08:26.008478Z,0.04004301503
phase1_songs04,training_aggregate,train/avg_acc_top1,15000,2026-09-08T10:09:26.238083Z,0.04040181264
phase1_songs04,training_aggregate,train/avg_acc_top1,16000,2026-09-08T10:10:27.463775Z,0.04205881059
phase1_songs04,training_aggregate,train/avg_acc_top1,17000,2026-09-08T10:11:24.810326Z,0.04397559538
phase1_songs04,training_aggregate,train/avg_acc_top1,18000,2026-09-08T10:12:28.039216Z,0.04472983256
phase1_songs04,training_aggregate,train/avg_acc_top1,19000,2026-09-08T10:13:29.439784Z,0.04732215777
phase1_songs04,training_aggregate,train/avg_acc_top1,20000,2026-09-08T10:14:30.525206Z,0.04763577133
phase1_songs04,training_aggregate,train/avg_acc_top1,21000,2026-09-08T10:15:47.396904Z,0.05010535195
phase1_songs04,training_aggregate,train/avg_acc_top1,22000,2026-09-08T10:16:46.835692Z,0.05079020932
phase1_songs04,training_aggregate,train/avg_acc_top1,23000,2026-09-08T10:17:50.298224Z,0.05266930535
phase1_songs04,training_aggregate,train/avg_acc_top1,24000,2026-09-08T10:18:54.764337Z,0.05420022458
phase1_songs04,training_aggregate,train/avg_acc_top1,25000,2026-09-08T10:19:58.371342Z,0.05578768626
phase1_songs04,training_aggregate,train/avg_acc_top1,26000,2026-09-08T10:21:00.603954Z,0.05580313876
phase1_songs04,training_aggregate,train/avg_acc_top1,27000,2026-09-08T10:22:02.131442Z,0.05780438334
phase1_songs04,training_aggregate,train/avg_acc_top1,28000,2026-09-08T10:23:06.759492Z,0.06019447371
phase1_songs04,training_aggregate,train/avg_acc_top1,29000,2026-09-08T10:24:13.116919Z,0.0602488555
phase1_songs04,training_aggregate,train/avg_acc_top1,30000,2026-09-08T10:25:15.296173Z,0.06211350113
phase1_songs04,training_aggregate,train/avg_acc_top1,31000,2026-09-08T10:26:33.701689Z,0.06363174319
phase1_songs04,training_aggregate,train/avg_acc_top1,32000,2026-09-08T10:27:36.209116Z,0.06443265826
phase1_songs04,training_aggregate,train/avg_acc_top1,33000,2026-09-08T10:28:41.010082Z,0.06568603218
phase1_songs04,training_aggregate,train/avg_acc_top1,34000,2026-09-08T10:29:44.289389Z,0.06788635254
phase1_songs04,training_aggregate,train/avg_acc_top1,35000,2026-09-08T10:30:46.168198Z,0.06917012483
phase1_songs04,training_aggregate,train/avg_acc_top1,36000,2026-09-08T10:31:46.520838Z,0.07071262598
phase1_songs04,training_aggregate,train/avg_acc_top1,37000,2026-09-08T10:32:48.496112Z,0.07192505151
phase1_songs04,training_aggregate,train/avg_acc_top1,38000,2026-09-08T10:33:55.436400Z,0.07294803858
phase1_songs04,training_aggregate,train/avg_acc_top1,39000,2026-09-08T10:34:59.627771Z,0.07495579123
phase1_songs04,training_aggregate,train/avg_acc_top1,40000,2026-09-08T10:35:58.237226Z,0.07567771524
phase1_songs04,training_aggregate,train/avg_acc_top1,41000,2026-09-08T10:37:12.255267Z,0.07790900022
phase1_songs04,training_aggregate,train/avg_acc_top1,42000,2026-09-08T10:38:13.201066Z,0.0783771351
phase1_songs04,training_aggregate,train/avg_acc_top1,43000,2026-09-08T10:39:16.894780Z,0.08093931526
phase1_songs04,training_aggregate,train/avg_acc_top1,44000,2026-09-08T10:40:18.780166Z,0.08159258962
phase1_songs04,training_aggregate,train/avg_acc_top1,45000,2026-09-08T10:41:22.303856Z,0.08335055411
phase1_songs04,training_aggregate,train/avg_acc_top1,46000,2026-09-08T10:42:26.280526Z,0.08430151641
phase1_songs04,training_aggregate,train/avg_acc_top1,47000,2026-09-08T10:43:28.722079Z,0.08636758476
phase1_songs04,training_aggregate,train/avg_acc_top1,48000,2026-09-08T10:44:32.278942Z,0.08724990487
phase1_songs04,training_aggregate,train/avg_acc_top1,49000,2026-09-08T10:45:31.519698Z,0.08877869695
phase1_songs04,training_aggregate,train/avg_acc_top1,50000,2026-09-08T10:46:35.140782Z,0.08994281292
phase1_songs04,training_aggregate,train/avg_acc_top1,51000,2026-09-08T10:48:08.137915Z,0.09124778956
phase1_songs04,training_aggregate,train/avg_acc_top1,52000,2026-09-08T10:49:11.084359Z,0.09354387969
phase1_songs04,training_aggregate,train/avg_acc_top1,53000,2026-09-08T10:50:13.695535Z,0.09306565672
phase1_songs04,training_aggregate,train/avg_acc_top1,54000,2026-09-08T10:51:17.490896Z,0.09446668625
phase1_songs04,training_aggregate,train/avg_acc_top1,55000,2026-09-08T10:52:21.490277Z,0.0960823074
phase1_songs04,training_aggregate,train/avg_acc_top1,56000,2026-09-08T10:53:26.799193Z,0.09887674451
phase1_songs04,training_aggregate,train/avg_acc_top1,57000,2026-09-08T10:54:29.943710Z,0.09900411963
phase1_songs04,training_aggregate,train/avg_acc_top1,58000,2026-09-08T10:55:32.623388Z,0.09950746596
phase1_songs04,training_aggregate,train/avg_acc_top1,59000,2026-09-08T10:56:37.509650Z,0.1009723619
phase1_songs04,training_aggregate,train/avg_acc_top1,60000,2026-09-08T10:57:41.816398Z,0.1027291641
phase1_songs04,training_aggregate,train/avg_acc_top1,61000,2026-09-08T10:58:58.167426Z,0.1038290858
phase1_songs04,training_aggregate,train/avg_acc_top1,62000,2026-09-08T10:59:59.190726Z,0.1048419923
phase1_songs04,training_aggregate,train/avg_acc_top1,63000,2026-09-08T11:01:01.863550Z,0.1062184125
phase1_songs04,training_aggregate,train/avg_acc_top1,64000,2026-09-08T11:02:03.322384Z,0.1081964448
phase1_songs04,training_aggregate,train/avg_acc_top1,65000,2026-09-08T11:03:03.041395Z,0.1085555032
phase1_songs04,training_aggregate,train/avg_acc_top1,66000,2026-09-08T11:04:04.952379Z,0.1102949902
phase1_songs04,training_aggregate,train/avg_acc_top1,67000,2026-09-08T11:05:05.298465Z,0.111996077
phase1_songs04,training_aggregate,train/avg_acc_top1,68000,2026-09-08T11:06:05.047145Z,0.1129591838
phase1_songs04,training_aggregate,train/avg_acc_top1,69000,2026-09-08T11:07:10.555124Z,0.1141556129
phase1_songs04,training_aggregate,train/avg_acc_top1,70000,2026-09-08T11:08:13.702295Z,0.1164960936
phase1_songs04,training_aggregate,train/avg_acc_top1,71000,2026-09-08T11:09:27.775734Z,0.116265431
phase1_songs04,training_aggregate,train/avg_acc_top1,72000,2026-09-08T11:10:29.815840Z,0.1195181385
phase1_songs04,training_aggregate,train/avg_acc_top1,73000,2026-09-08T11:11:28.220315Z,0.1214092895
phase1_songs04,training_aggregate,train/avg_acc_top1,74000,2026-09-08T11:12:28.643008Z,0.1210393459
phase1_songs04,training_aggregate,train/avg_acc_top1,75000,2026-09-08T11:13:30.815806Z,0.1227760166
phase1_songs04,training_aggregate,train/avg_acc_top1,76000,2026-09-08T11:14:29.577551Z,0.1240119562
phase1_songs04,training_aggregate,train/avg_acc_top1,77000,2026-09-08T11:15:31.063551Z,0.1260166615
phase1_songs04,training_aggregate,train/avg_acc_top1,78000,2026-09-08T11:16:34.170191Z,0.1264259219
phase1_songs04,training_aggregate,train/avg_acc_top1,79000,2026-09-08T11:17:35.607028Z,0.1281845421
phase1_songs04,training_aggregate,train/avg_acc_top1,80000,2026-09-08T11:18:41.347897Z,0.1290873289
phase1_songs04,training_aggregate,train/avg_acc_top1,81000,2026-09-08T11:19:57.828607Z,0.1322975457
phase1_songs04,training_aggregate,train/avg_acc_top1,82000,2026-09-08T11:21:01.171714Z,0.1313561052
phase1_songs04,training_aggregate,train/avg_acc_top1,83000,2026-09-08T11:22:05.285495Z,0.1335327476
phase1_songs04,training_aggregate,train/avg_acc_top1,84000,2026-09-08T11:23:09.341836Z,0.134092927
phase1_songs04,training_aggregate,train/avg_acc_top1,85000,2026-09-08T11:24:13.711842Z,0.1373737752
phase1_songs04,training_aggregate,train/avg_acc_top1,86000,2026-09-08T11:25:18.845622Z,0.1385852098
phase1_songs04,training_aggregate,train/avg_acc_top1,87000,2026-09-08T11:26:22.226387Z,0.1409575939
phase1_songs04,training_aggregate,train/avg_acc_top1,88000,2026-09-08T11:27:24.009484Z,0.1418398023
phase1_songs04,training_aggregate,train/avg_acc_top1,89000,2026-09-08T11:28:27.828439Z,0.142831713
phase1_songs04,training_aggregate,train/avg_acc_top1,90000,2026-09-08T11:29:28.132356Z,0.1437830925
phase1_songs04,training_aggregate,train/avg_acc_top1,91000,2026-09-08T11:30:42.372226Z,0.1446538568
phase1_songs04,training_aggregate,train/avg_acc_top1,92000,2026-09-08T11:31:44.340030Z,0.1465064585
phase1_songs04,training_aggregate,train/avg_acc_top1,93000,2026-09-08T11:32:46.152845Z,0.1480289251
phase1_songs04,training_aggregate,train/avg_acc_top1,94000,2026-09-08T11:33:48.085510Z,0.1500126272
phase1_songs04,training_aggregate,train/avg_acc_top1,95000,2026-09-08T11:34:50.423677Z,0.1496618837
phase1_songs04,training_aggregate,train/avg_acc_top1,96000,2026-09-08T11:35:56.070216Z,0.15325737
phase1_songs04,training_aggregate,train/avg_acc_top1,97000,2026-09-08T11:37:00.761844Z,0.1539799571
phase1_songs04,training_aggregate,train/avg_acc_top1,98000,2026-09-08T11:38:02.804559Z,0.1531134099
phase1_songs04,training_aggregate,train/avg_acc_top1,99000,2026-09-08T11:39:03.728950Z,0.1545075923
phase1_songs04,training_aggregate,train/avg_acc_top1,100000,2026-09-08T11:40:08.857852Z,0.1570267379
phase1_songs04,training_aggregate,train/avg_acc_top1,101000,2026-09-08T11:41:41.687548Z,0.1579771638
phase1_songs04,training_aggregate,train/avg_acc_top1,102000,2026-09-08T11:42:44.926513Z,0.1611957699
phase1_songs04,training_aggregate,train/avg_acc_top1,103000,2026-09-08T11:43:44.461654Z,0.1629481763
phase1_songs04,training_aggregate,train/avg_acc_top1,104000,2026-09-08T11:44:47.315852Z,0.16532287
phase1_songs04,training_aggregate,train/avg_acc_top1,105000,2026-09-08T11:45:49.594579Z,0.1638947129
phase1_songs04,training_aggregate,train/avg_acc_top1,106000,2026-09-08T11:46:53.284441Z,0.1637476683
phase1_songs04,training_aggregate,train/avg_acc_top1,107000,2026-09-08T11:47:57.603090Z,0.1646588743
phase1_songs04,training_aggregate,train/avg_acc_top1,108000,2026-09-08T11:48:59.233690Z,0.1667649299
phase1_songs04,training_aggregate,train/avg_acc_top1,109000,2026-09-08T11:50:03.706472Z,0.1670909375
phase1_songs04,training_aggregate,train/avg_acc_top1,110000,2026-09-08T11:51:04.576573Z,0.167662397
phase1_songs04,training_aggregate,train/avg_acc_top1,111000,2026-09-08T11:52:23.691644Z,0.1697493196
phase1_songs04,training_aggregate,train/avg_acc_top1,112000,2026-09-08T11:53:27.336903Z,0.169154644
phase1_songs04,training_aggregate,train/avg_acc_top1,113000,2026-09-08T11:54:32.477957Z,0.1679268926
phase1_songs04,training_aggregate,train/avg_acc_top1,114000,2026-09-08T11:55:34.597204Z,0.1693897396
phase1_songs04,training_aggregate,train/avg_acc_top1,115000,2026-09-08T11:56:37.319476Z,0.1716936529
phase1_songs04,training_aggregate,train/avg_acc_top1,116000,2026-09-08T11:57:40.493365Z,0.1705477387
phase1_songs04,training_aggregate,train/avg_acc_top1,117000,2026-09-08T11:58:40.788137Z,0.1701186597
phase1_songs04,training_aggregate,train/avg_acc_top1,118000,2026-09-08T11:59:39.338537Z,0.1668095589
phase1_songs04,training_aggregate,train/avg_acc_top1,119000,2026-09-08T12:00:46.983851Z,0.1672490984
phase1_songs04,training_aggregate,train/avg_acc_top1,120000,2026-09-08T12:01:49.948834Z,0.1631964743
phase1_songs04,training_aggregate,train/avg_acc_top1,121000,2026-09-08T12:03:01.892043Z,0.1548475325
phase1_songs04,training_aggregate,train/avg_acc_top1,122000,2026-09-08T12:04:01.935089Z,0.1509834826
phase1_songs04,training_aggregate,train/avg_acc_top1,123000,2026-09-08T12:05:05.279572Z,0.1488560587
phase1_songs04,training_aggregate,train/avg_acc_top1,124000,2026-09-08T12:06:06.699603Z,0.1487946361
phase1_songs04,training_aggregate,train/avg_acc_top1,125000,2026-09-08T12:07:09.542519Z,0.1503060907
phase1_songs04,training_aggregate,train/avg_acc_top1,126000,2026-09-08T12:08:14.661286Z,0.1415059119
phase1_songs04,training_aggregate,train/avg_acc_top1,127000,2026-09-08T12:09:16.622231Z,0.1435440928
phase1_songs04,training_aggregate,train/avg_acc_top1,128000,2026-09-08T12:10:15.864712Z,0.1500132531
phase1_songs04,training_aggregate,train/avg_acc_top1,129000,2026-09-08T12:11:21.874971Z,0.1517027915
phase1_songs04,training_aggregate,train/avg_acc_top1,130000,2026-09-08T12:12:22.938709Z,0.1526894718
phase1_songs04,training_aggregate,train/avg_acc_top5,1000,2026-09-08T09:55:01.752420Z,0.01296287123
phase1_songs04,training_aggregate,train/avg_acc_top5,2000,2026-09-08T09:55:58.032231Z,0.03117837943
phase1_songs04,training_aggregate,train/avg_acc_top5,3000,2026-09-08T09:56:55.961371Z,0.04805213213
phase1_songs04,training_aggregate,train/avg_acc_top5,4000,2026-09-08T09:57:52.122369Z,0.06141024828
phase1_songs04,training_aggregate,train/avg_acc_top5,5000,2026-09-08T09:58:50.940995Z,0.07523352653
phase1_songs04,training_aggregate,train/avg_acc_top5,6000,2026-09-08T09:59:52.295454Z,0.08314809203
phase1_songs04,training_aggregate,train/avg_acc_top5,7000,2026-09-08T10:00:52.051997Z,0.0888389796
phase1_songs04,training_aggregate,train/avg_acc_top5,8000,2026-09-08T10:01:54.469484Z,0.09968142956
phase1_songs04,training_aggregate,train/avg_acc_top5,9000,2026-09-08T10:02:58.391809Z,0.1045823395
phase1_songs04,training_aggregate,train/avg_acc_top5,10000,2026-09-08T10:04:02.392436Z,0.1122040153
phase1_songs04,training_aggregate,train/avg_acc_top5,11000,2026-09-08T10:05:20.819998Z,0.1151630431
phase1_songs04,training_aggregate,train/avg_acc_top5,12000,2026-09-08T10:06:22.389895Z,0.1203995049
phase1_songs04,training_aggregate,train/avg_acc_top5,13000,2026-09-08T10:07:25.095209Z,0.1245896295
phase1_songs04,training_aggregate,train/avg_acc_top5,14000,2026-09-08T10:08:26.008524Z,0.131475836
phase1_songs04,training_aggregate,train/avg_acc_top5,15000,2026-09-08T10:09:26.238149Z,0.1325663775
phase1_songs04,training_aggregate,train/avg_acc_top5,16000,2026-09-08T10:10:27.463830Z,0.1368504316
phase1_songs04,training_aggregate,train/avg_acc_top5,17000,2026-09-08T10:11:24.810392Z,0.1406917125
phase1_songs04,training_aggregate,train/avg_acc_top5,18000,2026-09-08T10:12:28.039279Z,0.1447692811
phase1_songs04,training_aggregate,train/avg_acc_top5,19000,2026-09-08T10:13:29.439870Z,0.1483109593
phase1_songs04,training_aggregate,train/avg_acc_top5,20000,2026-09-08T10:14:30.525256Z,0.1502500623
phase1_songs04,training_aggregate,train/avg_acc_top5,21000,2026-09-08T10:15:47.397004Z,0.1548716426
phase1_songs04,training_aggregate,train/avg_acc_top5,22000,2026-09-08T10:16:46.835741Z,0.1569654942
phase1_songs04,training_aggregate,train/avg_acc_top5,23000,2026-09-08T10:17:50.298353Z,0.1621086597
phase1_songs04,training_aggregate,train/avg_acc_top5,24000,2026-09-08T10:18:54.764436Z,0.1652227938
phase1_songs04,training_aggregate,train/avg_acc_top5,25000,2026-09-08T10:19:58.371410Z,0.1683152765
phase1_songs04,training_aggregate,train/avg_acc_top5,26000,2026-09-08T10:21:00.603999Z,0.1698920578
phase1_songs04,training_aggregate,train/avg_acc_top5,27000,2026-09-08T10:22:02.131497Z,0.17524001
phase1_songs04,training_aggregate,train/avg_acc_top5,28000,2026-09-08T10:23:06.759596Z,0.1787028164
phase1_songs04,training_aggregate,train/avg_acc_top5,29000,2026-09-08T10:24:13.117015Z,0.1816205382
phase1_songs04,training_aggregate,train/avg_acc_top5,30000,2026-09-08T10:25:15.296244Z,0.1845567226
phase1_songs04,training_aggregate,train/avg_acc_top5,31000,2026-09-08T10:26:33.701791Z,0.1879567355
phase1_songs04,training_aggregate,train/avg_acc_top5,32000,2026-09-08T10:27:36.209167Z,0.1900751591
phase1_songs04,training_aggregate,train/avg_acc_top5,33000,2026-09-08T10:28:41.010185Z,0.19358325
phase1_songs04,training_aggregate,train/avg_acc_top5,34000,2026-09-08T10:29:44.289431Z,0.1986954957
phase1_songs04,training_aggregate,train/avg_acc_top5,35000,2026-09-08T10:30:46.168294Z,0.2024463862
phase1_songs04,training_aggregate,train/avg_acc_top5,36000,2026-09-08T10:31:46.520941Z,0.2052305192
phase1_songs04,training_aggregate,train/avg_acc_top5,37000,2026-09-08T10:32:48.496165Z,0.2070665061
phase1_songs04,training_aggregate,train/avg_acc_top5,38000,2026-09-08T10:33:55.436473Z,0.2104452401
phase1_songs04,training_aggregate,train/avg_acc_top5,39000,2026-09-08T10:34:59.627886Z,0.214835763
phase1_songs04,training_aggregate,train/avg_acc_top5,40000,2026-09-08T10:35:58.237284Z,0.2175356895
phase1_songs04,training_aggregate,train/avg_acc_top5,41000,2026-09-08T10:37:12.255365Z,0.219332993
phase1_songs04,training_aggregate,train/avg_acc_top5,42000,2026-09-08T10:38:13.201164Z,0.2208508104
phase1_songs04,training_aggregate,train/avg_acc_top5,43000,2026-09-08T10:39:16.894883Z,0.2262609601
phase1_songs04,training_aggregate,train/avg_acc_top5,44000,2026-09-08T10:40:18.780271Z,0.228831321
phase1_songs04,training_aggregate,train/avg_acc_top5,45000,2026-09-08T10:41:22.303944Z,0.2334435582
phase1_songs04,training_aggregate,train/avg_acc_top5,46000,2026-09-08T10:42:26.280594Z,0.2338899374
phase1_songs04,training_aggregate,train/avg_acc_top5,47000,2026-09-08T10:43:28.722130Z,0.2372346818
phase1_songs04,training_aggregate,train/avg_acc_top5,48000,2026-09-08T10:44:32.279010Z,0.2394427359
phase1_songs04,training_aggregate,train/avg_acc_top5,49000,2026-09-08T10:45:31.519817Z,0.2420372516
phase1_songs04,training_aggregate,train/avg_acc_top5,50000,2026-09-08T10:46:35.140904Z,0.2459871322
phase1_songs04,training_aggregate,train/avg_acc_top5,51000,2026-09-08T10:48:08.138015Z,0.2487183809
phase1_songs04,training_aggregate,train/avg_acc_top5,52000,2026-09-08T10:49:11.084473Z,0.2499759644
phase1_songs04,training_aggregate,train/avg_acc_top5,53000,2026-09-08T10:50:13.695588Z,0.2522174716
phase1_songs04,training_aggregate,train/avg_acc_top5,54000,2026-09-08T10:51:17.490988Z,0.2542952895
phase1_songs04,training_aggregate,train/avg_acc_top5,55000,2026-09-08T10:52:21.490371Z,0.2574114501
phase1_songs04,training_aggregate,train/avg_acc_top5,56000,2026-09-08T10:53:26.799291Z,0.2605012357
phase1_songs04,training_aggregate,train/avg_acc_top5,57000,2026-09-08T10:54:29.943812Z,0.2625822127
phase1_songs04,training_aggregate,train/avg_acc_top5,58000,2026-09-08T10:55:32.623407Z,0.2641710341
phase1_songs04,training_aggregate,train/avg_acc_top5,59000,2026-09-08T10:56:37.509770Z,0.265593797
phase1_songs04,training_aggregate,train/avg_acc_top5,60000,2026-09-08T10:57:41.816496Z,0.2689563632
phase1_songs04,training_aggregate,train/avg_acc_top5,61000,2026-09-08T10:58:58.167534Z,0.2715468109
phase1_songs04,training_aggregate,train/avg_acc_top5,62000,2026-09-08T10:59:59.190780Z,0.2729571164
phase1_songs04,training_aggregate,train/avg_acc_top5,63000,2026-09-08T11:01:01.863652Z,0.275827527
phase1_songs04,training_aggregate,train/avg_acc_top5,64000,2026-09-08T11:02:03.322438Z,0.2805183828
phase1_songs04,training_aggregate,train/avg_acc_top5,65000,2026-09-08T11:03:03.041495Z,0.2806400359
phase1_songs04,training_aggregate,train/avg_acc_top5,66000,2026-09-08T11:04:04.952476Z,0.2829820216
phase1_songs04,training_aggregate,train/avg_acc_top5,67000,2026-09-08T11:05:05.298534Z,0.2858939469
phase1_songs04,training_aggregate,train/avg_acc_top5,68000,2026-09-08T11:06:05.047209Z,0.2891935706
phase1_songs04,training_aggregate,train/avg_acc_top5,69000,2026-09-08T11:07:10.555219Z,0.2888813019
phase1_songs04,training_aggregate,train/avg_acc_top5,70000,2026-09-08T11:08:13.702394Z,0.293405205
phase1_songs04,training_aggregate,train/avg_acc_top5,71000,2026-09-08T11:09:27.775865Z,0.2929848135
phase1_songs04,training_aggregate,train/avg_acc_top5,72000,2026-09-08T11:10:29.815938Z,0.2986826003
phase1_songs04,training_aggregate,train/avg_acc_top5,73000,2026-09-08T11:11:28.220412Z,0.3021017909
phase1_songs04,training_aggregate,train/avg_acc_top5,74000,2026-09-08T11:12:28.643105Z,0.3009719849
phase1_songs04,training_aggregate,train/avg_acc_top5,75000,2026-09-08T11:13:30.815916Z,0.3039524555
phase1_songs04,training_aggregate,train/avg_acc_top5,76000,2026-09-08T11:14:29.577616Z,0.3048749566
phase1_songs04,training_aggregate,train/avg_acc_top5,77000,2026-09-08T11:15:31.063649Z,0.3094953597
phase1_songs04,training_aggregate,train/avg_acc_top5,78000,2026-09-08T11:16:34.170294Z,0.3106629848
phase1_songs04,training_aggregate,train/avg_acc_top5,79000,2026-09-08T11:17:35.607133Z,0.3127209544
phase1_songs04,training_aggregate,train/avg_acc_top5,80000,2026-09-08T11:18:41.347940Z,0.3136095405
phase1_songs04,training_aggregate,train/avg_acc_top5,81000,2026-09-08T11:19:57.828718Z,0.3189098239
phase1_songs04,training_aggregate,train/avg_acc_top5,82000,2026-09-08T11:21:01.171827Z,0.3166163266
phase1_songs04,training_aggregate,train/avg_acc_top5,83000,2026-09-08T11:22:05.285593Z,0.3208720982
phase1_songs04,training_aggregate,train/avg_acc_top5,84000,2026-09-08T11:23:09.341893Z,0.3223434389
phase1_songs04,training_aggregate,train/avg_acc_top5,85000,2026-09-08T11:24:13.711895Z,0.3285057247
phase1_songs04,training_aggregate,train/avg_acc_top5,86000,2026-09-08T11:25:18.845723Z,0.3305543065
phase1_songs04,training_aggregate,train/avg_acc_top5,87000,2026-09-08T11:26:22.226486Z,0.3328417242
phase1_songs04,training_aggregate,train/avg_acc_top5,88000,2026-09-08T11:27:24.009553Z,0.3344202638
phase1_songs04,training_aggregate,train/avg_acc_top5,89000,2026-09-08T11:28:27.828492Z,0.3360787928
phase1_songs04,training_aggregate,train/avg_acc_top5,90000,2026-09-08T11:29:28.132454Z,0.3399167955
phase1_songs04,training_aggregate,train/avg_acc_top5,91000,2026-09-08T11:30:42.372281Z,0.3394149244
phase1_songs04,training_aggregate,train/avg_acc_top5,92000,2026-09-08T11:31:44.340135Z,0.3422356844
phase1_songs04,training_aggregate,train/avg_acc_top5,93000,2026-09-08T11:32:46.152988Z,0.3458351493
phase1_songs04,training_aggregate,train/avg_acc_top5,94000,2026-09-08T11:33:48.085608Z,0.3477958441
phase1_songs04,training_aggregate,train/avg_acc_top5,95000,2026-09-08T11:34:50.423719Z,0.3481063545
phase1_songs04,training_aggregate,train/avg_acc_top5,96000,2026-09-08T11:35:56.070326Z,0.3530295193
phase1_songs04,training_aggregate,train/avg_acc_top5,97000,2026-09-08T11:37:00.761946Z,0.3515880406
phase1_songs04,training_aggregate,train/avg_acc_top5,98000,2026-09-08T11:38:02.804661Z,0.3526546061
phase1_songs04,training_aggregate,train/avg_acc_top5,99000,2026-09-08T11:39:03.729004Z,0.3542037606
phase1_songs04,training_aggregate,train/avg_acc_top5,100000,2026-09-08T11:40:08.857956Z,0.3569344282
phase1_songs04,training_aggregate,train/avg_acc_top5,101000,2026-09-08T11:41:41.687648Z,0.3603981137
phase1_songs04,training_aggregate,train/avg_acc_top5,102000,2026-09-08T11:42:44.926611Z,0.3627816439
phase1_songs04,training_aggregate,train/avg_acc_top5,103000,2026-09-08T11:43:44.461750Z,0.3671707511
phase1_songs04,training_aggregate,train/avg_acc_top5,104000,2026-09-08T11:44:47.315952Z,0.367795974
phase1_songs04,training_aggregate,train/avg_acc_top5,105000,2026-09-08T11:45:49.594633Z,0.3676788509
phase1_songs04,training_aggregate,train/avg_acc_top5,106000,2026-09-08T11:46:53.284537Z,0.3678665757
phase1_songs04,training_aggregate,train/avg_acc_top5,107000,2026-09-08T11:47:57.603193Z,0.3690557182
phase1_songs04,training_aggregate,train/avg_acc_top5,108000,2026-09-08T11:48:59.233791Z,0.3717391789
phase1_songs04,training_aggregate,train/avg_acc_top5,109000,2026-09-08T11:50:03.706568Z,0.3705451787
phase1_songs04,training_aggregate,train/avg_acc_top5,110000,2026-09-08T11:51:04.576667Z,0.3731383383
phase1_songs04,training_aggregate,train/avg_acc_top5,111000,2026-09-08T11:52:23.691686Z,0.3761232793
phase1_songs04,training_aggregate,train/avg_acc_top5,112000,2026-09-08T11:53:27.337007Z,0.3761161864
phase1_songs04,training_aggregate,train/avg_acc_top5,113000,2026-09-08T11:54:32.478066Z,0.3746054471
phase1_songs04,training_aggregate,train/avg_acc_top5,114000,2026-09-08T11:55:34.597324Z,0.3757999837
phase1_songs04,training_aggregate,train/avg_acc_top5,115000,2026-09-08T11:56:37.319530Z,0.38006109
phase1_songs04,training_aggregate,train/avg_acc_top5,116000,2026-09-08T11:57:40.493431Z,0.3766931295
phase1_songs04,training_aggregate,train/avg_acc_top5,117000,2026-09-08T11:58:40.788197Z,0.3792247176
phase1_songs04,training_aggregate,train/avg_acc_top5,118000,2026-09-08T11:59:39.338641Z,0.3732238114
phase1_songs04,training_aggregate,train/avg_acc_top5,119000,2026-09-08T12:00:46.983950Z,0.37406075
phase1_songs04,training_aggregate,train/avg_acc_top5,120000,2026-09-08T12:01:49.948980Z,0.3682467639
phase1_songs04,training_aggregate,train/avg_acc_top5,121000,2026-09-08T12:03:01.892145Z,0.355035305
phase1_songs04,training_aggregate,train/avg_acc_top5,122000,2026-09-08T12:04:01.935143Z,0.3474196494
phase1_songs04,training_aggregate,train/avg_acc_top5,123000,2026-09-08T12:05:05.279709Z,0.3441224396
phase1_songs04,training_aggregate,train/avg_acc_top5,124000,2026-09-08T12:06:06.699686Z,0.3421636224
phase1_songs04,training_aggregate,train/avg_acc_top5,125000,2026-09-08T12:07:09.542572Z,0.3498114645
phase1_songs04,training_aggregate,train/avg_acc_top5,126000,2026-09-08T12:08:14.661394Z,0.3319057226
phase1_songs04,training_aggregate,train/avg_acc_top5,127000,2026-09-08T12:09:16.622332Z,0.3376740515
phase1_songs04,training_aggregate,train/avg_acc_top5,128000,2026-09-08T12:10:15.864774Z,0.3493532538
phase1_songs04,training_aggregate,train/avg_acc_top5,129000,2026-09-08T12:11:21.875067Z,0.3532757461
phase1_songs04,training_aggregate,train/avg_acc_top5,130000,2026-09-08T12:12:22.938842Z,0.3536198735
phase1_songs04,training_aggregate,train/avg_accuracy,1000,2026-09-08T09:55:01.752221Z,0.002852651989
phase1_songs04,training_aggregate,train/avg_accuracy,2000,2026-09-08T09:55:58.032033Z,0.007114007603
phase1_songs04,training_aggregate,train/avg_accuracy,3000,2026-09-08T09:56:55.961246Z,0.01153658051
phase1_songs04,training_aggregate,train/avg_accuracy,4000,2026-09-08T09:57:52.122170Z,0.01598096639
phase1_songs04,training_aggregate,train/avg_accuracy,5000,2026-09-08T09:58:50.940753Z,0.01945297606
phase1_songs04,training_aggregate,train/avg_accuracy,6000,2026-09-08T09:59:52.295363Z,0.02244524285
phase1_songs04,training_aggregate,train/avg_accuracy,7000,2026-09-08T10:00:52.051784Z,0.02450497821
phase1_songs04,training_aggregate,train/avg_accuracy,8000,2026-09-08T10:01:54.469368Z,0.02800460532
phase1_songs04,training_aggregate,train/avg_accuracy,9000,2026-09-08T10:02:58.391683Z,0.03033675998
phase1_songs04,training_aggregate,train/avg_accuracy,10000,2026-09-08T10:04:02.392196Z,0.03290882334
phase1_songs04,training_aggregate,train/avg_accuracy,11000,2026-09-08T10:05:20.819828Z,0.03408389911
phase1_songs04,training_aggregate,train/avg_accuracy,12000,2026-09-08T10:06:22.389777Z,0.03548691794
phase1_songs04,training_aggregate,train/avg_accuracy,13000,2026-09-08T10:07:25.094952Z,0.03786104545
phase1_songs04,training_aggregate,train/avg_accuracy,14000,2026-09-08T10:08:26.008437Z,0.04004301503
phase1_songs04,training_aggregate,train/avg_accuracy,15000,2026-09-08T10:09:26.238014Z,0.04040181264
phase1_songs04,training_aggregate,train/avg_accuracy,16000,2026-09-08T10:10:27.463712Z,0.04205881059
phase1_songs04,training_aggregate,train/avg_accuracy,17000,2026-09-08T10:11:24.810260Z,0.04397559538
phase1_songs04,training_aggregate,train/avg_accuracy,18000,2026-09-08T10:12:28.039153Z,0.04472983256
phase1_songs04,training_aggregate,train/avg_accuracy,19000,2026-09-08T10:13:29.439707Z,0.04732215777
phase1_songs04,training_aggregate,train/avg_accuracy,20000,2026-09-08T10:14:30.525152Z,0.04763577133
phase1_songs04,training_aggregate,train/avg_accuracy,21000,2026-09-08T10:15:47.396784Z,0.05010535195
phase1_songs04,training_aggregate,train/avg_accuracy,22000,2026-09-08T10:16:46.835642Z,0.05079020932
phase1_songs04,training_aggregate,train/avg_accuracy,23000,2026-09-08T10:17:50.298089Z,0.05266930535
phase1_songs04,training_aggregate,train/avg_accuracy,24000,2026-09-08T10:18:54.764235Z,0.05420022458
phase1_songs04,training_aggregate,train/avg_accuracy,25000,2026-09-08T10:19:58.371271Z,0.05578768626
phase1_songs04,training_aggregate,train/avg_accuracy,26000,2026-09-08T10:21:00.603908Z,0.05580313876
phase1_songs04,training_aggregate,train/avg_accuracy,27000,2026-09-08T10:22:02.131392Z,0.05780438334
phase1_songs04,training_aggregate,train/avg_accuracy,28000,2026-09-08T10:23:06.759385Z,0.06019447371
phase1_songs04,training_aggregate,train/avg_accuracy,29000,2026-09-08T10:24:13.116820Z,0.0602488555
phase1_songs04,training_aggregate,train/avg_accuracy,30000,2026-09-08T10:25:15.296099Z,0.06211350113
phase1_songs04,training_aggregate,train/avg_accuracy,31000,2026-09-08T10:26:33.701582Z,0.06363174319
phase1_songs04,training_aggregate,train/avg_accuracy,32000,2026-09-08T10:27:36.209060Z,0.06443265826
phase1_songs04,training_aggregate,train/avg_accuracy,33000,2026-09-08T10:28:41.009979Z,0.06568603218
phase1_songs04,training_aggregate,train/avg_accuracy,34000,2026-09-08T10:29:44.289346Z,0.06788635254
phase1_songs04,training_aggregate,train/avg_accuracy,35000,2026-09-08T10:30:46.168097Z,0.06917012483
phase1_songs04,training_aggregate,train/avg_accuracy,36000,2026-09-08T10:31:46.520722Z,0.07071262598
phase1_songs04,training_aggregate,train/avg_accuracy,37000,2026-09-08T10:32:48.496056Z,0.07192505151
phase1_songs04,training_aggregate,train/avg_accuracy,38000,2026-09-08T10:33:55.436320Z,0.07294803858
phase1_songs04,training_aggregate,train/avg_accuracy,39000,2026-09-08T10:34:59.627665Z,0.07495579123
phase1_songs04,training_aggregate,train/avg_accuracy,40000,2026-09-08T10:35:58.237170Z,0.07567771524
phase1_songs04,training_aggregate,train/avg_accuracy,41000,2026-09-08T10:37:12.255168Z,0.07790900022
phase1_songs04,training_aggregate,train/avg_accuracy,42000,2026-09-08T10:38:13.200966Z,0.0783771351
phase1_songs04,training_aggregate,train/avg_accuracy,43000,2026-09-08T10:39:16.894681Z,0.08093931526
phase1_songs04,training_aggregate,train/avg_accuracy,44000,2026-09-08T10:40:18.780061Z,0.08159258962
phase1_songs04,training_aggregate,train/avg_accuracy,45000,2026-09-08T10:41:22.303732Z,0.08335055411
phase1_songs04,training_aggregate,train/avg_accuracy,46000,2026-09-08T10:42:26.280501Z,0.08430151641
phase1_songs04,training_aggregate,train/avg_accuracy,47000,2026-09-08T10:43:28.722024Z,0.08636758476
phase1_songs04,training_aggregate,train/avg_accuracy,48000,2026-09-08T10:44:32.278744Z,0.08724990487
phase1_songs04,training_aggregate,train/avg_accuracy,49000,2026-09-08T10:45:31.519584Z,0.08877869695
phase1_songs04,training_aggregate,train/avg_accuracy,50000,2026-09-08T10:46:35.140677Z,0.08994281292
phase1_songs04,training_aggregate,train/avg_accuracy,51000,2026-09-08T10:48:08.137810Z,0.09124778956
phase1_songs04,training_aggregate,train/avg_accuracy,52000,2026-09-08T10:49:11.084243Z,0.09354387969
phase1_songs04,training_aggregate,train/avg_accuracy,53000,2026-09-08T10:50:13.695476Z,0.09306565672
phase1_songs04,training_aggregate,train/avg_accuracy,54000,2026-09-08T10:51:17.490726Z,0.09446668625
phase1_songs04,training_aggregate,train/avg_accuracy,55000,2026-09-08T10:52:21.490179Z,0.0960823074
phase1_songs04,training_aggregate,train/avg_accuracy,56000,2026-09-08T10:53:26.799090Z,0.09887674451
phase1_songs04,training_aggregate,train/avg_accuracy,57000,2026-09-08T10:54:29.943612Z,0.09900411963
phase1_songs04,training_aggregate,train/avg_accuracy,58000,2026-09-08T10:55:32.623366Z,0.09950746596
phase1_songs04,training_aggregate,train/avg_accuracy,59000,2026-09-08T10:56:37.509526Z,0.1009723619
phase1_songs04,training_aggregate,train/avg_accuracy,60000,2026-09-08T10:57:41.816294Z,0.1027291641
phase1_songs04,training_aggregate,train/avg_accuracy,61000,2026-09-08T10:58:58.167312Z,0.1038290858
phase1_songs04,training_aggregate,train/avg_accuracy,62000,2026-09-08T10:59:59.190670Z,0.1048419923
phase1_songs04,training_aggregate,train/avg_accuracy,63000,2026-09-08T11:01:01.863449Z,0.1062184125
phase1_songs04,training_aggregate,train/avg_accuracy,64000,2026-09-08T11:02:03.322327Z,0.1081964448
phase1_songs04,training_aggregate,train/avg_accuracy,65000,2026-09-08T11:03:03.041277Z,0.1085555032
phase1_songs04,training_aggregate,train/avg_accuracy,66000,2026-09-08T11:04:04.952276Z,0.1102949902
phase1_songs04,training_aggregate,train/avg_accuracy,67000,2026-09-08T11:05:05.298390Z,0.111996077
phase1_songs04,training_aggregate,train/avg_accuracy,68000,2026-09-08T11:06:05.047077Z,0.1129591838
phase1_songs04,training_aggregate,train/avg_accuracy,69000,2026-09-08T11:07:10.555027Z,0.1141556129
phase1_songs04,training_aggregate,train/avg_accuracy,70000,2026-09-08T11:08:13.702192Z,0.1164960936
phase1_songs04,training_aggregate,train/avg_accuracy,71000,2026-09-08T11:09:27.775615Z,0.116265431
phase1_songs04,training_aggregate,train/avg_accuracy,72000,2026-09-08T11:10:29.815730Z,0.1195181385
phase1_songs04,training_aggregate,train/avg_accuracy,73000,2026-09-08T11:11:28.220213Z,0.1214092895
phase1_songs04,training_aggregate,train/avg_accuracy,74000,2026-09-08T11:12:28.642906Z,0.1210393459
phase1_songs04,training_aggregate,train/avg_accuracy,75000,2026-09-08T11:13:30.815690Z,0.1227760166
phase1_songs04,training_aggregate,train/avg_accuracy,76000,2026-09-08T11:14:29.577483Z,0.1240119562
phase1_songs04,training_aggregate,train/avg_accuracy,77000,2026-09-08T11:15:31.063448Z,0.1260166615
phase1_songs04,training_aggregate,train/avg_accuracy,78000,2026-09-08T11:16:34.170086Z,0.1264259219
phase1_songs04,training_aggregate,train/avg_accuracy,79000,2026-09-08T11:17:35.606916Z,0.1281845421
phase1_songs04,training_aggregate,train/avg_accuracy,80000,2026-09-08T11:18:41.347848Z,0.1290873289
phase1_songs04,training_aggregate,train/avg_accuracy,81000,2026-09-08T11:19:57.828490Z,0.1322975457
phase1_songs04,training_aggregate,train/avg_accuracy,82000,2026-09-08T11:21:01.171610Z,0.1313561052
phase1_songs04,training_aggregate,train/avg_accuracy,83000,2026-09-08T11:22:05.285395Z,0.1335327476
phase1_songs04,training_aggregate,train/avg_accuracy,84000,2026-09-08T11:23:09.341762Z,0.134092927
phase1_songs04,training_aggregate,train/avg_accuracy,85000,2026-09-08T11:24:13.711773Z,0.1373737752
phase1_songs04,training_aggregate,train/avg_accuracy,86000,2026-09-08T11:25:18.845515Z,0.1385852098
phase1_songs04,training_aggregate,train/avg_accuracy,87000,2026-09-08T11:26:22.226287Z,0.1409575939
phase1_songs04,training_aggregate,train/avg_accuracy,88000,2026-09-08T11:27:24.009409Z,0.1418398023
phase1_songs04,training_aggregate,train/avg_accuracy,89000,2026-09-08T11:28:27.828382Z,0.142831713
phase1_songs04,training_aggregate,train/avg_accuracy,90000,2026-09-08T11:29:28.132248Z,0.1437830925
phase1_songs04,training_aggregate,train/avg_accuracy,91000,2026-09-08T11:30:42.372170Z,0.1446538568
phase1_songs04,training_aggregate,train/avg_accuracy,92000,2026-09-08T11:31:44.339918Z,0.1465064585
phase1_songs04,training_aggregate,train/avg_accuracy,93000,2026-09-08T11:32:46.152703Z,0.1480289251
phase1_songs04,training_aggregate,train/avg_accuracy,94000,2026-09-08T11:33:48.085407Z,0.1500126272
phase1_songs04,training_aggregate,train/avg_accuracy,95000,2026-09-08T11:34:50.423632Z,0.1496618837
phase1_songs04,training_aggregate,train/avg_accuracy,96000,2026-09-08T11:35:56.070101Z,0.15325737
phase1_songs04,training_aggregate,train/avg_accuracy,97000,2026-09-08T11:37:00.761731Z,0.1539799571
phase1_songs04,training_aggregate,train/avg_accuracy,98000,2026-09-08T11:38:02.804454Z,0.1531134099
phase1_songs04,training_aggregate,train/avg_accuracy,99000,2026-09-08T11:39:03.728894Z,0.1545075923
phase1_songs04,training_aggregate,train/avg_accuracy,100000,2026-09-08T11:40:08.857737Z,0.1570267379
phase1_songs04,training_aggregate,train/avg_accuracy,101000,2026-09-08T11:41:41.687444Z,0.1579771638
phase1_songs04,training_aggregate,train/avg_accuracy,102000,2026-09-08T11:42:44.926413Z,0.1611957699
phase1_songs04,training_aggregate,train/avg_accuracy,103000,2026-09-08T11:43:44.461555Z,0.1629481763
phase1_songs04,training_aggregate,train/avg_accuracy,104000,2026-09-08T11:44:47.315740Z,0.16532287
phase1_songs04,training_aggregate,train/avg_accuracy,105000,2026-09-08T11:45:49.594525Z,0.1638947129
phase1_songs04,training_aggregate,train/avg_accuracy,106000,2026-09-08T11:46:53.284340Z,0.1637476683
phase1_songs04,training_aggregate,train/avg_accuracy,107000,2026-09-08T11:47:57.602989Z,0.1646588743
phase1_songs04,training_aggregate,train/avg_accuracy,108000,2026-09-08T11:48:59.233589Z,0.1667649299
phase1_songs04,training_aggregate,train/avg_accuracy,109000,2026-09-08T11:50:03.706372Z,0.1670909375
phase1_songs04,training_aggregate,train/avg_accuracy,110000,2026-09-08T11:51:04.576477Z,0.167662397
phase1_songs04,training_aggregate,train/avg_accuracy,111000,2026-09-08T11:52:23.691599Z,0.1697493196
phase1_songs04,training_aggregate,train/avg_accuracy,112000,2026-09-08T11:53:27.336790Z,0.169154644
phase1_songs04,training_aggregate,train/avg_accuracy,113000,2026-09-08T11:54:32.477829Z,0.1679268926
phase1_songs04,training_aggregate,train/avg_accuracy,114000,2026-09-08T11:55:34.597083Z,0.1693897396
phase1_songs04,training_aggregate,train/avg_accuracy,115000,2026-09-08T11:56:37.319418Z,0.1716936529
phase1_songs04,training_aggregate,train/avg_accuracy,116000,2026-09-08T11:57:40.493289Z,0.1705477387
phase1_songs04,training_aggregate,train/avg_accuracy,117000,2026-09-08T11:58:40.788074Z,0.1701186597
phase1_songs04,training_aggregate,train/avg_accuracy,118000,2026-09-08T11:59:39.338426Z,0.1668095589
phase1_songs04,training_aggregate,train/avg_accuracy,119000,2026-09-08T12:00:46.983737Z,0.1672490984
phase1_songs04,training_aggregate,train/avg_accuracy,120000,2026-09-08T12:01:49.948686Z,0.1631964743
phase1_songs04,training_aggregate,train/avg_accuracy,121000,2026-09-08T12:03:01.891938Z,0.1548475325
phase1_songs04,training_aggregate,train/avg_accuracy,122000,2026-09-08T12:04:01.935032Z,0.1509834826
phase1_songs04,training_aggregate,train/avg_accuracy,123000,2026-09-08T12:05:05.279433Z,0.1488560587
phase1_songs04,training_aggregate,train/avg_accuracy,124000,2026-09-08T12:06:06.699517Z,0.1487946361
phase1_songs04,training_aggregate,train/avg_accuracy,125000,2026-09-08T12:07:09.542462Z,0.1503060907
phase1_songs04,training_aggregate,train/avg_accuracy,126000,2026-09-08T12:08:14.661170Z,0.1415059119
phase1_songs04,training_aggregate,train/avg_accuracy,127000,2026-09-08T12:09:16.622129Z,0.1435440928
phase1_songs04,training_aggregate,train/avg_accuracy,128000,2026-09-08T12:10:15.864650Z,0.1500132531
phase1_songs04,training_aggregate,train/avg_accuracy,129000,2026-09-08T12:11:21.874871Z,0.1517027915
phase1_songs04,training_aggregate,train/avg_accuracy,130000,2026-09-08T12:12:22.938590Z,0.1526894718
phase1_songs04,training_aggregate,train/avg_loss,1000,2026-09-08T09:55:01.752100Z,7.749836922
phase1_songs04,training_aggregate,train/avg_loss,2000,2026-09-08T09:55:58.031925Z,6.581243515
phase1_songs04,training_aggregate,train/avg_loss,3000,2026-09-08T09:56:55.961224Z,6.271708488
phase1_songs04,training_aggregate,train/avg_loss,4000,2026-09-08T09:57:52.122082Z,6.092788696
phase1_songs04,training_aggregate,train/avg_loss,5000,2026-09-08T09:58:50.940650Z,6.002880573
phase1_songs04,training_aggregate,train/avg_loss,6000,2026-09-08T09:59:52.295348Z,5.940792084
phase1_songs04,training_aggregate,train/avg_loss,7000,2026-09-08T10:00:52.051694Z,5.907922745
phase1_songs04,training_aggregate,train/avg_loss,8000,2026-09-08T10:01:54.469314Z,5.860487938
phase1_songs04,training_aggregate,train/avg_loss,9000,2026-09-08T10:02:58.391616Z,5.833638668
phase1_songs04,training_aggregate,train/avg_loss,10000,2026-09-08T10:04:02.392082Z,5.796494007
phase1_songs04,training_aggregate,train/avg_loss,11000,2026-09-08T10:05:20.819744Z,5.775486946
phase1_songs04,training_aggregate,train/avg_loss,12000,2026-09-08T10:06:22.389708Z,5.747775555
phase1_songs04,training_aggregate,train/avg_loss,13000,2026-09-08T10:07:25.094828Z,5.726263046
phase1_songs04,training_aggregate,train/avg_loss,14000,2026-09-08T10:08:26.008422Z,5.683415413
phase1_songs04,training_aggregate,train/avg_loss,15000,2026-09-08T10:09:26.237938Z,5.675925255
phase1_songs04,training_aggregate,train/avg_loss,16000,2026-09-08T10:10:27.463661Z,5.646100044
phase1_songs04,training_aggregate,train/avg_loss,17000,2026-09-08T10:11:24.810233Z,5.619751453
phase1_songs04,training_aggregate,train/avg_loss,18000,2026-09-08T10:12:28.039095Z,5.604010582
phase1_songs04,training_aggregate,train/avg_loss,19000,2026-09-08T10:13:29.439641Z,5.591614246
phase1_songs04,training_aggregate,train/avg_loss,20000,2026-09-08T10:14:30.525092Z,5.565690994
phase1_songs04,training_aggregate,train/avg_loss,21000,2026-09-08T10:15:47.396696Z,5.537998199
phase1_songs04,training_aggregate,train/avg_loss,22000,2026-09-08T10:16:46.835628Z,5.524675369
phase1_songs04,training_aggregate,train/avg_loss,23000,2026-09-08T10:17:50.297941Z,5.495198727
phase1_songs04,training_aggregate,train/avg_loss,24000,2026-09-08T10:18:54.764131Z,5.475144863
phase1_songs04,training_aggregate,train/avg_loss,25000,2026-09-08T10:19:58.371202Z,5.4614501
phase1_songs04,training_aggregate,train/avg_loss,26000,2026-09-08T10:21:00.603865Z,5.442792892
phase1_songs04,training_aggregate,train/avg_loss,27000,2026-09-08T10:22:02.131345Z,5.4204669
phase1_songs04,training_aggregate,train/avg_loss,28000,2026-09-08T10:23:06.759277Z,5.399027348
phase1_songs04,training_aggregate,train/avg_loss,29000,2026-09-08T10:24:13.116764Z,5.379895687
phase1_songs04,training_aggregate,train/avg_loss,30000,2026-09-08T10:25:15.296035Z,5.370034218
phase1_songs04,training_aggregate,train/avg_loss,31000,2026-09-08T10:26:33.701487Z,5.345376968
phase1_songs04,training_aggregate,train/avg_loss,32000,2026-09-08T10:27:36.208984Z,5.333734035
phase1_songs04,training_aggregate,train/avg_loss,33000,2026-09-08T10:28:41.009871Z,5.311756134
phase1_songs04,training_aggregate,train/avg_loss,34000,2026-09-08T10:29:44.289307Z,5.285916805
phase1_songs04,training_aggregate,train/avg_loss,35000,2026-09-08T10:30:46.168077Z,5.265856743
phase1_songs04,training_aggregate,train/avg_loss,36000,2026-09-08T10:31:46.520622Z,5.247997284
phase1_songs04,training_aggregate,train/avg_loss,37000,2026-09-08T10:32:48.495989Z,5.237689495
phase1_songs04,training_aggregate,train/avg_loss,38000,2026-09-08T10:33:55.436220Z,5.223439217
phase1_songs04,training_aggregate,train/avg_loss,39000,2026-09-08T10:34:59.627572Z,5.201439857
phase1_songs04,training_aggregate,train/avg_loss,40000,2026-09-08T10:35:58.237151Z,5.197033882
phase1_songs04,training_aggregate,train/avg_loss,41000,2026-09-08T10:37:12.255065Z,5.181311607
phase1_songs04,training_aggregate,train/avg_loss,42000,2026-09-08T10:38:13.200859Z,5.169513702
phase1_songs04,training_aggregate,train/avg_loss,43000,2026-09-08T10:39:16.894592Z,5.142580032
phase1_songs04,training_aggregate,train/avg_loss,44000,2026-09-08T10:40:18.779951Z,5.139815807
phase1_songs04,training_aggregate,train/avg_loss,45000,2026-09-08T10:41:22.303695Z,5.117418766
phase1_songs04,training_aggregate,train/avg_loss,46000,2026-09-08T10:42:26.280466Z,5.11144495
phase1_songs04,training_aggregate,train/avg_loss,47000,2026-09-08T10:43:28.721973Z,5.107889652
phase1_songs04,training_aggregate,train/avg_loss,48000,2026-09-08T10:44:32.278652Z,5.098007202
phase1_songs04,training_aggregate,train/avg_loss,49000,2026-09-08T10:45:31.519482Z,5.085719109
phase1_songs04,training_aggregate,train/avg_loss,50000,2026-09-08T10:46:35.140569Z,5.064223766
phase1_songs04,training_aggregate,train/avg_loss,51000,2026-09-08T10:48:08.137712Z,5.057199478
phase1_songs04,training_aggregate,train/avg_loss,52000,2026-09-08T10:49:11.084105Z,5.062432289
phase1_songs04,training_aggregate,train/avg_loss,53000,2026-09-08T10:50:13.695394Z,5.037089348
phase1_songs04,training_aggregate,train/avg_loss,54000,2026-09-08T10:51:17.490637Z,5.037260056
phase1_songs04,training_aggregate,train/avg_loss,55000,2026-09-08T10:52:21.490079Z,5.007480145
phase1_songs04,training_aggregate,train/avg_loss,56000,2026-09-08T10:53:26.799000Z,4.994801521
phase1_songs04,training_aggregate,train/avg_loss,57000,2026-09-08T10:54:29.943514Z,4.992437363
phase1_songs04,training_aggregate,train/avg_loss,58000,2026-09-08T10:55:32.623334Z,4.993603706
phase1_songs04,training_aggregate,train/avg_loss,59000,2026-09-08T10:56:37.509395Z,4.972016335
phase1_songs04,training_aggregate,train/avg_loss,60000,2026-09-08T10:57:41.816193Z,4.961663246
phase1_songs04,training_aggregate,train/avg_loss,61000,2026-09-08T10:58:58.167191Z,4.946066856
phase1_songs04,training_aggregate,train/avg_loss,62000,2026-09-08T10:59:59.190607Z,4.940166473
phase1_songs04,training_aggregate,train/avg_loss,63000,2026-09-08T11:01:01.863363Z,4.929536343
phase1_songs04,training_aggregate,train/avg_loss,64000,2026-09-08T11:02:03.322248Z,4.903546333
phase1_songs04,training_aggregate,train/avg_loss,65000,2026-09-08T11:03:03.041188Z,4.904949188
phase1_songs04,training_aggregate,train/avg_loss,66000,2026-09-08T11:04:04.952175Z,4.894205093
phase1_songs04,training_aggregate,train/avg_loss,67000,2026-09-08T11:05:05.298313Z,4.876094341
phase1_songs04,training_aggregate,train/avg_loss,68000,2026-09-08T11:06:05.047011Z,4.86662674
phase1_songs04,training_aggregate,train/avg_loss,69000,2026-09-08T11:07:10.554945Z,4.866522312
phase1_songs04,training_aggregate,train/avg_loss,70000,2026-09-08T11:08:13.702103Z,4.84445715
phase1_songs04,training_aggregate,train/avg_loss,71000,2026-09-08T11:09:27.775489Z,4.84457159
phase1_songs04,training_aggregate,train/avg_loss,72000,2026-09-08T11:10:29.815628Z,4.830235004
phase1_songs04,training_aggregate,train/avg_loss,73000,2026-09-08T11:11:28.220125Z,4.802239418
phase1_songs04,training_aggregate,train/avg_loss,74000,2026-09-08T11:12:28.642817Z,4.808627605
phase1_songs04,training_aggregate,train/avg_loss,75000,2026-09-08T11:13:30.815588Z,4.790528297
phase1_songs04,training_aggregate,train/avg_loss,76000,2026-09-08T11:14:29.577422Z,4.789434433
phase1_songs04,training_aggregate,train/avg_loss,77000,2026-09-08T11:15:31.063362Z,4.769330025
phase1_songs04,training_aggregate,train/avg_loss,78000,2026-09-08T11:16:34.169993Z,4.762067795
phase1_songs04,training_aggregate,train/avg_loss,79000,2026-09-08T11:17:35.606813Z,4.753087521
phase1_songs04,training_aggregate,train/avg_loss,80000,2026-09-08T11:18:41.347835Z,4.749620438
phase1_songs04,training_aggregate,train/avg_loss,81000,2026-09-08T11:19:57.828372Z,4.719094276
phase1_songs04,training_aggregate,train/avg_loss,82000,2026-09-08T11:21:01.171521Z,4.740990162
phase1_songs04,training_aggregate,train/avg_loss,83000,2026-09-08T11:22:05.285307Z,4.704950809
phase1_songs04,training_aggregate,train/avg_loss,84000,2026-09-08T11:23:09.341708Z,4.706018448
phase1_songs04,training_aggregate,train/avg_loss,85000,2026-09-08T11:24:13.711723Z,4.683054447
phase1_songs04,training_aggregate,train/avg_loss,86000,2026-09-08T11:25:18.845396Z,4.6704216
phase1_songs04,training_aggregate,train/avg_loss,87000,2026-09-08T11:26:22.226184Z,4.653172016
phase1_songs04,training_aggregate,train/avg_loss,88000,2026-09-08T11:27:24.009329Z,4.64882803
phase1_songs04,training_aggregate,train/avg_loss,89000,2026-09-08T11:28:27.828318Z,4.641041279
phase1_songs04,training_aggregate,train/avg_loss,90000,2026-09-08T11:29:28.132160Z,4.620780945
phase1_songs04,training_aggregate,train/avg_loss,91000,2026-09-08T11:30:42.372109Z,4.620785236
phase1_songs04,training_aggregate,train/avg_loss,92000,2026-09-08T11:31:44.339771Z,4.606753349
phase1_songs04,training_aggregate,train/avg_loss,93000,2026-09-08T11:32:46.152579Z,4.590487003
phase1_songs04,training_aggregate,train/avg_loss,94000,2026-09-08T11:33:48.085305Z,4.583814621
phase1_songs04,training_aggregate,train/avg_loss,95000,2026-09-08T11:34:50.423621Z,4.576992989
phase1_songs04,training_aggregate,train/avg_loss,96000,2026-09-08T11:35:56.069997Z,4.555757046
phase1_songs04,training_aggregate,train/avg_loss,97000,2026-09-08T11:37:00.761649Z,4.553893089
phase1_songs04,training_aggregate,train/avg_loss,98000,2026-09-08T11:38:02.804363Z,4.56141901
phase1_songs04,training_aggregate,train/avg_loss,99000,2026-09-08T11:39:03.728826Z,4.540714264
phase1_songs04,training_aggregate,train/avg_loss,100000,2026-09-08T11:40:08.857650Z,4.531235695
phase1_songs04,training_aggregate,train/avg_loss,101000,2026-09-08T11:41:41.687340Z,4.517688751
phase1_songs04,training_aggregate,train/avg_loss,102000,2026-09-08T11:42:44.926326Z,4.503472805
phase1_songs04,training_aggregate,train/avg_loss,103000,2026-09-08T11:43:44.461468Z,4.482823372
phase1_songs04,training_aggregate,train/avg_loss,104000,2026-09-08T11:44:47.315654Z,4.472313881
phase1_songs04,training_aggregate,train/avg_loss,105000,2026-09-08T11:45:49.594474Z,4.474169254
phase1_songs04,training_aggregate,train/avg_loss,106000,2026-09-08T11:46:53.284236Z,4.47758913
phase1_songs04,training_aggregate,train/avg_loss,107000,2026-09-08T11:47:57.602901Z,4.47659874
phase1_songs04,training_aggregate,train/avg_loss,108000,2026-09-08T11:48:59.233490Z,4.456646919
phase1_songs04,training_aggregate,train/avg_loss,109000,2026-09-08T11:50:03.706285Z,4.455965996
phase1_songs04,training_aggregate,train/avg_loss,110000,2026-09-08T11:51:04.576382Z,4.451915264
phase1_songs04,training_aggregate,train/avg_loss,111000,2026-09-08T11:52:23.691587Z,4.430654526
phase1_songs04,training_aggregate,train/avg_loss,112000,2026-09-08T11:53:27.336688Z,4.437734127
phase1_songs04,training_aggregate,train/avg_loss,113000,2026-09-08T11:54:32.477714Z,4.450854778
phase1_songs04,training_aggregate,train/avg_loss,114000,2026-09-08T11:55:34.596968Z,4.434248447
phase1_songs04,training_aggregate,train/avg_loss,115000,2026-09-08T11:56:37.319356Z,4.414745808
phase1_songs04,training_aggregate,train/avg_loss,116000,2026-09-08T11:57:40.493259Z,4.432888031
phase1_songs04,training_aggregate,train/avg_loss,117000,2026-09-08T11:58:40.787992Z,4.424760818
phase1_songs04,training_aggregate,train/avg_loss,118000,2026-09-08T11:59:39.338317Z,4.448550224
phase1_songs04,training_aggregate,train/avg_loss,119000,2026-09-08T12:00:46.983633Z,4.447256088
phase1_songs04,training_aggregate,train/avg_loss,120000,2026-09-08T12:01:49.948542Z,4.478696346
phase1_songs04,training_aggregate,train/avg_loss,121000,2026-09-08T12:03:01.891818Z,4.53946209
phase1_songs04,training_aggregate,train/avg_loss,122000,2026-09-08T12:04:01.934961Z,4.584570885
phase1_songs04,training_aggregate,train/avg_loss,123000,2026-09-08T12:05:05.279309Z,4.603106022
phase1_songs04,training_aggregate,train/avg_loss,124000,2026-09-08T12:06:06.699440Z,4.624541759
phase1_songs04,training_aggregate,train/avg_loss,125000,2026-09-08T12:07:09.542382Z,4.576363087
phase1_songs04,training_aggregate,train/avg_loss,126000,2026-09-08T12:08:14.661006Z,4.633805752
phase1_songs04,training_aggregate,train/avg_loss,127000,2026-09-08T12:09:16.622040Z,4.591428757
phase1_songs04,training_aggregate,train/avg_loss,128000,2026-09-08T12:10:15.864599Z,4.517801285
phase1_songs04,training_aggregate,train/avg_loss,129000,2026-09-08T12:11:21.874758Z,4.482635021
phase1_songs04,training_aggregate,train/avg_loss,130000,2026-09-08T12:12:22.938461Z,4.482470989
phase1_songs04,training_aggregate,train/avg_nll,1000,2026-09-08T09:55:01.752619Z,7.749836922
phase1_songs04,training_aggregate,train/avg_nll,2000,2026-09-08T09:55:58.032431Z,6.581243515
phase1_songs04,training_aggregate,train/avg_nll,3000,2026-09-08T09:56:55.961470Z,6.271708488
phase1_songs04,training_aggregate,train/avg_nll,4000,2026-09-08T09:57:52.122570Z,6.092788696
phase1_songs04,training_aggregate,train/avg_nll,5000,2026-09-08T09:58:50.941220Z,6.002880573
phase1_songs04,training_aggregate,train/avg_nll,6000,2026-09-08T09:59:52.295552Z,5.940792084
phase1_songs04,training_aggregate,train/avg_nll,7000,2026-09-08T10:00:52.052202Z,5.907869816
phase1_songs04,training_aggregate,train/avg_nll,8000,2026-09-08T10:01:54.469602Z,5.847043514
phase1_songs04,training_aggregate,train/avg_nll,9000,2026-09-08T10:02:58.391937Z,5.820254803
phase1_songs04,training_aggregate,train/avg_nll,10000,2026-09-08T10:04:02.392678Z,5.783459663
phase1_songs04,training_aggregate,train/avg_nll,11000,2026-09-08T10:05:20.820168Z,5.762381554
phase1_songs04,training_aggregate,train/avg_nll,12000,2026-09-08T10:06:22.390000Z,5.734731674
phase1_songs04,training_aggregate,train/avg_nll,13000,2026-09-08T10:07:25.095485Z,5.712771893
phase1_songs04,training_aggregate,train/avg_nll,14000,2026-09-08T10:08:26.008613Z,5.67027235
phase1_songs04,training_aggregate,train/avg_nll,15000,2026-09-08T10:09:26.238285Z,5.662642956
phase1_songs04,training_aggregate,train/avg_nll,16000,2026-09-08T10:10:27.463940Z,5.633115292
phase1_songs04,training_aggregate,train/avg_nll,17000,2026-09-08T10:11:24.810535Z,5.606636047
phase1_songs04,training_aggregate,train/avg_nll,18000,2026-09-08T10:12:28.039406Z,5.590781212
phase1_songs04,training_aggregate,train/avg_nll,19000,2026-09-08T10:13:29.440022Z,5.578381538
phase1_songs04,training_aggregate,train/avg_nll,20000,2026-09-08T10:14:30.525408Z,5.55265379
phase1_songs04,training_aggregate,train/avg_nll,21000,2026-09-08T10:15:47.397207Z,5.524944782
phase1_songs04,training_aggregate,train/avg_nll,22000,2026-09-08T10:16:46.835920Z,5.51154089
phase1_songs04,training_aggregate,train/avg_nll,23000,2026-09-08T10:17:50.298617Z,5.482546329
phase1_songs04,training_aggregate,train/avg_nll,24000,2026-09-08T10:18:54.764641Z,5.462322712
phase1_songs04,training_aggregate,train/avg_nll,25000,2026-09-08T10:19:58.371548Z,5.448524952
phase1_songs04,training_aggregate,train/avg_nll,26000,2026-09-08T10:21:00.604091Z,5.429879665
phase1_songs04,training_aggregate,train/avg_nll,27000,2026-09-08T10:22:02.131590Z,5.407560349
phase1_songs04,training_aggregate,train/avg_nll,28000,2026-09-08T10:23:06.759810Z,5.386137009
phase1_songs04,training_aggregate,train/avg_nll,29000,2026-09-08T10:24:13.117209Z,5.367117405
phase1_songs04,training_aggregate,train/avg_nll,30000,2026-09-08T10:25:15.296391Z,5.357091904
phase1_songs04,training_aggregate,train/avg_nll,31000,2026-09-08T10:26:33.702020Z,5.33232975
phase1_songs04,training_aggregate,train/avg_nll,32000,2026-09-08T10:27:36.209271Z,5.321031094
phase1_songs04,training_aggregate,train/avg_nll,33000,2026-09-08T10:28:41.010391Z,5.298897743
phase1_songs04,training_aggregate,train/avg_nll,34000,2026-09-08T10:29:44.289515Z,5.273024559
phase1_songs04,training_aggregate,train/avg_nll,35000,2026-09-08T10:30:46.168509Z,5.25318861
phase1_songs04,training_aggregate,train/avg_nll,36000,2026-09-08T10:31:46.521147Z,5.235242367
phase1_songs04,training_aggregate,train/avg_nll,37000,2026-09-08T10:32:48.496272Z,5.224905968
phase1_songs04,training_aggregate,train/avg_nll,38000,2026-09-08T10:33:55.436618Z,5.210804939
phase1_songs04,training_aggregate,train/avg_nll,39000,2026-09-08T10:34:59.628102Z,5.188870907
phase1_songs04,training_aggregate,train/avg_nll,40000,2026-09-08T10:35:58.237399Z,5.184185028
phase1_songs04,training_aggregate,train/avg_nll,41000,2026-09-08T10:37:12.255568Z,5.168664455
phase1_songs04,training_aggregate,train/avg_nll,42000,2026-09-08T10:38:13.201369Z,5.156618118
phase1_songs04,training_aggregate,train/avg_nll,43000,2026-09-08T10:39:16.895077Z,5.129811287
phase1_songs04,training_aggregate,train/avg_nll,44000,2026-09-08T10:40:18.780491Z,5.127237797
phase1_songs04,training_aggregate,train/avg_nll,45000,2026-09-08T10:41:22.304135Z,5.104886532
phase1_songs04,training_aggregate,train/avg_nll,46000,2026-09-08T10:42:26.280721Z,5.098629475
phase1_songs04,training_aggregate,train/avg_nll,47000,2026-09-08T10:43:28.722233Z,5.095383644
phase1_songs04,training_aggregate,train/avg_nll,48000,2026-09-08T10:44:32.279128Z,5.085561275
phase1_songs04,training_aggregate,train/avg_nll,49000,2026-09-08T10:45:31.520045Z,5.073225021
phase1_songs04,training_aggregate,train/avg_nll,50000,2026-09-08T10:46:35.141113Z,5.051552296
phase1_songs04,training_aggregate,train/avg_nll,51000,2026-09-08T10:48:08.138243Z,5.044599533
phase1_songs04,training_aggregate,train/avg_nll,52000,2026-09-08T10:49:11.084696Z,5.049740314
phase1_songs04,training_aggregate,train/avg_nll,53000,2026-09-08T10:50:13.695695Z,5.024800301
phase1_songs04,training_aggregate,train/avg_nll,54000,2026-09-08T10:51:17.491109Z,5.024729729
phase1_songs04,training_aggregate,train/avg_nll,55000,2026-09-08T10:52:21.490568Z,4.994857311
phase1_songs04,training_aggregate,train/avg_nll,56000,2026-09-08T10:53:26.799541Z,4.982446671
phase1_songs04,training_aggregate,train/avg_nll,57000,2026-09-08T10:54:29.944013Z,4.980031967
phase1_songs04,training_aggregate,train/avg_nll,58000,2026-09-08T10:55:32.623442Z,4.981287956
phase1_songs04,training_aggregate,train/avg_nll,59000,2026-09-08T10:56:37.510020Z,4.959711075
phase1_songs04,training_aggregate,train/avg_nll,60000,2026-09-08T10:57:41.816700Z,4.949213505
phase1_songs04,training_aggregate,train/avg_nll,61000,2026-09-08T10:58:58.167781Z,4.933793068
phase1_songs04,training_aggregate,train/avg_nll,62000,2026-09-08T10:59:59.190895Z,4.92770052
phase1_songs04,training_aggregate,train/avg_nll,63000,2026-09-08T11:01:01.863876Z,4.916910172
phase1_songs04,training_aggregate,train/avg_nll,64000,2026-09-08T11:02:03.322544Z,4.891167641
phase1_songs04,training_aggregate,train/avg_nll,65000,2026-09-08T11:03:03.041695Z,4.892588139
phase1_songs04,training_aggregate,train/avg_nll,66000,2026-09-08T11:04:04.952679Z,4.881829739
phase1_songs04,training_aggregate,train/avg_nll,67000,2026-09-08T11:05:05.298674Z,4.863856792
phase1_songs04,training_aggregate,train/avg_nll,68000,2026-09-08T11:06:05.047337Z,4.854385376
phase1_songs04,training_aggregate,train/avg_nll,69000,2026-09-08T11:07:10.555410Z,4.854112148
phase1_songs04,training_aggregate,train/avg_nll,70000,2026-09-08T11:08:13.702598Z,4.831779957
phase1_songs04,training_aggregate,train/avg_nll,71000,2026-09-08T11:09:27.776108Z,4.832128525
phase1_songs04,training_aggregate,train/avg_nll,72000,2026-09-08T11:10:29.816139Z,4.817831516
phase1_songs04,training_aggregate,train/avg_nll,73000,2026-09-08T11:11:28.220615Z,4.790216923
phase1_songs04,training_aggregate,train/avg_nll,74000,2026-09-08T11:12:28.643303Z,4.796494484
phase1_songs04,training_aggregate,train/avg_nll,75000,2026-09-08T11:13:30.816140Z,4.77842617
phase1_songs04,training_aggregate,train/avg_nll,76000,2026-09-08T11:14:29.577752Z,4.777287006
phase1_songs04,training_aggregate,train/avg_nll,77000,2026-09-08T11:15:31.063864Z,4.757099628
phase1_songs04,training_aggregate,train/avg_nll,78000,2026-09-08T11:16:34.170501Z,4.749994755
phase1_songs04,training_aggregate,train/avg_nll,79000,2026-09-08T11:17:35.607342Z,4.741260529
phase1_songs04,training_aggregate,train/avg_nll,80000,2026-09-08T11:18:41.348026Z,4.737314701
phase1_songs04,training_aggregate,train/avg_nll,81000,2026-09-08T11:19:57.828956Z,4.707149982
phase1_songs04,training_aggregate,train/avg_nll,82000,2026-09-08T11:21:01.172036Z,4.728565693
phase1_songs04,training_aggregate,train/avg_nll,83000,2026-09-08T11:22:05.285799Z,4.69278717
phase1_songs04,training_aggregate,train/avg_nll,84000,2026-09-08T11:23:09.342033Z,4.693880081
phase1_songs04,training_aggregate,train/avg_nll,85000,2026-09-08T11:24:13.711999Z,4.670678139
phase1_songs04,training_aggregate,train/avg_nll,86000,2026-09-08T11:25:18.845948Z,4.658392906
phase1_songs04,training_aggregate,train/avg_nll,87000,2026-09-08T11:26:22.226690Z,4.641198635
phase1_songs04,training_aggregate,train/avg_nll,88000,2026-09-08T11:27:24.009693Z,4.637009621
phase1_songs04,training_aggregate,train/avg_nll,89000,2026-09-08T11:28:27.828599Z,4.628921032
phase1_songs04,training_aggregate,train/avg_nll,90000,2026-09-08T11:29:28.132658Z,4.60858345
phase1_songs04,training_aggregate,train/avg_nll,91000,2026-09-08T11:30:42.372386Z,4.608556747
phase1_songs04,training_aggregate,train/avg_nll,92000,2026-09-08T11:31:44.340346Z,4.594878197
phase1_songs04,training_aggregate,train/avg_nll,93000,2026-09-08T11:32:46.153288Z,4.578631878
phase1_songs04,training_aggregate,train/avg_nll,94000,2026-09-08T11:33:48.085819Z,4.571866512
phase1_songs04,training_aggregate,train/avg_nll,95000,2026-09-08T11:34:50.423816Z,4.565110207
phase1_songs04,training_aggregate,train/avg_nll,96000,2026-09-08T11:35:56.070550Z,4.543934345
phase1_songs04,training_aggregate,train/avg_nll,97000,2026-09-08T11:37:00.762152Z,4.542151451
phase1_songs04,training_aggregate,train/avg_nll,98000,2026-09-08T11:38:02.804877Z,4.549338818
phase1_songs04,training_aggregate,train/avg_nll,99000,2026-09-08T11:39:03.729109Z,4.528749466
phase1_songs04,training_aggregate,train/avg_nll,100000,2026-09-08T11:40:08.858163Z,4.519284248
phase1_songs04,training_aggregate,train/avg_nll,101000,2026-09-08T11:41:41.687860Z,4.50578928
phase1_songs04,training_aggregate,train/avg_nll,102000,2026-09-08T11:42:44.926831Z,4.49198103
phase1_songs04,training_aggregate,train/avg_nll,103000,2026-09-08T11:43:44.461968Z,4.470867157
phase1_songs04,training_aggregate,train/avg_nll,104000,2026-09-08T11:44:47.316180Z,4.460678577
phase1_songs04,training_aggregate,train/avg_nll,105000,2026-09-08T11:45:49.594741Z,4.46248579
phase1_songs04,training_aggregate,train/avg_nll,106000,2026-09-08T11:46:53.284740Z,4.465913773
phase1_songs04,training_aggregate,train/avg_nll,107000,2026-09-08T11:47:57.603395Z,4.464810371
phase1_songs04,training_aggregate,train/avg_nll,108000,2026-09-08T11:48:59.234010Z,4.444785118
phase1_songs04,training_aggregate,train/avg_nll,109000,2026-09-08T11:50:03.706772Z,4.444160461
phase1_songs04,training_aggregate,train/avg_nll,110000,2026-09-08T11:51:04.576864Z,4.44008255
phase1_songs04,training_aggregate,train/avg_nll,111000,2026-09-08T11:52:23.691772Z,4.41889286
phase1_songs04,training_aggregate,train/avg_nll,112000,2026-09-08T11:53:27.337234Z,4.426026821
phase1_songs04,training_aggregate,train/avg_nll,113000,2026-09-08T11:54:32.478284Z,4.439052105
phase1_songs04,training_aggregate,train/avg_nll,114000,2026-09-08T11:55:34.597553Z,4.422427654
phase1_songs04,training_aggregate,train/avg_nll,115000,2026-09-08T11:56:37.319637Z,4.40292263
phase1_songs04,training_aggregate,train/avg_nll,116000,2026-09-08T11:57:40.493549Z,4.421187878
phase1_songs04,training_aggregate,train/avg_nll,117000,2026-09-08T11:58:40.788319Z,4.412924767
phase1_songs04,training_aggregate,train/avg_nll,118000,2026-09-08T11:59:39.338875Z,4.436705112
phase1_songs04,training_aggregate,train/avg_nll,119000,2026-09-08T12:00:46.984150Z,4.435587406
phase1_songs04,training_aggregate,train/avg_nll,120000,2026-09-08T12:01:49.949255Z,4.466929913
phase1_songs04,training_aggregate,train/avg_nll,121000,2026-09-08T12:03:01.892350Z,4.527326584
phase1_songs04,training_aggregate,train/avg_nll,122000,2026-09-08T12:04:01.935250Z,4.572591305
phase1_songs04,training_aggregate,train/avg_nll,123000,2026-09-08T12:05:05.280074Z,4.591144562
phase1_songs04,training_aggregate,train/avg_nll,124000,2026-09-08T12:06:06.699869Z,4.612800121
phase1_songs04,training_aggregate,train/avg_nll,125000,2026-09-08T12:07:09.542679Z,4.564350605
phase1_songs04,training_aggregate,train/avg_nll,126000,2026-09-08T12:08:14.661610Z,4.621910572
phase1_songs04,training_aggregate,train/avg_nll,127000,2026-09-08T12:09:16.622536Z,4.579493523
phase1_songs04,training_aggregate,train/avg_nll,128000,2026-09-08T12:10:15.864903Z,4.505587101
phase1_songs04,training_aggregate,train/avg_nll,129000,2026-09-08T12:11:21.875268Z,4.47065258
phase1_songs04,training_aggregate,train/avg_nll,130000,2026-09-08T12:12:22.939087Z,4.470535755
phase1_songs04,training_aggregate,train/avg_ppl,1000,2026-09-08T09:55:01.752520Z,4572.450684
phase1_songs04,training_aggregate,train/avg_ppl,2000,2026-09-08T09:55:58.032331Z,735.6651611
phase1_songs04,training_aggregate,train/avg_ppl,3000,2026-09-08T09:56:55.961455Z,537.923645
phase1_songs04,training_aggregate,train/avg_ppl,4000,2026-09-08T09:57:52.122469Z,449.3293152
phase1_songs04,training_aggregate,train/avg_ppl,5000,2026-09-08T09:58:50.941108Z,410.4708557
phase1_songs04,training_aggregate,train/avg_ppl,6000,2026-09-08T09:59:52.295503Z,386.1676941
phase1_songs04,training_aggregate,train/avg_ppl,7000,2026-09-08T10:00:52.052100Z,373.7809753
phase1_songs04,training_aggregate,train/avg_ppl,8000,2026-09-08T10:01:54.469543Z,352.2816772
phase1_songs04,training_aggregate,train/avg_ppl,9000,2026-09-08T10:02:58.391868Z,343.0335693
phase1_songs04,training_aggregate,train/avg_ppl,10000,2026-09-08T10:04:02.392558Z,330.7292786
phase1_songs04,training_aggregate,train/avg_ppl,11000,2026-09-08T10:05:20.820083Z,323.3334351
phase1_songs04,training_aggregate,train/avg_ppl,12000,2026-09-08T10:06:22.389948Z,314.7304077
phase1_songs04,training_aggregate,train/avg_ppl,13000,2026-09-08T10:07:25.095347Z,307.610321
phase1_songs04,training_aggregate,train/avg_ppl,14000,2026-09-08T10:08:26.008569Z,294.7704468
phase1_songs04,training_aggregate,train/avg_ppl,15000,2026-09-08T10:09:26.238217Z,292.9660034
phase1_songs04,training_aggregate,train/avg_ppl,16000,2026-09-08T10:10:27.463885Z,284.3739929
phase1_songs04,training_aggregate,train/avg_ppl,17000,2026-09-08T10:11:24.810466Z,276.5875549
phase1_songs04,training_aggregate,train/avg_ppl,18000,2026-09-08T10:12:28.039342Z,272.4839478
phase1_songs04,training_aggregate,train/avg_ppl,19000,2026-09-08T10:13:29.439946Z,268.7970886
phase1_songs04,training_aggregate,train/avg_ppl,20000,2026-09-08T10:14:30.525309Z,262.1890564
phase1_songs04,training_aggregate,train/avg_ppl,21000,2026-09-08T10:15:47.397105Z,255.1424408
phase1_songs04,training_aggregate,train/avg_ppl,22000,2026-09-08T10:16:46.835788Z,251.6990662
phase1_songs04,training_aggregate,train/avg_ppl,23000,2026-09-08T10:17:50.298484Z,244.4149628
phase1_songs04,training_aggregate,train/avg_ppl,24000,2026-09-08T10:18:54.764539Z,239.4460907
phase1_songs04,training_aggregate,train/avg_ppl,25000,2026-09-08T10:19:58.371478Z,236.6311493
phase1_songs04,training_aggregate,train/avg_ppl,26000,2026-09-08T10:21:00.604045Z,232.0438538
phase1_songs04,training_aggregate,train/avg_ppl,27000,2026-09-08T10:22:02.131543Z,226.6078186
phase1_songs04,training_aggregate,train/avg_ppl,28000,2026-09-08T10:23:06.759701Z,222.2733307
phase1_songs04,training_aggregate,train/avg_ppl,29000,2026-09-08T10:24:13.117115Z,217.8362732
phase1_songs04,training_aggregate,train/avg_ppl,30000,2026-09-08T10:25:15.296316Z,215.585907
phase1_songs04,training_aggregate,train/avg_ppl,31000,2026-09-08T10:26:33.701911Z,210.0992889
phase1_songs04,training_aggregate,train/avg_ppl,32000,2026-09-08T10:27:36.209219Z,207.8602295
phase1_songs04,training_aggregate,train/avg_ppl,33000,2026-09-08T10:28:41.010289Z,203.8108368
phase1_songs04,training_aggregate,train/avg_ppl,34000,2026-09-08T10:29:44.289473Z,198.5477448
phase1_songs04,training_aggregate,train/avg_ppl,35000,2026-09-08T10:30:46.168408Z,194.6775055
phase1_songs04,training_aggregate,train/avg_ppl,36000,2026-09-08T10:31:46.521044Z,191.0516357
phase1_songs04,training_aggregate,train/avg_ppl,37000,2026-09-08T10:32:48.496218Z,189.012146
phase1_songs04,training_aggregate,train/avg_ppl,38000,2026-09-08T10:33:55.436545Z,186.3222046
phase1_songs04,training_aggregate,train/avg_ppl,39000,2026-09-08T10:34:59.627994Z,182.1961517
phase1_songs04,training_aggregate,train/avg_ppl,40000,2026-09-08T10:35:58.237342Z,181.7078552
phase1_songs04,training_aggregate,train/avg_ppl,41000,2026-09-08T10:37:12.255466Z,178.6465607
phase1_songs04,training_aggregate,train/avg_ppl,42000,2026-09-08T10:38:13.201267Z,176.4831848
phase1_songs04,training_aggregate,train/avg_ppl,43000,2026-09-08T10:39:16.894979Z,172.0011444
phase1_songs04,training_aggregate,train/avg_ppl,44000,2026-09-08T10:40:18.780377Z,171.3372955
phase1_songs04,training_aggregate,train/avg_ppl,45000,2026-09-08T10:41:22.304047Z,167.6044159
phase1_songs04,training_aggregate,train/avg_ppl,46000,2026-09-08T10:42:26.280658Z,166.875061
phase1_songs04,training_aggregate,train/avg_ppl,47000,2026-09-08T10:43:28.722182Z,166.2179108
phase1_songs04,training_aggregate,train/avg_ppl,48000,2026-09-08T10:44:32.279072Z,164.8798676
phase1_songs04,training_aggregate,train/avg_ppl,49000,2026-09-08T10:45:31.519931Z,162.8129272
phase1_songs04,training_aggregate,train/avg_ppl,50000,2026-09-08T10:46:35.141009Z,159.5727386
phase1_songs04,training_aggregate,train/avg_ppl,51000,2026-09-08T10:48:08.138117Z,158.6085663
phase1_songs04,training_aggregate,train/avg_ppl,52000,2026-09-08T10:49:11.084590Z,159.5525055
phase1_songs04,training_aggregate,train/avg_ppl,53000,2026-09-08T10:50:13.695642Z,155.7910309
phase1_songs04,training_aggregate,train/avg_ppl,54000,2026-09-08T10:51:17.491052Z,155.4977112
phase1_songs04,training_aggregate,train/avg_ppl,55000,2026-09-08T10:52:21.490469Z,151.1226654
phase1_songs04,training_aggregate,train/avg_ppl,56000,2026-09-08T10:53:26.799436Z,149.2761078
phase1_songs04,training_aggregate,train/avg_ppl,57000,2026-09-08T10:54:29.943913Z,148.5963593
phase1_songs04,training_aggregate,train/avg_ppl,58000,2026-09-08T10:55:32.623425Z,148.8538208
phase1_songs04,training_aggregate,train/avg_ppl,59000,2026-09-08T10:56:37.509896Z,145.7703705
phase1_songs04,training_aggregate,train/avg_ppl,60000,2026-09-08T10:57:41.816597Z,144.3114929
phase1_songs04,training_aggregate,train/avg_ppl,61000,2026-09-08T10:58:58.167644Z,142.2868042
phase1_songs04,training_aggregate,train/avg_ppl,62000,2026-09-08T10:59:59.190842Z,141.2705383
phase1_songs04,training_aggregate,train/avg_ppl,63000,2026-09-08T11:01:01.863757Z,139.7809448
phase1_songs04,training_aggregate,train/avg_ppl,64000,2026-09-08T11:02:03.322491Z,136.3220825
phase1_songs04,training_aggregate,train/avg_ppl,65000,2026-09-08T11:03:03.041594Z,136.6807404
phase1_songs04,training_aggregate,train/avg_ppl,66000,2026-09-08T11:04:04.952578Z,135.3943481
phase1_songs04,training_aggregate,train/avg_ppl,67000,2026-09-08T11:05:05.298603Z,132.7907257
phase1_songs04,training_aggregate,train/avg_ppl,68000,2026-09-08T11:06:05.047273Z,131.073288
phase1_songs04,training_aggregate,train/avg_ppl,69000,2026-09-08T11:07:10.555316Z,131.4331055
phase1_songs04,training_aggregate,train/avg_ppl,70000,2026-09-08T11:08:13.702497Z,128.6368713
phase1_songs04,training_aggregate,train/avg_ppl,71000,2026-09-08T11:09:27.775987Z,128.4954834
phase1_songs04,training_aggregate,train/avg_ppl,72000,2026-09-08T11:10:29.816038Z,126.7403107
phase1_songs04,training_aggregate,train/avg_ppl,73000,2026-09-08T11:11:28.220512Z,123.3648529
phase1_songs04,training_aggregate,train/avg_ppl,74000,2026-09-08T11:12:28.643203Z,124.1111526
phase1_songs04,training_aggregate,train/avg_ppl,75000,2026-09-08T11:13:30.816028Z,121.7262573
phase1_songs04,training_aggregate,train/avg_ppl,76000,2026-09-08T11:14:29.577684Z,121.9514465
phase1_songs04,training_aggregate,train/avg_ppl,77000,2026-09-08T11:15:31.063753Z,119.3096237
phase1_songs04,training_aggregate,train/avg_ppl,78000,2026-09-08T11:16:34.170398Z,118.551796
phase1_songs04,training_aggregate,train/avg_ppl,79000,2026-09-08T11:17:35.607239Z,117.5883789
phase1_songs04,training_aggregate,train/avg_ppl,80000,2026-09-08T11:18:41.347983Z,116.8061447
phase1_songs04,training_aggregate,train/avg_ppl,81000,2026-09-08T11:19:57.828844Z,113.3855591
phase1_songs04,training_aggregate,train/avg_ppl,82000,2026-09-08T11:21:01.171933Z,115.9630966
phase1_songs04,training_aggregate,train/avg_ppl,83000,2026-09-08T11:22:05.285693Z,112.0067673
phase1_songs04,training_aggregate,train/avg_ppl,84000,2026-09-08T11:23:09.341961Z,112.0629044
phase1_songs04,training_aggregate,train/avg_ppl,85000,2026-09-08T11:24:13.711947Z,109.648674
phase1_songs04,training_aggregate,train/avg_ppl,86000,2026-09-08T11:25:18.845839Z,108.3084641
phase1_songs04,training_aggregate,train/avg_ppl,87000,2026-09-08T11:26:22.226588Z,106.4198761
phase1_songs04,training_aggregate,train/avg_ppl,88000,2026-09-08T11:27:24.009624Z,105.981369
phase1_songs04,training_aggregate,train/avg_ppl,89000,2026-09-08T11:28:27.828546Z,105.034874
phase1_songs04,training_aggregate,train/avg_ppl,90000,2026-09-08T11:29:28.132555Z,103.1144562
phase1_songs04,training_aggregate,train/avg_ppl,91000,2026-09-08T11:30:42.372333Z,103.109436
phase1_songs04,training_aggregate,train/avg_ppl,92000,2026-09-08T11:31:44.340240Z,101.7050476
phase1_songs04,training_aggregate,train/avg_ppl,93000,2026-09-08T11:32:46.153136Z,99.89503479
phase1_songs04,training_aggregate,train/avg_ppl,94000,2026-09-08T11:33:48.085709Z,99.42965698
phase1_songs04,training_aggregate,train/avg_ppl,95000,2026-09-08T11:34:50.423761Z,98.72673035
phase1_songs04,training_aggregate,train/avg_ppl,96000,2026-09-08T11:35:56.070438Z,96.65635681
phase1_songs04,training_aggregate,train/avg_ppl,97000,2026-09-08T11:37:00.762049Z,96.42690277
phase1_songs04,training_aggregate,train/avg_ppl,98000,2026-09-08T11:38:02.804763Z,96.93052673
phase1_songs04,training_aggregate,train/avg_ppl,99000,2026-09-08T11:39:03.729057Z,95.07659912
phase1_songs04,training_aggregate,train/avg_ppl,100000,2026-09-08T11:40:08.858058Z,94.12301636
phase1_songs04,training_aggregate,train/avg_ppl,101000,2026-09-08T11:41:41.687749Z,92.85379028
phase1_songs04,training_aggregate,train/avg_ppl,102000,2026-09-08T11:42:44.926712Z,91.75558472
phase1_songs04,training_aggregate,train/avg_ppl,103000,2026-09-08T11:43:44.461865Z,89.87947845
phase1_songs04,training_aggregate,train/avg_ppl,104000,2026-09-08T11:44:47.316072Z,88.96526337
phase1_songs04,training_aggregate,train/avg_ppl,105000,2026-09-08T11:45:49.594687Z,89.09777832
phase1_songs04,training_aggregate,train/avg_ppl,106000,2026-09-08T11:46:53.284637Z,89.17784882
phase1_songs04,training_aggregate,train/avg_ppl,107000,2026-09-08T11:47:57.603295Z,89.41687775
phase1_songs04,training_aggregate,train/avg_ppl,108000,2026-09-08T11:48:59.233906Z,87.58033752
phase1_songs04,training_aggregate,train/avg_ppl,109000,2026-09-08T11:50:03.706671Z,87.47486115
phase1_songs04,training_aggregate,train/avg_ppl,110000,2026-09-08T11:51:04.576761Z,86.88655853
phase1_songs04,training_aggregate,train/avg_ppl,111000,2026-09-08T11:52:23.691728Z,85.21957397
phase1_songs04,training_aggregate,train/avg_ppl,112000,2026-09-08T11:53:27.337110Z,86.03695679
phase1_songs04,training_aggregate,train/avg_ppl,113000,2026-09-08T11:54:32.478174Z,86.98291779
phase1_songs04,training_aggregate,train/avg_ppl,114000,2026-09-08T11:55:34.597441Z,85.83109283
phase1_songs04,training_aggregate,train/avg_ppl,115000,2026-09-08T11:56:37.319583Z,84.02172852
phase1_songs04,training_aggregate,train/avg_ppl,116000,2026-09-08T11:57:40.493528Z,85.41953278
phase1_songs04,training_aggregate,train/avg_ppl,117000,2026-09-08T11:58:40.788259Z,84.91831207
phase1_songs04,training_aggregate,train/avg_ppl,118000,2026-09-08T11:59:39.338750Z,86.7869339
phase1_songs04,training_aggregate,train/avg_ppl,119000,2026-09-08T12:00:46.984049Z,86.77976227
phase1_songs04,training_aggregate,train/avg_ppl,120000,2026-09-08T12:01:49.949118Z,89.51087952
phase1_songs04,training_aggregate,train/avg_ppl,121000,2026-09-08T12:03:01.892248Z,94.85908508
phase1_songs04,training_aggregate,train/avg_ppl,122000,2026-09-08T12:04:01.935197Z,99.14260101
phase1_songs04,training_aggregate,train/avg_ppl,123000,2026-09-08T12:05:05.279906Z,101.0049133
phase1_songs04,training_aggregate,train/avg_ppl,124000,2026-09-08T12:06:06.699771Z,103.2696381
phase1_songs04,training_aggregate,train/avg_ppl,125000,2026-09-08T12:07:09.542625Z,98.44295502
phase1_songs04,training_aggregate,train/avg_ppl,126000,2026-09-08T12:08:14.661503Z,104.2451477
phase1_songs04,training_aggregate,train/avg_ppl,127000,2026-09-08T12:09:16.622435Z,100.4207687
phase1_songs04,training_aggregate,train/avg_ppl,128000,2026-09-08T12:10:15.864842Z,92.65625
phase1_songs04,training_aggregate,train/avg_ppl,129000,2026-09-08T12:11:21.875167Z,89.51160431
phase1_songs04,training_aggregate,train/avg_ppl,130000,2026-09-08T12:12:22.938964Z,89.28980255
phase1_songs04,validation_metric,val/combined_loss,10000,2026-09-08T10:04:02.908686Z,5.080145359
phase1_songs04,validation_metric,val/combined_loss,20000,2026-09-08T10:14:31.020336Z,5.073477745
phase1_songs04,validation_metric,val/combined_loss,30000,2026-09-08T10:25:15.750258Z,5.120631695
phase1_songs04,validation_metric,val/combined_loss,40000,2026-09-08T10:35:58.870079Z,5.129659653
phase1_songs04,validation_metric,val/combined_loss,50000,2026-09-08T10:46:35.621914Z,5.289101124
phase1_songs04,validation_metric,val/combined_loss,60000,2026-09-08T10:57:42.318686Z,5.341013432
phase1_songs04,validation_metric,val/combined_loss,70000,2026-09-08T11:08:14.350457Z,5.30599165
phase1_songs04,validation_metric,val/combined_loss,80000,2026-09-08T11:18:41.894479Z,5.439629555
phase1_songs04,validation_metric,val/combined_loss,90000,2026-09-08T11:29:28.618154Z,5.415490627
phase1_songs04,validation_metric,val/combined_loss,100000,2026-09-08T11:40:09.310301Z,5.428285599
phase1_songs04,validation_metric,val/combined_loss,110000,2026-09-08T11:51:05.073513Z,5.506573677
phase1_songs04,validation_metric,val/combined_loss,120000,2026-09-08T12:01:50.090720Z,5.554273129
phase1_songs04,validation_metric,val/combined_loss,130000,2026-09-08T12:12:23.096406Z,5.535005093
phase1_songs04,validation_metric,val/high_acc_top1,10000,2026-09-08T10:04:02.908077Z,0.0126953125
phase1_songs04,validation_metric,val/high_acc_top1,20000,2026-09-08T10:14:31.019598Z,0.01302083395
phase1_songs04,validation_metric,val/high_acc_top1,30000,2026-09-08T10:25:15.749812Z,0.01725260541
phase1_songs04,validation_metric,val/high_acc_top1,40000,2026-09-08T10:35:58.869319Z,0.01302083302
phase1_songs04,validation_metric,val/high_acc_top1,50000,2026-09-08T10:46:35.621188Z,0.01236979198
phase1_songs04,validation_metric,val/high_acc_top1,60000,2026-09-08T10:57:42.317984Z,0.01497395802
phase1_songs04,validation_metric,val/high_acc_top1,70000,2026-09-08T11:08:14.349714Z,0.02115885355
phase1_songs04,validation_metric,val/high_acc_top1,80000,2026-09-08T11:18:41.893696Z,0.01334635448
phase1_songs04,validation_metric,val/high_acc_top1,90000,2026-09-08T11:29:28.617308Z,0.01953125
phase1_songs04,validation_metric,val/high_acc_top1,100000,2026-09-08T11:40:09.309585Z,0.02115885541
phase1_songs04,validation_metric,val/high_acc_top1,110000,2026-09-08T11:51:05.072793Z,0.0185546875
phase1_songs04,validation_metric,val/high_acc_top1,120000,2026-09-08T12:01:50.090007Z,0.01302083395
phase1_songs04,validation_metric,val/high_acc_top1,130000,2026-09-08T12:12:23.095595Z,0.01399739645
phase1_songs04,validation_metric,val/high_acc_top5,10000,2026-09-08T10:04:02.908084Z,0.0439453125
phase1_songs04,validation_metric,val/high_acc_top5,20000,2026-09-08T10:14:31.019605Z,0.05143229291
phase1_songs04,validation_metric,val/high_acc_top5,30000,2026-09-08T10:25:15.749818Z,0.04850260541
phase1_songs04,validation_metric,val/high_acc_top5,40000,2026-09-08T10:35:58.869325Z,0.05078125
phase1_songs04,validation_metric,val/high_acc_top5,50000,2026-09-08T10:46:35.621195Z,0.04850260541
phase1_songs04,validation_metric,val/high_acc_top5,60000,2026-09-08T10:57:42.317990Z,0.05631510541
phase1_songs04,validation_metric,val/high_acc_top5,70000,2026-09-08T11:08:14.349720Z,0.05891927332
phase1_songs04,validation_metric,val/high_acc_top5,80000,2026-09-08T11:18:41.893702Z,0.04231771082
phase1_songs04,validation_metric,val/high_acc_top5,90000,2026-09-08T11:29:28.617315Z,0.0546875
phase1_songs04,validation_metric,val/high_acc_top5,100000,2026-09-08T11:40:09.309591Z,0.03548177332
phase1_songs04,validation_metric,val/high_acc_top5,110000,2026-09-08T11:51:05.072805Z,0.04134114832
phase1_songs04,validation_metric,val/high_acc_top5,120000,2026-09-08T12:01:50.090014Z,0.0400390625
phase1_songs04,validation_metric,val/high_acc_top5,130000,2026-09-08T12:12:23.095601Z,0.0380859375
phase1_songs04,validation_metric,val/high_len_1_acc_top1,10000,2026-09-08T10:04:02.764781Z,0
phase1_songs04,validation_metric,val/high_len_1_acc_top1,20000,2026-09-08T10:14:30.887122Z,0
phase1_songs04,validation_metric,val/high_len_1_acc_top1,30000,2026-09-08T10:25:15.646249Z,0
phase1_songs04,validation_metric,val/high_len_1_acc_top1,40000,2026-09-08T10:35:58.732518Z,0.015625
phase1_songs04,validation_metric,val/high_len_1_acc_top1,50000,2026-09-08T10:46:35.512043Z,0.015625
phase1_songs04,validation_metric,val/high_len_1_acc_top1,60000,2026-09-08T10:57:42.186333Z,0.015625
phase1_songs04,validation_metric,val/high_len_1_acc_top1,70000,2026-09-08T11:08:14.238065Z,0.015625
phase1_songs04,validation_metric,val/high_len_1_acc_top1,80000,2026-09-08T11:18:41.746263Z,0.015625
phase1_songs04,validation_metric,val/high_len_1_acc_top1,90000,2026-09-08T11:29:28.499327Z,0.046875
phase1_songs04,validation_metric,val/high_len_1_acc_top1,100000,2026-09-08T11:40:09.202984Z,0.03125
phase1_songs04,validation_metric,val/high_len_1_acc_top1,110000,2026-09-08T11:51:04.939126Z,0.03125
phase1_songs04,validation_metric,val/high_len_1_acc_top1,120000,2026-09-08T12:01:49.967134Z,0.015625
phase1_songs04,validation_metric,val/high_len_1_acc_top1,130000,2026-09-08T12:12:22.955882Z,0.015625
phase1_songs04,validation_metric,val/high_len_1_acc_top5,10000,2026-09-08T10:04:02.764788Z,0.046875
phase1_songs04,validation_metric,val/high_len_1_acc_top5,20000,2026-09-08T10:14:30.887129Z,0.046875
phase1_songs04,validation_metric,val/high_len_1_acc_top5,30000,2026-09-08T10:25:15.646256Z,0.03125
phase1_songs04,validation_metric,val/high_len_1_acc_top5,40000,2026-09-08T10:35:58.732527Z,0.0625
phase1_songs04,validation_metric,val/high_len_1_acc_top5,50000,2026-09-08T10:46:35.512050Z,0.0625
phase1_songs04,validation_metric,val/high_len_1_acc_top5,60000,2026-09-08T10:57:42.186342Z,0.078125
phase1_songs04,validation_metric,val/high_len_1_acc_top5,70000,2026-09-08T11:08:14.238074Z,0.078125
phase1_songs04,validation_metric,val/high_len_1_acc_top5,80000,2026-09-08T11:18:41.746273Z,0.046875
phase1_songs04,validation_metric,val/high_len_1_acc_top5,90000,2026-09-08T11:29:28.499337Z,0.09375
phase1_songs04,validation_metric,val/high_len_1_acc_top5,100000,2026-09-08T11:40:09.202991Z,0.046875
phase1_songs04,validation_metric,val/high_len_1_acc_top5,110000,2026-09-08T11:51:04.939136Z,0.0625
phase1_songs04,validation_metric,val/high_len_1_acc_top5,120000,2026-09-08T12:01:49.967141Z,0.0625
phase1_songs04,validation_metric,val/high_len_1_acc_top5,130000,2026-09-08T12:12:22.955889Z,0.046875
phase1_songs04,validation_metric,val/high_len_1_loss,10000,2026-09-08T10:04:02.764731Z,6.463012695
phase1_songs04,validation_metric,val/high_len_1_loss,20000,2026-09-08T10:14:30.887074Z,6.43157959
phase1_songs04,validation_metric,val/high_len_1_loss,30000,2026-09-08T10:25:15.646195Z,6.552978516
phase1_songs04,validation_metric,val/high_len_1_loss,40000,2026-09-08T10:35:58.732458Z,6.567657471
phase1_songs04,validation_metric,val/high_len_1_loss,50000,2026-09-08T10:46:35.511995Z,6.906784058
phase1_songs04,validation_metric,val/high_len_1_loss,60000,2026-09-08T10:57:42.186273Z,6.774169922
phase1_songs04,validation_metric,val/high_len_1_loss,70000,2026-09-08T11:08:14.238010Z,7.000396729
phase1_songs04,validation_metric,val/high_len_1_loss,80000,2026-09-08T11:18:41.746200Z,7.206451416
phase1_songs04,validation_metric,val/high_len_1_loss,90000,2026-09-08T11:29:28.499264Z,7.300872803
phase1_songs04,validation_metric,val/high_len_1_loss,100000,2026-09-08T11:40:09.202938Z,7.214950562
phase1_songs04,validation_metric,val/high_len_1_loss,110000,2026-09-08T11:51:04.939062Z,7.323013306
phase1_songs04,validation_metric,val/high_len_1_loss,120000,2026-09-08T12:01:49.967092Z,7.361755371
phase1_songs04,validation_metric,val/high_len_1_loss,130000,2026-09-08T12:12:22.955835Z,7.462051392
phase1_songs04,validation_metric,val/high_len_1_nll,10000,2026-09-08T10:04:02.764764Z,6.463012695
phase1_songs04,validation_metric,val/high_len_1_nll,20000,2026-09-08T10:14:30.887106Z,6.43157959
phase1_songs04,validation_metric,val/high_len_1_nll,30000,2026-09-08T10:25:15.646230Z,6.552978516
phase1_songs04,validation_metric,val/high_len_1_nll,40000,2026-09-08T10:35:58.732495Z,6.567657471
phase1_songs04,validation_metric,val/high_len_1_nll,50000,2026-09-08T10:46:35.512025Z,6.906784058
phase1_songs04,validation_metric,val/high_len_1_nll,60000,2026-09-08T10:57:42.186311Z,6.774169922
phase1_songs04,validation_metric,val/high_len_1_nll,70000,2026-09-08T11:08:14.238045Z,7.000396729
phase1_songs04,validation_metric,val/high_len_1_nll,80000,2026-09-08T11:18:41.746238Z,7.206451416
phase1_songs04,validation_metric,val/high_len_1_nll,90000,2026-09-08T11:29:28.499304Z,7.300872803
phase1_songs04,validation_metric,val/high_len_1_nll,100000,2026-09-08T11:40:09.202968Z,7.214950562
phase1_songs04,validation_metric,val/high_len_1_nll,110000,2026-09-08T11:51:04.939103Z,7.323013306
phase1_songs04,validation_metric,val/high_len_1_nll,120000,2026-09-08T12:01:49.967119Z,7.361755371
phase1_songs04,validation_metric,val/high_len_1_nll,130000,2026-09-08T12:12:22.955866Z,7.462051392
phase1_songs04,validation_metric,val/high_len_1_ppl,10000,2026-09-08T10:04:02.764773Z,640.9892578
phase1_songs04,validation_metric,val/high_len_1_ppl,20000,2026-09-08T10:14:30.887115Z,621.1543579
phase1_songs04,validation_metric,val/high_len_1_ppl,30000,2026-09-08T10:25:15.646241Z,701.3300171
phase1_songs04,validation_metric,val/high_len_1_ppl,40000,2026-09-08T10:35:58.732507Z,711.7006836
phase1_songs04,validation_metric,val/high_len_1_ppl,50000,2026-09-08T10:46:35.512034Z,999.0292358
phase1_songs04,validation_metric,val/high_len_1_ppl,60000,2026-09-08T10:57:42.186323Z,874.9527588
phase1_songs04,validation_metric,val/high_len_1_ppl,70000,2026-09-08T11:08:14.238056Z,1097.068359
phase1_songs04,validation_metric,val/high_len_1_ppl,80000,2026-09-08T11:18:41.746251Z,1348.099976
phase1_songs04,validation_metric,val/high_len_1_ppl,90000,2026-09-08T11:29:28.499317Z,1481.592529
phase1_songs04,validation_metric,val/high_len_1_ppl,100000,2026-09-08T11:40:09.202977Z,1359.606445
phase1_songs04,validation_metric,val/high_len_1_ppl,110000,2026-09-08T11:51:04.939116Z,1514.761597
phase1_songs04,validation_metric,val/high_len_1_ppl,120000,2026-09-08T12:01:49.967127Z,1574.598145
phase1_songs04,validation_metric,val/high_len_1_ppl,130000,2026-09-08T12:12:22.955874Z,1740.715332
phase1_songs04,validation_metric,val/high_len_2_acc_top1,10000,2026-09-08T10:04:02.780902Z,0.015625
phase1_songs04,validation_metric,val/high_len_2_acc_top1,20000,2026-09-08T10:14:30.901879Z,0.015625
phase1_songs04,validation_metric,val/high_len_2_acc_top1,30000,2026-09-08T10:25:15.661850Z,0.015625
phase1_songs04,validation_metric,val/high_len_2_acc_top1,40000,2026-09-08T10:35:58.750239Z,0.0234375
phase1_songs04,validation_metric,val/high_len_2_acc_top1,50000,2026-09-08T10:46:35.527922Z,0.015625
phase1_songs04,validation_metric,val/high_len_2_acc_top1,60000,2026-09-08T10:57:42.202284Z,0.0234375
phase1_songs04,validation_metric,val/high_len_2_acc_top1,70000,2026-09-08T11:08:14.253309Z,0.03125
phase1_songs04,validation_metric,val/high_len_2_acc_top1,80000,2026-09-08T11:18:41.764410Z,0
phase1_songs04,validation_metric,val/high_len_2_acc_top1,90000,2026-09-08T11:29:28.515419Z,0
phase1_songs04,validation_metric,val/high_len_2_acc_top1,100000,2026-09-08T11:40:09.218017Z,0.015625
phase1_songs04,validation_metric,val/high_len_2_acc_top1,110000,2026-09-08T11:51:04.968791Z,0.0078125
phase1_songs04,validation_metric,val/high_len_2_acc_top1,120000,2026-09-08T12:01:49.982100Z,0
phase1_songs04,validation_metric,val/high_len_2_acc_top1,130000,2026-09-08T12:12:22.971472Z,0
phase1_songs04,validation_metric,val/high_len_2_acc_top5,10000,2026-09-08T10:04:02.780909Z,0.03125
phase1_songs04,validation_metric,val/high_len_2_acc_top5,20000,2026-09-08T10:14:30.901886Z,0.0703125
phase1_songs04,validation_metric,val/high_len_2_acc_top5,30000,2026-09-08T10:25:15.661857Z,0.0546875
phase1_songs04,validation_metric,val/high_len_2_acc_top5,40000,2026-09-08T10:35:58.750247Z,0.046875
phase1_songs04,validation_metric,val/high_len_2_acc_top5,50000,2026-09-08T10:46:35.527929Z,0.046875
phase1_songs04,validation_metric,val/high_len_2_acc_top5,60000,2026-09-08T10:57:42.202291Z,0.0390625
phase1_songs04,validation_metric,val/high_len_2_acc_top5,70000,2026-09-08T11:08:14.253315Z,0.0546875
phase1_songs04,validation_metric,val/high_len_2_acc_top5,80000,2026-09-08T11:18:41.764417Z,0.0390625
phase1_songs04,validation_metric,val/high_len_2_acc_top5,90000,2026-09-08T11:29:28.515426Z,0.0390625
phase1_songs04,validation_metric,val/high_len_2_acc_top5,100000,2026-09-08T11:40:09.218023Z,0.0234375
phase1_songs04,validation_metric,val/high_len_2_acc_top5,110000,2026-09-08T11:51:04.968807Z,0.0234375
phase1_songs04,validation_metric,val/high_len_2_acc_top5,120000,2026-09-08T12:01:49.982107Z,0.015625
phase1_songs04,validation_metric,val/high_len_2_acc_top5,130000,2026-09-08T12:12:22.971479Z,0
phase1_songs04,validation_metric,val/high_len_2_loss,10000,2026-09-08T10:04:02.780858Z,6.528839111
phase1_songs04,validation_metric,val/high_len_2_loss,20000,2026-09-08T10:14:30.901836Z,6.604431152
phase1_songs04,validation_metric,val/high_len_2_loss,30000,2026-09-08T10:25:15.661799Z,6.683029175
phase1_songs04,validation_metric,val/high_len_2_loss,40000,2026-09-08T10:35:58.750191Z,6.702514648
phase1_songs04,validation_metric,val/high_len_2_loss,50000,2026-09-08T10:46:35.527877Z,7.040939331
phase1_songs04,validation_metric,val/high_len_2_loss,60000,2026-09-08T10:57:42.202237Z,7.187240601
phase1_songs04,validation_metric,val/high_len_2_loss,70000,2026-09-08T11:08:14.253268Z,7.232719421
phase1_songs04,validation_metric,val/high_len_2_loss,80000,2026-09-08T11:18:41.764363Z,7.472518921
phase1_songs04,validation_metric,val/high_len_2_loss,90000,2026-09-08T11:29:28.515376Z,7.527389526
phase1_songs04,validation_metric,val/high_len_2_loss,100000,2026-09-08T11:40:09.217970Z,7.649337769
phase1_songs04,validation_metric,val/high_len_2_loss,110000,2026-09-08T11:51:04.968736Z,7.772979736
phase1_songs04,validation_metric,val/high_len_2_loss,120000,2026-09-08T12:01:49.982058Z,7.694381714
phase1_songs04,validation_metric,val/high_len_2_loss,130000,2026-09-08T12:12:22.971421Z,7.516967773
phase1_songs04,validation_metric,val/high_len_2_nll,10000,2026-09-08T10:04:02.780886Z,6.528839111
phase1_songs04,validation_metric,val/high_len_2_nll,20000,2026-09-08T10:14:30.901862Z,6.604431152
phase1_songs04,validation_metric,val/high_len_2_nll,30000,2026-09-08T10:25:15.661831Z,6.683029175
phase1_songs04,validation_metric,val/high_len_2_nll,40000,2026-09-08T10:35:58.750221Z,6.702514648
phase1_songs04,validation_metric,val/high_len_2_nll,50000,2026-09-08T10:46:35.527905Z,7.040939331
phase1_songs04,validation_metric,val/high_len_2_nll,60000,2026-09-08T10:57:42.202268Z,7.187240601
phase1_songs04,validation_metric,val/high_len_2_nll,70000,2026-09-08T11:08:14.253293Z,7.232719421
phase1_songs04,validation_metric,val/high_len_2_nll,80000,2026-09-08T11:18:41.764393Z,7.472518921
phase1_songs04,validation_metric,val/high_len_2_nll,90000,2026-09-08T11:29:28.515403Z,7.527389526
phase1_songs04,validation_metric,val/high_len_2_nll,100000,2026-09-08T11:40:09.218001Z,7.649337769
phase1_songs04,validation_metric,val/high_len_2_nll,110000,2026-09-08T11:51:04.968768Z,7.772979736
phase1_songs04,validation_metric,val/high_len_2_nll,120000,2026-09-08T12:01:49.982084Z,7.694381714
phase1_songs04,validation_metric,val/high_len_2_nll,130000,2026-09-08T12:12:22.971456Z,7.516967773
phase1_songs04,validation_metric,val/high_len_2_ppl,10000,2026-09-08T10:04:02.780895Z,684.6030273
phase1_songs04,validation_metric,val/high_len_2_ppl,20000,2026-09-08T10:14:30.901871Z,738.3597412
phase1_songs04,validation_metric,val/high_len_2_ppl,30000,2026-09-08T10:25:15.661843Z,798.7349854
phase1_songs04,validation_metric,val/high_len_2_ppl,40000,2026-09-08T10:35:58.750231Z,814.4512939
phase1_songs04,validation_metric,val/high_len_2_ppl,50000,2026-09-08T10:46:35.527915Z,1142.460205
phase1_songs04,validation_metric,val/high_len_2_ppl,60000,2026-09-08T10:57:42.202276Z,1322.448975
phase1_songs04,validation_metric,val/high_len_2_ppl,70000,2026-09-08T11:08:14.253301Z,1383.981079
phase1_songs04,validation_metric,val/high_len_2_ppl,80000,2026-09-08T11:18:41.764402Z,1759.031982
phase1_songs04,validation_metric,val/high_len_2_ppl,90000,2026-09-08T11:29:28.515412Z,1858.248291
phase1_songs04,validation_metric,val/high_len_2_ppl,100000,2026-09-08T11:40:09.218009Z,2099.254883
phase1_songs04,validation_metric,val/high_len_2_ppl,110000,2026-09-08T11:51:04.968781Z,2375.539307
phase1_songs04,validation_metric,val/high_len_2_ppl,120000,2026-09-08T12:01:49.982093Z,2195.975586
phase1_songs04,validation_metric,val/high_len_2_ppl,130000,2026-09-08T12:12:22.971465Z,1838.982666
phase1_songs04,validation_metric,val/high_len_3_acc_top1,10000,2026-09-08T10:04:02.796958Z,0.015625
phase1_songs04,validation_metric,val/high_len_3_acc_top1,20000,2026-09-08T10:14:30.916774Z,0.02083333395
phase1_songs04,validation_metric,val/high_len_3_acc_top1,30000,2026-09-08T10:25:15.676917Z,0.02604166791
phase1_songs04,validation_metric,val/high_len_3_acc_top1,40000,2026-09-08T10:35:58.765649Z,0.005208333489
phase1_songs04,validation_metric,val/high_len_3_acc_top1,50000,2026-09-08T10:46:35.543333Z,0.01041666698
phase1_songs04,validation_metric,val/high_len_3_acc_top1,60000,2026-09-08T10:57:42.237911Z,0.005208333489
phase1_songs04,validation_metric,val/high_len_3_acc_top1,70000,2026-09-08T11:08:14.271028Z,0.01041666698
phase1_songs04,validation_metric,val/high_len_3_acc_top1,80000,2026-09-08T11:18:41.790426Z,0.01041666698
phase1_songs04,validation_metric,val/high_len_3_acc_top1,90000,2026-09-08T11:29:28.531345Z,0.015625
phase1_songs04,validation_metric,val/high_len_3_acc_top1,100000,2026-09-08T11:40:09.233520Z,0.02604166791
phase1_songs04,validation_metric,val/high_len_3_acc_top1,110000,2026-09-08T11:51:04.985112Z,0.015625
phase1_songs04,validation_metric,val/high_len_3_acc_top1,120000,2026-09-08T12:01:49.998215Z,0.02083333395
phase1_songs04,validation_metric,val/high_len_3_acc_top1,130000,2026-09-08T12:12:22.997718Z,0.02083333395
phase1_songs04,validation_metric,val/high_len_3_acc_top5,10000,2026-09-08T10:04:02.796965Z,0.046875
phase1_songs04,validation_metric,val/high_len_3_acc_top5,20000,2026-09-08T10:14:30.916780Z,0.04166666791
phase1_songs04,validation_metric,val/high_len_3_acc_top5,30000,2026-09-08T10:25:15.676924Z,0.04166666791
phase1_songs04,validation_metric,val/high_len_3_acc_top5,40000,2026-09-08T10:35:58.765656Z,0.046875
phase1_songs04,validation_metric,val/high_len_3_acc_top5,50000,2026-09-08T10:46:35.543340Z,0.04166666791
phase1_songs04,validation_metric,val/high_len_3_acc_top5,60000,2026-09-08T10:57:42.237922Z,0.04166666791
phase1_songs04,validation_metric,val/high_len_3_acc_top5,70000,2026-09-08T11:08:14.271035Z,0.03645833582
phase1_songs04,validation_metric,val/high_len_3_acc_top5,80000,2026-09-08T11:18:41.790442Z,0.03645833582
phase1_songs04,validation_metric,val/high_len_3_acc_top5,90000,2026-09-08T11:29:28.531352Z,0.03125
phase1_songs04,validation_metric,val/high_len_3_acc_top5,100000,2026-09-08T11:40:09.233526Z,0.03645833582
phase1_songs04,validation_metric,val/high_len_3_acc_top5,110000,2026-09-08T11:51:04.985119Z,0.03645833582
phase1_songs04,validation_metric,val/high_len_3_acc_top5,120000,2026-09-08T12:01:49.998222Z,0.03125
phase1_songs04,validation_metric,val/high_len_3_acc_top5,130000,2026-09-08T12:12:22.997727Z,0.046875
phase1_songs04,validation_metric,val/high_len_3_loss,10000,2026-09-08T10:04:02.796912Z,6.489196777
phase1_songs04,validation_metric,val/high_len_3_loss,20000,2026-09-08T10:14:30.916732Z,6.466603756
phase1_songs04,validation_metric,val/high_len_3_loss,30000,2026-09-08T10:25:15.676869Z,6.649332523
phase1_songs04,validation_metric,val/high_len_3_loss,40000,2026-09-08T10:35:58.765607Z,6.808766842
phase1_songs04,validation_metric,val/high_len_3_loss,50000,2026-09-08T10:46:35.543274Z,7.090921879
phase1_songs04,validation_metric,val/high_len_3_loss,60000,2026-09-08T10:57:42.237840Z,7.078399658
phase1_songs04,validation_metric,val/high_len_3_loss,70000,2026-09-08T11:08:14.270985Z,7.1277771
phase1_songs04,validation_metric,val/high_len_3_loss,80000,2026-09-08T11:18:41.790340Z,7.254282475
phase1_songs04,validation_metric,val/high_len_3_loss,90000,2026-09-08T11:29:28.531298Z,7.281097412
phase1_songs04,validation_metric,val/high_len_3_loss,100000,2026-09-08T11:40:09.233474Z,7.452054501
phase1_songs04,validation_metric,val/high_len_3_loss,110000,2026-09-08T11:51:04.985071Z,7.454498291
phase1_songs04,validation_metric,val/high_len_3_loss,120000,2026-09-08T12:01:49.998175Z,7.365224361
phase1_songs04,validation_metric,val/high_len_3_loss,130000,2026-09-08T12:12:22.997657Z,7.368108273
phase1_songs04,validation_metric,val/high_len_3_nll,10000,2026-09-08T10:04:02.796941Z,6.489196777
phase1_songs04,validation_metric,val/high_len_3_nll,20000,2026-09-08T10:14:30.916758Z,6.466603756
phase1_songs04,validation_metric,val/high_len_3_nll,30000,2026-09-08T10:25:15.676898Z,6.649332523
phase1_songs04,validation_metric,val/high_len_3_nll,40000,2026-09-08T10:35:58.765632Z,6.808766842
phase1_songs04,validation_metric,val/high_len_3_nll,50000,2026-09-08T10:46:35.543300Z,7.090921879
phase1_songs04,validation_metric,val/high_len_3_nll,60000,2026-09-08T10:57:42.237882Z,7.078399658
phase1_songs04,validation_metric,val/high_len_3_nll,70000,2026-09-08T11:08:14.271012Z,7.1277771
phase1_songs04,validation_metric,val/high_len_3_nll,80000,2026-09-08T11:18:41.790389Z,7.254282475
phase1_songs04,validation_metric,val/high_len_3_nll,90000,2026-09-08T11:29:28.531329Z,7.281097412
phase1_songs04,validation_metric,val/high_len_3_nll,100000,2026-09-08T11:40:09.233504Z,7.452054501
phase1_songs04,validation_metric,val/high_len_3_nll,110000,2026-09-08T11:51:04.985096Z,7.454498291
phase1_songs04,validation_metric,val/high_len_3_nll,120000,2026-09-08T12:01:49.998199Z,7.365224361
phase1_songs04,validation_metric,val/high_len_3_nll,130000,2026-09-08T12:12:22.997695Z,7.368108273
phase1_songs04,validation_metric,val/high_len_3_ppl,10000,2026-09-08T10:04:02.796950Z,657.9946289
phase1_songs04,validation_metric,val/high_len_3_ppl,20000,2026-09-08T10:14:30.916766Z,643.2952271
phase1_songs04,validation_metric,val/high_len_3_ppl,30000,2026-09-08T10:25:15.676909Z,772.2686768
phase1_songs04,validation_metric,val/high_len_3_ppl,40000,2026-09-08T10:35:58.765641Z,905.7531738
phase1_songs04,validation_metric,val/high_len_3_ppl,50000,2026-09-08T10:46:35.543308Z,1201.014526
phase1_songs04,validation_metric,val/high_len_3_ppl,60000,2026-09-08T10:57:42.237897Z,1186.068848
phase1_songs04,validation_metric,val/high_len_3_ppl,70000,2026-09-08T11:08:14.271021Z,1246.103882
phase1_songs04,validation_metric,val/high_len_3_ppl,80000,2026-09-08T11:18:41.790409Z,1414.147949
phase1_songs04,validation_metric,val/high_len_3_ppl,90000,2026-09-08T11:29:28.531337Z,1452.581177
phase1_songs04,validation_metric,val/high_len_3_ppl,100000,2026-09-08T11:40:09.233512Z,1723.400269
phase1_songs04,validation_metric,val/high_len_3_ppl,110000,2026-09-08T11:51:04.985104Z,1727.617065
phase1_songs04,validation_metric,val/high_len_3_ppl,120000,2026-09-08T12:01:49.998208Z,1580.069946
phase1_songs04,validation_metric,val/high_len_3_ppl,130000,2026-09-08T12:12:22.997708Z,1584.633301
phase1_songs04,validation_metric,val/high_len_4_acc_top1,10000,2026-09-08T10:04:02.812929Z,0.01953125
phase1_songs04,validation_metric,val/high_len_4_acc_top1,20000,2026-09-08T10:14:30.931914Z,0.015625
phase1_songs04,validation_metric,val/high_len_4_acc_top1,30000,2026-09-08T10:25:15.691960Z,0.02734375
phase1_songs04,validation_metric,val/high_len_4_acc_top1,40000,2026-09-08T10:35:58.793197Z,0.0078125
phase1_songs04,validation_metric,val/high_len_4_acc_top1,50000,2026-09-08T10:46:35.558647Z,0.0078125
phase1_songs04,validation_metric,val/high_len_4_acc_top1,60000,2026-09-08T10:57:42.258019Z,0.015625
phase1_songs04,validation_metric,val/high_len_4_acc_top1,70000,2026-09-08T11:08:14.286787Z,0.02734375
phase1_songs04,validation_metric,val/high_len_4_acc_top1,80000,2026-09-08T11:18:41.813639Z,0.02734375
phase1_songs04,validation_metric,val/high_len_4_acc_top1,90000,2026-09-08T11:29:28.547251Z,0.015625
phase1_songs04,validation_metric,val/high_len_4_acc_top1,100000,2026-09-08T11:40:09.248654Z,0.01171875
phase1_songs04,validation_metric,val/high_len_4_acc_top1,110000,2026-09-08T11:51:05.000159Z,0.01953125
phase1_songs04,validation_metric,val/high_len_4_acc_top1,120000,2026-09-08T12:01:50.013226Z,0.015625
phase1_songs04,validation_metric,val/high_len_4_acc_top1,130000,2026-09-08T12:12:23.018324Z,0.01953125
phase1_songs04,validation_metric,val/high_len_4_acc_top5,10000,2026-09-08T10:04:02.812938Z,0.05078125
phase1_songs04,validation_metric,val/high_len_4_acc_top5,20000,2026-09-08T10:14:30.931920Z,0.046875
phase1_songs04,validation_metric,val/high_len_4_acc_top5,30000,2026-09-08T10:25:15.691967Z,0.06640625
phase1_songs04,validation_metric,val/high_len_4_acc_top5,40000,2026-09-08T10:35:58.793205Z,0.046875
phase1_songs04,validation_metric,val/high_len_4_acc_top5,50000,2026-09-08T10:46:35.558653Z,0.04296875
phase1_songs04,validation_metric,val/high_len_4_acc_top5,60000,2026-09-08T10:57:42.258026Z,0.06640625
phase1_songs04,validation_metric,val/high_len_4_acc_top5,70000,2026-09-08T11:08:14.286799Z,0.06640625
phase1_songs04,validation_metric,val/high_len_4_acc_top5,80000,2026-09-08T11:18:41.813652Z,0.046875
phase1_songs04,validation_metric,val/high_len_4_acc_top5,90000,2026-09-08T11:29:28.547257Z,0.0546875
phase1_songs04,validation_metric,val/high_len_4_acc_top5,100000,2026-09-08T11:40:09.248661Z,0.03515625
phase1_songs04,validation_metric,val/high_len_4_acc_top5,110000,2026-09-08T11:51:05.000166Z,0.04296875
phase1_songs04,validation_metric,val/high_len_4_acc_top5,120000,2026-09-08T12:01:50.013232Z,0.05078125
phase1_songs04,validation_metric,val/high_len_4_acc_top5,130000,2026-09-08T12:12:23.018331Z,0.05859375
phase1_songs04,validation_metric,val/high_len_4_loss,10000,2026-09-08T10:04:02.812881Z,6.495330811
phase1_songs04,validation_metric,val/high_len_4_loss,20000,2026-09-08T10:14:30.931874Z,6.535377502
phase1_songs04,validation_metric,val/high_len_4_loss,30000,2026-09-08T10:25:15.691911Z,6.577796936
phase1_songs04,validation_metric,val/high_len_4_loss,40000,2026-09-08T10:35:58.793148Z,6.716072083
phase1_songs04,validation_metric,val/high_len_4_loss,50000,2026-09-08T10:46:35.558603Z,6.98374939
phase1_songs04,validation_metric,val/high_len_4_loss,60000,2026-09-08T10:57:42.257972Z,7.158935547
phase1_songs04,validation_metric,val/high_len_4_loss,70000,2026-09-08T11:08:14.286744Z,7.144733429
phase1_songs04,validation_metric,val/high_len_4_loss,80000,2026-09-08T11:18:41.813571Z,7.275325775
phase1_songs04,validation_metric,val/high_len_4_loss,90000,2026-09-08T11:29:28.547207Z,7.45907402
phase1_songs04,validation_metric,val/high_len_4_loss,100000,2026-09-08T11:40:09.248614Z,7.412283897
phase1_songs04,validation_metric,val/high_len_4_loss,110000,2026-09-08T11:51:05.000118Z,7.53082943
phase1_songs04,validation_metric,val/high_len_4_loss,120000,2026-09-08T12:01:50.013182Z,7.554037094
phase1_songs04,validation_metric,val/high_len_4_loss,130000,2026-09-08T12:12:23.018270Z,7.471412659
phase1_songs04,validation_metric,val/high_len_4_nll,10000,2026-09-08T10:04:02.812908Z,6.495330811
phase1_songs04,validation_metric,val/high_len_4_nll,20000,2026-09-08T10:14:30.931898Z,6.535377502
phase1_songs04,validation_metric,val/high_len_4_nll,30000,2026-09-08T10:25:15.691941Z,6.577796936
phase1_songs04,validation_metric,val/high_len_4_nll,40000,2026-09-08T10:35:58.793178Z,6.716072083
phase1_songs04,validation_metric,val/high_len_4_nll,50000,2026-09-08T10:46:35.558631Z,6.98374939
phase1_songs04,validation_metric,val/high_len_4_nll,60000,2026-09-08T10:57:42.258001Z,7.158935547
phase1_songs04,validation_metric,val/high_len_4_nll,70000,2026-09-08T11:08:14.286772Z,7.144733429
phase1_songs04,validation_metric,val/high_len_4_nll,80000,2026-09-08T11:18:41.813611Z,7.275325775
phase1_songs04,validation_metric,val/high_len_4_nll,90000,2026-09-08T11:29:28.547235Z,7.45907402
phase1_songs04,validation_metric,val/high_len_4_nll,100000,2026-09-08T11:40:09.248638Z,7.412283897
phase1_songs04,validation_metric,val/high_len_4_nll,110000,2026-09-08T11:51:05.000143Z,7.53082943
phase1_songs04,validation_metric,val/high_len_4_nll,120000,2026-09-08T12:01:50.013210Z,7.554037094
phase1_songs04,validation_metric,val/high_len_4_nll,130000,2026-09-08T12:12:23.018305Z,7.471412659
phase1_songs04,validation_metric,val/high_len_4_ppl,10000,2026-09-08T10:04:02.812919Z,662.0432129
phase1_songs04,validation_metric,val/high_len_4_ppl,20000,2026-09-08T10:14:30.931906Z,689.0938721
phase1_songs04,validation_metric,val/high_len_4_ppl,30000,2026-09-08T10:25:15.691953Z,718.9536743
phase1_songs04,validation_metric,val/high_len_4_ppl,40000,2026-09-08T10:35:58.793188Z,825.5683594
phase1_songs04,validation_metric,val/high_len_4_ppl,50000,2026-09-08T10:46:35.558639Z,1078.956177
phase1_songs04,validation_metric,val/high_len_4_ppl,60000,2026-09-08T10:57:42.258011Z,1285.541748
phase1_songs04,validation_metric,val/high_len_4_ppl,70000,2026-09-08T11:08:14.286780Z,1267.413452
phase1_songs04,validation_metric,val/high_len_4_ppl,80000,2026-09-08T11:18:41.813626Z,1444.221558
phase1_songs04,validation_metric,val/high_len_4_ppl,90000,2026-09-08T11:29:28.547243Z,1735.540283
phase1_songs04,validation_metric,val/high_len_4_ppl,100000,2026-09-08T11:40:09.248646Z,1656.20459
phase1_songs04,validation_metric,val/high_len_4_ppl,110000,2026-09-08T11:51:05.000152Z,1864.651489
phase1_songs04,validation_metric,val/high_len_4_ppl,120000,2026-09-08T12:01:50.013218Z,1908.431763
phase1_songs04,validation_metric,val/high_len_4_ppl,130000,2026-09-08T12:12:23.018315Z,1757.087158
phase1_songs04,validation_metric,val/high_loss,10000,2026-09-08T10:04:02.908053Z,6.494094849
phase1_songs04,validation_metric,val/high_loss,20000,2026-09-08T10:14:31.019579Z,6.509498119
phase1_songs04,validation_metric,val/high_loss,30000,2026-09-08T10:25:15.749783Z,6.615784168
phase1_songs04,validation_metric,val/high_loss,40000,2026-09-08T10:35:58.869298Z,6.69875288
phase1_songs04,validation_metric,val/high_loss,50000,2026-09-08T10:46:35.621168Z,7.005598545
phase1_songs04,validation_metric,val/high_loss,60000,2026-09-08T10:57:42.317964Z,7.049686432
phase1_songs04,validation_metric,val/high_loss,70000,2026-09-08T11:08:14.349695Z,7.12640667
phase1_songs04,validation_metric,val/high_loss,80000,2026-09-08T11:18:41.893677Z,7.302144527
phase1_songs04,validation_metric,val/high_loss,90000,2026-09-08T11:29:28.617289Z,7.39210844
phase1_songs04,validation_metric,val/high_loss,100000,2026-09-08T11:40:09.309566Z,7.432156563
phase1_songs04,validation_metric,val/high_loss,110000,2026-09-08T11:51:05.072773Z,7.520330429
phase1_songs04,validation_metric,val/high_loss,120000,2026-09-08T12:01:50.089988Z,7.493849754
phase1_songs04,validation_metric,val/high_loss,130000,2026-09-08T12:12:23.095576Z,7.454635143
phase1_songs04,validation_metric,val/high_nll,10000,2026-09-08T10:04:02.908061Z,6.494094849
phase1_songs04,validation_metric,val/high_nll,20000,2026-09-08T10:14:31.019586Z,6.509498119
phase1_songs04,validation_metric,val/high_nll,30000,2026-09-08T10:25:15.749790Z,6.615784168
phase1_songs04,validation_metric,val/high_nll,40000,2026-09-08T10:35:58.869305Z,6.69875288
phase1_songs04,validation_metric,val/high_nll,50000,2026-09-08T10:46:35.621175Z,7.005598545
phase1_songs04,validation_metric,val/high_nll,60000,2026-09-08T10:57:42.317971Z,7.049686432
phase1_songs04,validation_metric,val/high_nll,70000,2026-09-08T11:08:14.349702Z,7.12640667
phase1_songs04,validation_metric,val/high_nll,80000,2026-09-08T11:18:41.893683Z,7.302144527
phase1_songs04,validation_metric,val/high_nll,90000,2026-09-08T11:29:28.617296Z,7.39210844
phase1_songs04,validation_metric,val/high_nll,100000,2026-09-08T11:40:09.309573Z,7.432156563
phase1_songs04,validation_metric,val/high_nll,110000,2026-09-08T11:51:05.072780Z,7.520330429
phase1_songs04,validation_metric,val/high_nll,120000,2026-09-08T12:01:50.089995Z,7.493849754
phase1_songs04,validation_metric,val/high_nll,130000,2026-09-08T12:12:23.095583Z,7.454635143
phase1_songs04,validation_metric,val/high_ppl,10000,2026-09-08T10:04:02.908069Z,661.2254639
phase1_songs04,validation_metric,val/high_ppl,20000,2026-09-08T10:14:31.019592Z,671.4892578
phase1_songs04,validation_metric,val/high_ppl,30000,2026-09-08T10:25:15.749803Z,746.7902222
phase1_songs04,validation_metric,val/high_ppl,40000,2026-09-08T10:35:58.869312Z,811.3931885
phase1_songs04,validation_metric,val/high_ppl,50000,2026-09-08T10:46:35.621181Z,1102.790039
phase1_songs04,validation_metric,val/high_ppl,60000,2026-09-08T10:57:42.317978Z,1152.497314
phase1_songs04,validation_metric,val/high_ppl,70000,2026-09-08T11:08:14.349708Z,1244.397339
phase1_songs04,validation_metric,val/high_ppl,80000,2026-09-08T11:18:41.893690Z,1483.478027
phase1_songs04,validation_metric,val/high_ppl,90000,2026-09-08T11:29:28.617302Z,1623.124756
phase1_songs04,validation_metric,val/high_ppl,100000,2026-09-08T11:40:09.309579Z,1689.447266
phase1_songs04,validation_metric,val/high_ppl,110000,2026-09-08T11:51:05.072786Z,1845.176514
phase1_songs04,validation_metric,val/high_ppl,120000,2026-09-08T12:01:50.090001Z,1796.956421
phase1_songs04,validation_metric,val/high_ppl,130000,2026-09-08T12:12:23.095589Z,1727.853271
phase1_songs04,validation_metric,val/low_acc_top1,10000,2026-09-08T10:04:02.908427Z,0.07975260913
phase1_songs04,validation_metric,val/low_acc_top1,20000,2026-09-08T10:14:31.019989Z,0.09505208582
phase1_songs04,validation_metric,val/low_acc_top1,30000,2026-09-08T10:25:15.750040Z,0.1005859375
phase1_songs04,validation_metric,val/low_acc_top1,40000,2026-09-08T10:35:58.869754Z,0.06315103918
phase1_songs04,validation_metric,val/low_acc_top1,50000,2026-09-08T10:46:35.621608Z,0.08138021082
phase1_songs04,validation_metric,val/low_acc_top1,60000,2026-09-08T10:57:42.318388Z,0.09016927332
phase1_songs04,validation_metric,val/low_acc_top1,70000,2026-09-08T11:08:14.350147Z,0.0908203125
phase1_songs04,validation_metric,val/low_acc_top1,80000,2026-09-08T11:18:41.894152Z,0.1236979216
phase1_songs04,validation_metric,val/low_acc_top1,90000,2026-09-08T11:29:28.617801Z,0.1442057341
phase1_songs04,validation_metric,val/low_acc_top1,100000,2026-09-08T11:40:09.310001Z,0.1184895858
phase1_songs04,validation_metric,val/low_acc_top1,110000,2026-09-08T11:51:05.073200Z,0.08756510913
phase1_songs04,validation_metric,val/low_acc_top1,120000,2026-09-08T12:01:50.090428Z,0.09342448413
phase1_songs04,validation_metric,val/low_acc_top1,130000,2026-09-08T12:12:23.096051Z,0.09049478918
phase1_songs04,validation_metric,val/low_acc_top5,10000,2026-09-08T10:04:02.908510Z,0.4049479365
phase1_songs04,validation_metric,val/low_acc_top5,20000,2026-09-08T10:14:31.020035Z,0.3929036558
phase1_songs04,validation_metric,val/low_acc_top5,30000,2026-09-08T10:25:15.750096Z,0.3919270933
phase1_songs04,validation_metric,val/low_acc_top5,40000,2026-09-08T10:35:58.869878Z,0.4007161558
phase1_songs04,validation_metric,val/low_acc_top5,50000,2026-09-08T10:46:35.621716Z,0.3935546875
phase1_songs04,validation_metric,val/low_acc_top5,60000,2026-09-08T10:57:42.318498Z,0.4173177183
phase1_songs04,validation_metric,val/low_acc_top5,70000,2026-09-08T11:08:14.350263Z,0.378580749
phase1_songs04,validation_metric,val/low_acc_top5,80000,2026-09-08T11:18:41.894269Z,0.4072265625
phase1_songs04,validation_metric,val/low_acc_top5,90000,2026-09-08T11:29:28.617938Z,0.419921875
phase1_songs04,validation_metric,val/low_acc_top5,100000,2026-09-08T11:40:09.310112Z,0.4407552183
phase1_songs04,validation_metric,val/low_acc_top5,110000,2026-09-08T11:51:05.073319Z,0.390625
phase1_songs04,validation_metric,val/low_acc_top5,120000,2026-09-08T12:01:50.090534Z,0.3857421875
phase1_songs04,validation_metric,val/low_acc_top5,130000,2026-09-08T12:12:23.096184Z,0.3636067808
phase1_songs04,validation_metric,val/low_len_1_acc_top1,10000,2026-09-08T10:04:02.845117Z,0.09375
phase1_songs04,validation_metric,val/low_len_1_acc_top1,20000,2026-09-08T10:14:30.946264Z,0.140625
phase1_songs04,validation_metric,val/low_len_1_acc_top1,30000,2026-09-08T10:25:15.706168Z,0.109375
phase1_songs04,validation_metric,val/low_len_1_acc_top1,40000,2026-09-08T10:35:58.808912Z,0.0625
phase1_songs04,validation_metric,val/low_len_1_acc_top1,50000,2026-09-08T10:46:35.574599Z,0.09375
phase1_songs04,validation_metric,val/low_len_1_acc_top1,60000,2026-09-08T10:57:42.272864Z,0.125
phase1_songs04,validation_metric,val/low_len_1_acc_top1,70000,2026-09-08T11:08:14.301774Z,0.109375
phase1_songs04,validation_metric,val/low_len_1_acc_top1,80000,2026-09-08T11:18:41.830299Z,0.1875
phase1_songs04,validation_metric,val/low_len_1_acc_top1,90000,2026-09-08T11:29:28.562255Z,0.25
phase1_songs04,validation_metric,val/low_len_1_acc_top1,100000,2026-09-08T11:40:09.263937Z,0.15625
phase1_songs04,validation_metric,val/low_len_1_acc_top1,110000,2026-09-08T11:51:05.026758Z,0.09375
phase1_songs04,validation_metric,val/low_len_1_acc_top1,120000,2026-09-08T12:01:50.027713Z,0.109375
phase1_songs04,validation_metric,val/low_len_1_acc_top1,130000,2026-09-08T12:12:23.033524Z,0.125
phase1_songs04,validation_metric,val/low_len_1_acc_top5,10000,2026-09-08T10:04:02.845127Z,0.53125
phase1_songs04,validation_metric,val/low_len_1_acc_top5,20000,2026-09-08T10:14:30.946271Z,0.453125
phase1_songs04,validation_metric,val/low_len_1_acc_top5,30000,2026-09-08T10:25:15.706175Z,0.453125
phase1_songs04,validation_metric,val/low_len_1_acc_top5,40000,2026-09-08T10:35:58.808918Z,0.453125
phase1_songs04,validation_metric,val/low_len_1_acc_top5,50000,2026-09-08T10:46:35.574605Z,0.46875
phase1_songs04,validation_metric,val/low_len_1_acc_top5,60000,2026-09-08T10:57:42.272870Z,0.515625
phase1_songs04,validation_metric,val/low_len_1_acc_top5,70000,2026-09-08T11:08:14.301781Z,0.453125
phase1_songs04,validation_metric,val/low_len_1_acc_top5,80000,2026-09-08T11:18:41.830306Z,0.484375
phase1_songs04,validation_metric,val/low_len_1_acc_top5,90000,2026-09-08T11:29:28.562262Z,0.5625
phase1_songs04,validation_metric,val/low_len_1_acc_top5,100000,2026-09-08T11:40:09.263943Z,0.546875
phase1_songs04,validation_metric,val/low_len_1_acc_top5,110000,2026-09-08T11:51:05.026767Z,0.453125
phase1_songs04,validation_metric,val/low_len_1_acc_top5,120000,2026-09-08T12:01:50.027719Z,0.5
phase1_songs04,validation_metric,val/low_len_1_acc_top5,130000,2026-09-08T12:12:23.033530Z,0.375
phase1_songs04,validation_metric,val/low_len_1_loss,10000,2026-09-08T10:04:02.845056Z,3.352539062
phase1_songs04,validation_metric,val/low_len_1_loss,20000,2026-09-08T10:14:30.946224Z,3.389378548
phase1_songs04,validation_metric,val/low_len_1_loss,30000,2026-09-08T10:25:15.706121Z,3.375302315
phase1_songs04,validation_metric,val/low_len_1_loss,40000,2026-09-08T10:35:58.808869Z,3.307548523
phase1_songs04,validation_metric,val/low_len_1_loss,50000,2026-09-08T10:46:35.574553Z,3.242427826
phase1_songs04,validation_metric,val/low_len_1_loss,60000,2026-09-08T10:57:42.272821Z,3.268583059
phase1_songs04,validation_metric,val/low_len_1_loss,70000,2026-09-08T11:08:14.301729Z,3.119430542
phase1_songs04,validation_metric,val/low_len_1_loss,80000,2026-09-08T11:18:41.830256Z,3.294418335
phase1_songs04,validation_metric,val/low_len_1_loss,90000,2026-09-08T11:29:28.562211Z,2.999582291
phase1_songs04,validation_metric,val/low_len_1_loss,100000,2026-09-08T11:40:09.263895Z,3.041716099
phase1_songs04,validation_metric,val/low_len_1_loss,110000,2026-09-08T11:51:05.026709Z,3.181428909
phase1_songs04,validation_metric,val/low_len_1_loss,120000,2026-09-08T12:01:50.027668Z,3.107315063
phase1_songs04,validation_metric,val/low_len_1_loss,130000,2026-09-08T12:12:23.033479Z,3.255123138
phase1_songs04,validation_metric,val/low_len_1_nll,10000,2026-09-08T10:04:02.845093Z,3.352539062
phase1_songs04,validation_metric,val/low_len_1_nll,20000,2026-09-08T10:14:30.946248Z,3.389378548
phase1_songs04,validation_metric,val/low_len_1_nll,30000,2026-09-08T10:25:15.706149Z,3.375302315
phase1_songs04,validation_metric,val/low_len_1_nll,40000,2026-09-08T10:35:58.808896Z,3.307548523
phase1_songs04,validation_metric,val/low_len_1_nll,50000,2026-09-08T10:46:35.574583Z,3.242427826
phase1_songs04,validation_metric,val/low_len_1_nll,60000,2026-09-08T10:57:42.272849Z,3.268583059
phase1_songs04,validation_metric,val/low_len_1_nll,70000,2026-09-08T11:08:14.301759Z,3.119430542
phase1_songs04,validation_metric,val/low_len_1_nll,80000,2026-09-08T11:18:41.830283Z,3.294418335
phase1_songs04,validation_metric,val/low_len_1_nll,90000,2026-09-08T11:29:28.562238Z,2.999582291
phase1_songs04,validation_metric,val/low_len_1_nll,100000,2026-09-08T11:40:09.263921Z,3.041716099
phase1_songs04,validation_metric,val/low_len_1_nll,110000,2026-09-08T11:51:05.026738Z,3.181428909
phase1_songs04,validation_metric,val/low_len_1_nll,120000,2026-09-08T12:01:50.027696Z,3.107315063
phase1_songs04,validation_metric,val/low_len_1_nll,130000,2026-09-08T12:12:23.033508Z,3.255123138
phase1_songs04,validation_metric,val/low_len_1_ppl,10000,2026-09-08T10:04:02.845106Z,28.57519531
phase1_songs04,validation_metric,val/low_len_1_ppl,20000,2026-09-08T10:14:30.946257Z,29.64752197
phase1_songs04,validation_metric,val/low_len_1_ppl,30000,2026-09-08T10:25:15.706161Z,29.23311996
phase1_songs04,validation_metric,val/low_len_1_ppl,40000,2026-09-08T10:35:58.808904Z,27.31807327
phase1_songs04,validation_metric,val/low_len_1_ppl,50000,2026-09-08T10:46:35.574591Z,25.59578896
phase1_songs04,validation_metric,val/low_len_1_ppl,60000,2026-09-08T10:57:42.272857Z,26.27408409
phase1_songs04,validation_metric,val/low_len_1_ppl,70000,2026-09-08T11:08:14.301767Z,22.6334877
phase1_songs04,validation_metric,val/low_len_1_ppl,80000,2026-09-08T11:18:41.830292Z,26.96172714
phase1_songs04,validation_metric,val/low_len_1_ppl,90000,2026-09-08T11:29:28.562246Z,20.07714844
phase1_songs04,validation_metric,val/low_len_1_ppl,100000,2026-09-08T11:40:09.263930Z,20.94114876
phase1_songs04,validation_metric,val/low_len_1_ppl,110000,2026-09-08T11:51:05.026749Z,24.08113861
phase1_songs04,validation_metric,val/low_len_1_ppl,120000,2026-09-08T12:01:50.027705Z,22.36092567
phase1_songs04,validation_metric,val/low_len_1_ppl,130000,2026-09-08T12:12:23.033516Z,25.92280579
phase1_songs04,validation_metric,val/low_len_2_acc_top1,10000,2026-09-08T10:04:02.862321Z,0.0546875
phase1_songs04,validation_metric,val/low_len_2_acc_top1,20000,2026-09-08T10:14:30.984212Z,0.046875
phase1_songs04,validation_metric,val/low_len_2_acc_top1,30000,2026-09-08T10:25:15.720681Z,0.0703125
phase1_songs04,validation_metric,val/low_len_2_acc_top1,40000,2026-09-08T10:35:58.824151Z,0.0546875
phase1_songs04,validation_metric,val/low_len_2_acc_top1,50000,2026-09-08T10:46:35.589784Z,0.0546875
phase1_songs04,validation_metric,val/low_len_2_acc_top1,60000,2026-09-08T10:57:42.287741Z,0.0390625
phase1_songs04,validation_metric,val/low_len_2_acc_top1,70000,2026-09-08T11:08:14.316762Z,0.046875
phase1_songs04,validation_metric,val/low_len_2_acc_top1,80000,2026-09-08T11:18:41.860007Z,0.0859375
phase1_songs04,validation_metric,val/low_len_2_acc_top1,90000,2026-09-08T11:29:28.577785Z,0.0703125
phase1_songs04,validation_metric,val/low_len_2_acc_top1,100000,2026-09-08T11:40:09.278733Z,0.0546875
phase1_songs04,validation_metric,val/low_len_2_acc_top1,110000,2026-09-08T11:51:05.042859Z,0.0703125
phase1_songs04,validation_metric,val/low_len_2_acc_top1,120000,2026-09-08T12:01:50.058122Z,0.09375
phase1_songs04,validation_metric,val/low_len_2_acc_top1,130000,2026-09-08T12:12:23.048529Z,0.0625
phase1_songs04,validation_metric,val/low_len_2_acc_top5,10000,2026-09-08T10:04:02.862328Z,0.3203125
phase1_songs04,validation_metric,val/low_len_2_acc_top5,20000,2026-09-08T10:14:30.984226Z,0.328125
phase1_songs04,validation_metric,val/low_len_2_acc_top5,30000,2026-09-08T10:25:15.720688Z,0.28125
phase1_songs04,validation_metric,val/low_len_2_acc_top5,40000,2026-09-08T10:35:58.824157Z,0.3671875
phase1_songs04,validation_metric,val/low_len_2_acc_top5,50000,2026-09-08T10:46:35.589791Z,0.3046875
phase1_songs04,validation_metric,val/low_len_2_acc_top5,60000,2026-09-08T10:57:42.287748Z,0.2890625
phase1_songs04,validation_metric,val/low_len_2_acc_top5,70000,2026-09-08T11:08:14.316784Z,0.203125
phase1_songs04,validation_metric,val/low_len_2_acc_top5,80000,2026-09-08T11:18:41.860017Z,0.3359375
phase1_songs04,validation_metric,val/low_len_2_acc_top5,90000,2026-09-08T11:29:28.577808Z,0.3046875
phase1_songs04,validation_metric,val/low_len_2_acc_top5,100000,2026-09-08T11:40:09.278740Z,0.296875
phase1_songs04,validation_metric,val/low_len_2_acc_top5,110000,2026-09-08T11:51:05.042866Z,0.3125
phase1_songs04,validation_metric,val/low_len_2_acc_top5,120000,2026-09-08T12:01:50.058132Z,0.2578125
phase1_songs04,validation_metric,val/low_len_2_acc_top5,130000,2026-09-08T12:12:23.048551Z,0.2578125
phase1_songs04,validation_metric,val/low_len_2_loss,10000,2026-09-08T10:04:02.862276Z,4.154953003
phase1_songs04,validation_metric,val/low_len_2_loss,20000,2026-09-08T10:14:30.984130Z,4.04479599
phase1_songs04,validation_metric,val/low_len_2_loss,30000,2026-09-08T10:25:15.720634Z,4.09828949
phase1_songs04,validation_metric,val/low_len_2_loss,40000,2026-09-08T10:35:58.824109Z,3.880096436
phase1_songs04,validation_metric,val/low_len_2_loss,50000,2026-09-08T10:46:35.589740Z,4.003608704
phase1_songs04,validation_metric,val/low_len_2_loss,60000,2026-09-08T10:57:42.287699Z,4.101280212
phase1_songs04,validation_metric,val/low_len_2_loss,70000,2026-09-08T11:08:14.316723Z,4.076259613
phase1_songs04,validation_metric,val/low_len_2_loss,80000,2026-09-08T11:18:41.859943Z,3.923171997
phase1_songs04,validation_metric,val/low_len_2_loss,90000,2026-09-08T11:29:28.577710Z,3.93249321
phase1_songs04,validation_metric,val/low_len_2_loss,100000,2026-09-08T11:40:09.278693Z,4.00056076
phase1_songs04,validation_metric,val/low_len_2_loss,110000,2026-09-08T11:51:05.042816Z,3.993171692
phase1_songs04,validation_metric,val/low_len_2_loss,120000,2026-09-08T12:01:50.058063Z,4.119838715
phase1_songs04,validation_metric,val/low_len_2_loss,130000,2026-09-08T12:12:23.048486Z,4.234781265
phase1_songs04,validation_metric,val/low_len_2_nll,10000,2026-09-08T10:04:02.862305Z,4.154953003
phase1_songs04,validation_metric,val/low_len_2_nll,20000,2026-09-08T10:14:30.984177Z,4.04479599
phase1_songs04,validation_metric,val/low_len_2_nll,30000,2026-09-08T10:25:15.720663Z,4.09828949
phase1_songs04,validation_metric,val/low_len_2_nll,40000,2026-09-08T10:35:58.824134Z,3.880096436
phase1_songs04,validation_metric,val/low_len_2_nll,50000,2026-09-08T10:46:35.589767Z,4.003608704
phase1_songs04,validation_metric,val/low_len_2_nll,60000,2026-09-08T10:57:42.287726Z,4.101280212
phase1_songs04,validation_metric,val/low_len_2_nll,70000,2026-09-08T11:08:14.316747Z,4.076259613
phase1_songs04,validation_metric,val/low_len_2_nll,80000,2026-09-08T11:18:41.859981Z,3.923171997
phase1_songs04,validation_metric,val/low_len_2_nll,90000,2026-09-08T11:29:28.577752Z,3.93249321
phase1_songs04,validation_metric,val/low_len_2_nll,100000,2026-09-08T11:40:09.278718Z,4.00056076
phase1_songs04,validation_metric,val/low_len_2_nll,110000,2026-09-08T11:51:05.042842Z,3.993171692
phase1_songs04,validation_metric,val/low_len_2_nll,120000,2026-09-08T12:01:50.058097Z,4.119838715
phase1_songs04,validation_metric,val/low_len_2_nll,130000,2026-09-08T12:12:23.048513Z,4.234781265
phase1_songs04,validation_metric,val/low_len_2_ppl,10000,2026-09-08T10:04:02.862314Z,63.74897003
phase1_songs04,validation_metric,val/low_len_2_ppl,20000,2026-09-08T10:14:30.984196Z,57.0995369
phase1_songs04,validation_metric,val/low_len_2_ppl,30000,2026-09-08T10:25:15.720674Z,60.23716354
phase1_songs04,validation_metric,val/low_len_2_ppl,40000,2026-09-08T10:35:58.824143Z,48.42888641
phase1_songs04,validation_metric,val/low_len_2_ppl,50000,2026-09-08T10:46:35.589776Z,54.79553604
phase1_songs04,validation_metric,val/low_len_2_ppl,60000,2026-09-08T10:57:42.287734Z,60.41758728
phase1_songs04,validation_metric,val/low_len_2_ppl,70000,2026-09-08T11:08:14.316755Z,58.92465591
phase1_songs04,validation_metric,val/low_len_2_ppl,80000,2026-09-08T11:18:41.859995Z,50.56056976
phase1_songs04,validation_metric,val/low_len_2_ppl,90000,2026-09-08T11:29:28.577770Z,51.03405762
phase1_songs04,validation_metric,val/low_len_2_ppl,100000,2026-09-08T11:40:09.278726Z,54.62877655
phase1_songs04,validation_metric,val/low_len_2_ppl,110000,2026-09-08T11:51:05.042851Z,54.22660828
phase1_songs04,validation_metric,val/low_len_2_ppl,120000,2026-09-08T12:01:50.058110Z,61.54931259
phase1_songs04,validation_metric,val/low_len_2_ppl,130000,2026-09-08T12:12:23.048522Z,69.04657745
phase1_songs04,validation_metric,val/low_len_3_acc_top1,10000,2026-09-08T10:04:02.881505Z,0.07291667163
phase1_songs04,validation_metric,val/low_len_3_acc_top1,20000,2026-09-08T10:14:31.004783Z,0.08333333582
phase1_songs04,validation_metric,val/low_len_3_acc_top1,30000,2026-09-08T10:25:15.735150Z,0.078125
phase1_songs04,validation_metric,val/low_len_3_acc_top1,40000,2026-09-08T10:35:58.849925Z,0.04166666791
phase1_songs04,validation_metric,val/low_len_3_acc_top1,50000,2026-09-08T10:46:35.606077Z,0.05208333582
phase1_songs04,validation_metric,val/low_len_3_acc_top1,60000,2026-09-08T10:57:42.302817Z,0.06770833582
phase1_songs04,validation_metric,val/low_len_3_acc_top1,70000,2026-09-08T11:08:14.331790Z,0.046875
phase1_songs04,validation_metric,val/low_len_3_acc_top1,80000,2026-09-08T11:18:41.878013Z,0.1041666716
phase1_songs04,validation_metric,val/low_len_3_acc_top1,90000,2026-09-08T11:29:28.601601Z,0.1041666716
phase1_songs04,validation_metric,val/low_len_3_acc_top1,100000,2026-09-08T11:40:09.294266Z,0.1145833358
phase1_songs04,validation_metric,val/low_len_3_acc_top1,110000,2026-09-08T11:51:05.057870Z,0.07291667163
phase1_songs04,validation_metric,val/low_len_3_acc_top1,120000,2026-09-08T12:01:50.074652Z,0.07291667163
phase1_songs04,validation_metric,val/low_len_3_acc_top1,130000,2026-09-08T12:12:23.077791Z,0.05729166791
phase1_songs04,validation_metric,val/low_len_3_acc_top5,10000,2026-09-08T10:04:02.881527Z,0.3072916865
phase1_songs04,validation_metric,val/low_len_3_acc_top5,20000,2026-09-08T10:14:31.004789Z,0.3645833433
phase1_songs04,validation_metric,val/low_len_3_acc_top5,30000,2026-09-08T10:25:15.735157Z,0.3489583433
phase1_songs04,validation_metric,val/low_len_3_acc_top5,40000,2026-09-08T10:35:58.849933Z,0.3333333433
phase1_songs04,validation_metric,val/low_len_3_acc_top5,50000,2026-09-08T10:46:35.606084Z,0.375
phase1_songs04,validation_metric,val/low_len_3_acc_top5,60000,2026-09-08T10:57:42.302824Z,0.3645833433
phase1_songs04,validation_metric,val/low_len_3_acc_top5,70000,2026-09-08T11:08:14.331803Z,0.3541666865
phase1_songs04,validation_metric,val/low_len_3_acc_top5,80000,2026-09-08T11:18:41.878020Z,0.359375
phase1_songs04,validation_metric,val/low_len_3_acc_top5,90000,2026-09-08T11:29:28.601610Z,0.34375
phase1_songs04,validation_metric,val/low_len_3_acc_top5,100000,2026-09-08T11:40:09.294272Z,0.3958333433
phase1_songs04,validation_metric,val/low_len_3_acc_top5,110000,2026-09-08T11:51:05.057877Z,0.34375
phase1_songs04,validation_metric,val/low_len_3_acc_top5,120000,2026-09-08T12:01:50.074659Z,0.3125
phase1_songs04,validation_metric,val/low_len_3_acc_top5,130000,2026-09-08T12:12:23.077808Z,0.3333333433
phase1_songs04,validation_metric,val/low_len_3_loss,10000,2026-09-08T10:04:02.881389Z,3.651702881
phase1_songs04,validation_metric,val/low_len_3_loss,20000,2026-09-08T10:14:31.004738Z,3.624776125
phase1_songs04,validation_metric,val/low_len_3_loss,30000,2026-09-08T10:25:15.735108Z,3.616624117
phase1_songs04,validation_metric,val/low_len_3_loss,40000,2026-09-08T10:35:58.849872Z,3.618825197
phase1_songs04,validation_metric,val/low_len_3_loss,50000,2026-09-08T10:46:35.606031Z,3.571151733
phase1_songs04,validation_metric,val/low_len_3_loss,60000,2026-09-08T10:57:42.302772Z,3.580123901
phase1_songs04,validation_metric,val/low_len_3_loss,70000,2026-09-08T11:08:14.331750Z,3.48012805
phase1_songs04,validation_metric,val/low_len_3_loss,80000,2026-09-08T11:18:41.877967Z,3.604540586
phase1_songs04,validation_metric,val/low_len_3_loss,90000,2026-09-08T11:29:28.601543Z,3.404322863
phase1_songs04,validation_metric,val/low_len_3_loss,100000,2026-09-08T11:40:09.294224Z,3.433455229
phase1_songs04,validation_metric,val/low_len_3_loss,110000,2026-09-08T11:51:05.057832Z,3.396224976
phase1_songs04,validation_metric,val/low_len_3_loss,120000,2026-09-08T12:01:50.074610Z,3.742322206
phase1_songs04,validation_metric,val/low_len_3_loss,130000,2026-09-08T12:12:23.077731Z,3.656082153
phase1_songs04,validation_metric,val/low_len_3_nll,10000,2026-09-08T10:04:02.881452Z,3.651702881
phase1_songs04,validation_metric,val/low_len_3_nll,20000,2026-09-08T10:14:31.004767Z,3.624776125
phase1_songs04,validation_metric,val/low_len_3_nll,30000,2026-09-08T10:25:15.735132Z,3.616624117
phase1_songs04,validation_metric,val/low_len_3_nll,40000,2026-09-08T10:35:58.849904Z,3.618825197
phase1_songs04,validation_metric,val/low_len_3_nll,50000,2026-09-08T10:46:35.606061Z,3.571151733
phase1_songs04,validation_metric,val/low_len_3_nll,60000,2026-09-08T10:57:42.302801Z,3.580123901
phase1_songs04,validation_metric,val/low_len_3_nll,70000,2026-09-08T11:08:14.331775Z,3.48012805
phase1_songs04,validation_metric,val/low_len_3_nll,80000,2026-09-08T11:18:41.877997Z,3.604540586
phase1_songs04,validation_metric,val/low_len_3_nll,90000,2026-09-08T11:29:28.601579Z,3.404322863
phase1_songs04,validation_metric,val/low_len_3_nll,100000,2026-09-08T11:40:09.294250Z,3.433455229
phase1_songs04,validation_metric,val/low_len_3_nll,110000,2026-09-08T11:51:05.057854Z,3.396224976
phase1_songs04,validation_metric,val/low_len_3_nll,120000,2026-09-08T12:01:50.074636Z,3.742322206
phase1_songs04,validation_metric,val/low_len_3_nll,130000,2026-09-08T12:12:23.077767Z,3.656082153
phase1_songs04,validation_metric,val/low_len_3_ppl,10000,2026-09-08T10:04:02.881480Z,38.54024124
phase1_songs04,validation_metric,val/low_len_3_ppl,20000,2026-09-08T10:14:31.004775Z,37.51632309
phase1_songs04,validation_metric,val/low_len_3_ppl,30000,2026-09-08T10:25:15.735143Z,37.21173477
phase1_songs04,validation_metric,val/low_len_3_ppl,40000,2026-09-08T10:35:58.849916Z,37.29372787
phase1_songs04,validation_metric,val/low_len_3_ppl,50000,2026-09-08T10:46:35.606070Z,35.55752182
phase1_songs04,validation_metric,val/low_len_3_ppl,60000,2026-09-08T10:57:42.302810Z,35.87798691
phase1_songs04,validation_metric,val/low_len_3_ppl,70000,2026-09-08T11:08:14.331784Z,32.46387863
phase1_songs04,validation_metric,val/low_len_3_ppl,80000,2026-09-08T11:18:41.878006Z,36.76478958
phase1_songs04,validation_metric,val/low_len_3_ppl,90000,2026-09-08T11:29:28.601591Z,30.09391022
phase1_songs04,validation_metric,val/low_len_3_ppl,100000,2026-09-08T11:40:09.294258Z,30.98351288
phase1_songs04,validation_metric,val/low_len_3_ppl,110000,2026-09-08T11:51:05.057863Z,29.8511982
phase1_songs04,validation_metric,val/low_len_3_ppl,120000,2026-09-08T12:01:50.074645Z,42.19586563
phase1_songs04,validation_metric,val/low_len_3_ppl,130000,2026-09-08T12:12:23.077780Z,38.70938873
phase1_songs04,validation_metric,val/low_len_4_acc_top1,10000,2026-09-08T10:04:02.908020Z,0.09765625
phase1_songs04,validation_metric,val/low_len_4_acc_top1,20000,2026-09-08T10:14:31.019553Z,0.109375
phase1_songs04,validation_metric,val/low_len_4_acc_top1,30000,2026-09-08T10:25:15.749755Z,0.14453125
phase1_songs04,validation_metric,val/low_len_4_acc_top1,40000,2026-09-08T10:35:58.869270Z,0.09375
phase1_songs04,validation_metric,val/low_len_4_acc_top1,50000,2026-09-08T10:46:35.621140Z,0.125
phase1_songs04,validation_metric,val/low_len_4_acc_top1,60000,2026-09-08T10:57:42.317938Z,0.12890625
phase1_songs04,validation_metric,val/low_len_4_acc_top1,70000,2026-09-08T11:08:14.349668Z,0.16015625
phase1_songs04,validation_metric,val/low_len_4_acc_top1,80000,2026-09-08T11:18:41.893649Z,0.1171875
phase1_songs04,validation_metric,val/low_len_4_acc_top1,90000,2026-09-08T11:29:28.617261Z,0.15234375
phase1_songs04,validation_metric,val/low_len_4_acc_top1,100000,2026-09-08T11:40:09.309540Z,0.1484375
phase1_songs04,validation_metric,val/low_len_4_acc_top1,110000,2026-09-08T11:51:05.072746Z,0.11328125
phase1_songs04,validation_metric,val/low_len_4_acc_top1,120000,2026-09-08T12:01:50.089962Z,0.09765625
phase1_songs04,validation_metric,val/low_len_4_acc_top1,130000,2026-09-08T12:12:23.095551Z,0.1171875
phase1_songs04,validation_metric,val/low_len_4_acc_top5,10000,2026-09-08T10:04:02.908028Z,0.4609375
phase1_songs04,validation_metric,val/low_len_4_acc_top5,20000,2026-09-08T10:14:31.019560Z,0.42578125
phase1_songs04,validation_metric,val/low_len_4_acc_top5,30000,2026-09-08T10:25:15.749762Z,0.484375
phase1_songs04,validation_metric,val/low_len_4_acc_top5,40000,2026-09-08T10:35:58.869277Z,0.44921875
phase1_songs04,validation_metric,val/low_len_4_acc_top5,50000,2026-09-08T10:46:35.621147Z,0.42578125
phase1_songs04,validation_metric,val/low_len_4_acc_top5,60000,2026-09-08T10:57:42.317944Z,0.5
phase1_songs04,validation_metric,val/low_len_4_acc_top5,70000,2026-09-08T11:08:14.349674Z,0.50390625
phase1_songs04,validation_metric,val/low_len_4_acc_top5,80000,2026-09-08T11:18:41.893655Z,0.44921875
phase1_songs04,validation_metric,val/low_len_4_acc_top5,90000,2026-09-08T11:29:28.617268Z,0.46875
phase1_songs04,validation_metric,val/low_len_4_acc_top5,100000,2026-09-08T11:40:09.309547Z,0.5234375
phase1_songs04,validation_metric,val/low_len_4_acc_top5,110000,2026-09-08T11:51:05.072752Z,0.453125
phase1_songs04,validation_metric,val/low_len_4_acc_top5,120000,2026-09-08T12:01:50.089969Z,0.47265625
phase1_songs04,validation_metric,val/low_len_4_acc_top5,130000,2026-09-08T12:12:23.095557Z,0.48828125
phase1_songs04,validation_metric,val/low_len_4_loss,10000,2026-09-08T10:04:02.907967Z,3.505588531
phase1_songs04,validation_metric,val/low_len_4_loss,20000,2026-09-08T10:14:31.019514Z,3.490878344
phase1_songs04,validation_metric,val/low_len_4_loss,30000,2026-09-08T10:25:15.749707Z,3.411700726
phase1_songs04,validation_metric,val/low_len_4_loss,40000,2026-09-08T10:35:58.869224Z,3.435794353
phase1_songs04,validation_metric,val/low_len_4_loss,50000,2026-09-08T10:46:35.621098Z,3.47322607
phase1_songs04,validation_metric,val/low_len_4_loss,60000,2026-09-08T10:57:42.317898Z,3.579372883
phase1_songs04,validation_metric,val/low_len_4_loss,70000,2026-09-08T11:08:14.349623Z,3.266489029
phase1_songs04,validation_metric,val/low_len_4_loss,80000,2026-09-08T11:18:41.893605Z,3.486326218
phase1_songs04,validation_metric,val/low_len_4_loss,90000,2026-09-08T11:29:28.617216Z,3.419094563
phase1_songs04,validation_metric,val/low_len_4_loss,100000,2026-09-08T11:40:09.309501Z,3.221925735
phase1_songs04,validation_metric,val/low_len_4_loss,110000,2026-09-08T11:51:05.072710Z,3.400443554
phase1_songs04,validation_metric,val/low_len_4_loss,120000,2026-09-08T12:01:50.089921Z,3.489310265
phase1_songs04,validation_metric,val/low_len_4_loss,130000,2026-09-08T12:12:23.095507Z,3.315512657
phase1_songs04,validation_metric,val/low_len_4_nll,10000,2026-09-08T10:04:02.908001Z,3.505588531
phase1_songs04,validation_metric,val/low_len_4_nll,20000,2026-09-08T10:14:31.019537Z,3.490878344
phase1_songs04,validation_metric,val/low_len_4_nll,30000,2026-09-08T10:25:15.749735Z,3.411700726
phase1_songs04,validation_metric,val/low_len_4_nll,40000,2026-09-08T10:35:58.869252Z,3.435794353
phase1_songs04,validation_metric,val/low_len_4_nll,50000,2026-09-08T10:46:35.621124Z,3.47322607
phase1_songs04,validation_metric,val/low_len_4_nll,60000,2026-09-08T10:57:42.317923Z,3.579372883
phase1_songs04,validation_metric,val/low_len_4_nll,70000,2026-09-08T11:08:14.349652Z,3.266489029
phase1_songs04,validation_metric,val/low_len_4_nll,80000,2026-09-08T11:18:41.893632Z,3.486326218
phase1_songs04,validation_metric,val/low_len_4_nll,90000,2026-09-08T11:29:28.617245Z,3.419094563
phase1_songs04,validation_metric,val/low_len_4_nll,100000,2026-09-08T11:40:09.309524Z,3.221925735
phase1_songs04,validation_metric,val/low_len_4_nll,110000,2026-09-08T11:51:05.072730Z,3.400443554
phase1_songs04,validation_metric,val/low_len_4_nll,120000,2026-09-08T12:01:50.089946Z,3.489310265
phase1_songs04,validation_metric,val/low_len_4_nll,130000,2026-09-08T12:12:23.095535Z,3.315512657
phase1_songs04,validation_metric,val/low_len_4_ppl,10000,2026-09-08T10:04:02.908011Z,33.30103683
phase1_songs04,validation_metric,val/low_len_4_ppl,20000,2026-09-08T10:14:31.019546Z,32.8147583
phase1_songs04,validation_metric,val/low_len_4_ppl,30000,2026-09-08T10:25:15.749748Z,30.31676102
phase1_songs04,validation_metric,val/low_len_4_ppl,40000,2026-09-08T10:35:58.869261Z,31.05607224
phase1_songs04,validation_metric,val/low_len_4_ppl,50000,2026-09-08T10:46:35.621132Z,32.24058533
phase1_songs04,validation_metric,val/low_len_4_ppl,60000,2026-09-08T10:57:42.317931Z,35.85105133
phase1_songs04,validation_metric,val/low_len_4_ppl,70000,2026-09-08T11:08:14.349660Z,26.21912384
phase1_songs04,validation_metric,val/low_len_4_ppl,80000,2026-09-08T11:18:41.893641Z,32.66572189
phase1_songs04,validation_metric,val/low_len_4_ppl,90000,2026-09-08T11:29:28.617254Z,30.54174805
phase1_songs04,validation_metric,val/low_len_4_ppl,100000,2026-09-08T11:40:09.309533Z,25.07636452
phase1_songs04,validation_metric,val/low_len_4_ppl,110000,2026-09-08T11:51:05.072738Z,29.9773941
phase1_songs04,validation_metric,val/low_len_4_ppl,120000,2026-09-08T12:01:50.089955Z,32.76334
phase1_songs04,validation_metric,val/low_len_4_ppl,130000,2026-09-08T12:12:23.095544Z,27.53650665
phase1_songs04,validation_metric,val/low_loss,10000,2026-09-08T10:04:02.908094Z,3.666195869
phase1_songs04,validation_metric,val/low_loss,20000,2026-09-08T10:14:31.019613Z,3.637457371
phase1_songs04,validation_metric,val/low_loss,30000,2026-09-08T10:25:15.749827Z,3.625479221
phase1_songs04,validation_metric,val/low_loss,40000,2026-09-08T10:35:58.869334Z,3.560566187
phase1_songs04,validation_metric,val/low_loss,50000,2026-09-08T10:46:35.621202Z,3.572603703
phase1_songs04,validation_metric,val/low_loss,60000,2026-09-08T10:57:42.317998Z,3.632339954
phase1_songs04,validation_metric,val/low_loss,70000,2026-09-08T11:08:14.349728Z,3.485576868
phase1_songs04,validation_metric,val/low_loss,80000,2026-09-08T11:18:41.893713Z,3.577114344
phase1_songs04,validation_metric,val/low_loss,90000,2026-09-08T11:29:28.617323Z,3.438873291
phase1_songs04,validation_metric,val/low_loss,100000,2026-09-08T11:40:09.309599Z,3.424414396
phase1_songs04,validation_metric,val/low_loss,110000,2026-09-08T11:51:05.072813Z,3.492817402
phase1_songs04,validation_metric,val/low_loss,120000,2026-09-08T12:01:50.090021Z,3.614696503
phase1_songs04,validation_metric,val/low_loss,130000,2026-09-08T12:12:23.095609Z,3.615374804
phase1_songs04,validation_metric,val/low_nll,10000,2026-09-08T10:04:02.908205Z,3.666195869
phase1_songs04,validation_metric,val/low_nll,20000,2026-09-08T10:14:31.019686Z,3.637457371
phase1_songs04,validation_metric,val/low_nll,30000,2026-09-08T10:25:15.749895Z,3.625479221
phase1_songs04,validation_metric,val/low_nll,40000,2026-09-08T10:35:58.869474Z,3.560566187
phase1_songs04,validation_metric,val/low_nll,50000,2026-09-08T10:46:35.621338Z,3.572603703
phase1_songs04,validation_metric,val/low_nll,60000,2026-09-08T10:57:42.318125Z,3.632339954
phase1_songs04,validation_metric,val/low_nll,70000,2026-09-08T11:08:14.349879Z,3.485576868
phase1_songs04,validation_metric,val/low_nll,80000,2026-09-08T11:18:41.893871Z,3.577114344
phase1_songs04,validation_metric,val/low_nll,90000,2026-09-08T11:29:28.617462Z,3.438873291
phase1_songs04,validation_metric,val/low_nll,100000,2026-09-08T11:40:09.309722Z,3.424414396
phase1_songs04,validation_metric,val/low_nll,110000,2026-09-08T11:51:05.072940Z,3.492817402
phase1_songs04,validation_metric,val/low_nll,120000,2026-09-08T12:01:50.090143Z,3.614696503
phase1_songs04,validation_metric,val/low_nll,130000,2026-09-08T12:12:23.095742Z,3.615374804
phase1_songs04,validation_metric,val/low_ppl,10000,2026-09-08T10:04:02.908340Z,39.10287094
phase1_songs04,validation_metric,val/low_ppl,20000,2026-09-08T10:14:31.019781Z,37.99510193
phase1_songs04,validation_metric,val/low_ppl,30000,2026-09-08T10:25:15.749980Z,37.54270935
phase1_songs04,validation_metric,val/low_ppl,40000,2026-09-08T10:35:58.869633Z,35.18310928
phase1_songs04,validation_metric,val/low_ppl,50000,2026-09-08T10:46:35.621490Z,35.60918427
phase1_songs04,validation_metric,val/low_ppl,60000,2026-09-08T10:57:42.318273Z,37.80117035
phase1_songs04,validation_metric,val/low_ppl,70000,2026-09-08T11:08:14.350028Z,32.64125061
phase1_songs04,validation_metric,val/low_ppl,80000,2026-09-08T11:18:41.894036Z,35.7701683
phase1_songs04,validation_metric,val/low_ppl,90000,2026-09-08T11:29:28.617648Z,31.1518383
phase1_songs04,validation_metric,val/low_ppl,100000,2026-09-08T11:40:09.309883Z,30.70466042
phase1_songs04,validation_metric,val/low_ppl,110000,2026-09-08T11:51:05.073083Z,32.87844467
phase1_songs04,validation_metric,val/low_ppl,120000,2026-09-08T12:01:50.090307Z,37.14007568
phase1_songs04,validation_metric,val/low_ppl,130000,2026-09-08T12:12:23.095915Z,37.16527176
phase1_songs04,validation_metadata,validation/high_activity_count,0,2026-09-08T09:54:04.904447Z,32
phase1_songs04,validation_metadata,validation/high_activity_len_1_count,0,2026-09-08T09:54:04.905777Z,8
phase1_songs04,validation_metadata,validation/high_activity_len_1_mean_mask_activity,0,2026-09-08T09:54:04.905845Z,0.9080209732
phase1_songs04,validation_metadata,validation/high_activity_len_1_mean_mask_len,0,2026-09-08T09:54:04.905994Z,1
phase1_songs04,validation_metadata,validation/high_activity_len_2_count,0,2026-09-08T09:54:04.906497Z,8
phase1_songs04,validation_metadata,validation/high_activity_len_2_mean_mask_activity,0,2026-09-08T09:54:04.906687Z,0.7995871305
phase1_songs04,validation_metadata,validation/high_activity_len_2_mean_mask_len,0,2026-09-08T09:54:04.906892Z,2
phase1_songs04,validation_metadata,validation/high_activity_len_3_count,0,2026-09-08T09:54:04.907340Z,8
phase1_songs04,validation_metadata,validation/high_activity_len_3_mean_mask_activity,0,2026-09-08T09:54:04.907522Z,0.8771512508
phase1_songs04,validation_metadata,validation/high_activity_len_3_mean_mask_len,0,2026-09-08T09:54:04.907694Z,3
phase1_songs04,validation_metadata,validation/high_activity_len_4_count,0,2026-09-08T09:54:04.908135Z,8
phase1_songs04,validation_metadata,validation/high_activity_len_4_mean_mask_activity,0,2026-09-08T09:54:04.908321Z,0.8573934436
phase1_songs04,validation_metadata,validation/high_activity_len_4_mean_mask_len,0,2026-09-08T09:54:04.908497Z,4
phase1_songs04,validation_metadata,validation/high_activity_mean_mask_len,0,2026-09-08T09:54:04.904460Z,2.5
phase1_songs04,validation_metadata,validation/high_activity_region_count,0,2026-09-08T09:54:04.904409Z,1
phase1_songs04,validation_metadata,validation/high_activity_region_mean_activity,0,2026-09-08T09:54:04.904427Z,0.8873716593
phase1_songs04,validation_metadata,validation/holdout_fraction,0,2026-09-08T09:54:04.904375Z,0.1023420095
phase1_songs04,validation_metadata,validation/holdout_frames,0,2026-09-08T09:54:04.904364Z,3072
phase1_songs04,validation_metadata,validation/holdout_ranges,0,2026-09-08T09:54:04.904320Z,2
phase1_songs04,validation_metadata,validation/holdout_regions,0,2026-09-08T09:54:04.904401Z,2
phase1_songs04,validation_metadata,validation/low_activity_count,0,2026-09-08T09:54:04.904453Z,32
phase1_songs04,validation_metadata,validation/low_activity_len_1_count,0,2026-09-08T09:54:04.908937Z,8
phase1_songs04,validation_metadata,validation/low_activity_len_1_mean_mask_activity,0,2026-09-08T09:54:04.909121Z,0.1796488315
phase1_songs04,validation_metadata,validation/low_activity_len_1_mean_mask_len,0,2026-09-08T09:54:04.909295Z,1
phase1_songs04,validation_metadata,validation/low_activity_len_2_count,0,2026-09-08T09:54:04.909719Z,8
phase1_songs04,validation_metadata,validation/low_activity_len_2_mean_mask_activity,0,2026-09-08T09:54:04.910006Z,0.2864541113
phase1_songs04,validation_metadata,validation/low_activity_len_2_mean_mask_len,0,2026-09-08T09:54:04.910170Z,2
phase1_songs04,validation_metadata,validation/low_activity_len_3_count,0,2026-09-08T09:54:04.910555Z,8
phase1_songs04,validation_metadata,validation/low_activity_len_3_mean_mask_activity,0,2026-09-08T09:54:04.910670Z,0.2136752903
phase1_songs04,validation_metadata,validation/low_activity_len_3_mean_mask_len,0,2026-09-08T09:54:04.910789Z,3
phase1_songs04,validation_metadata,validation/low_activity_len_4_count,0,2026-09-08T09:54:04.911182Z,8
phase1_songs04,validation_metadata,validation/low_activity_len_4_mean_mask_activity,0,2026-09-08T09:54:04.911293Z,0.1905949712
phase1_songs04,validation_metadata,validation/low_activity_len_4_mean_mask_len,0,2026-09-08T09:54:04.911404Z,4
phase1_songs04,validation_metadata,validation/low_activity_mean_mask_len,0,2026-09-08T09:54:04.904637Z,2.5
phase1_songs04,validation_metadata,validation/low_activity_region_count,0,2026-09-08T09:54:04.904416Z,1
phase1_songs04,validation_metadata,validation/low_activity_region_mean_activity,0,2026-09-08T09:54:04.904439Z,0.2666094601
phase1_songs17,dataset_metadata,dataset/avg_window_activity,0,2026-09-08T09:54:15.401738Z,0.5537756085
phase1_songs17,dataset_metadata,dataset/max_window_weight,0,2026-09-08T09:54:15.401752Z,0.00015752537
phase1_songs17,dataset_metadata,dataset/min_window_weight,0,2026-09-08T09:54:15.401745Z,3.47090463e-06
phase1_songs17,dataset_metadata,dataset/num_songs,0,2026-09-08T09:54:15.401722Z,17
phase1_songs17,dataset_metadata,dataset/song_0_starts,0,2026-09-08T09:54:15.401759Z,23360
phase1_songs17,dataset_metadata,dataset/song_0_weight,0,2026-09-08T09:54:15.401766Z,0.07225777954
phase1_songs17,dataset_metadata,dataset/song_10_starts,0,2026-09-08T09:54:15.404092Z,8735
phase1_songs17,dataset_metadata,dataset/song_10_weight,0,2026-09-08T09:54:15.404213Z,0.02701933496
phase1_songs17,dataset_metadata,dataset/song_11_starts,0,2026-09-08T09:54:15.404335Z,12656
phase1_songs17,dataset_metadata,dataset/song_11_weight,0,2026-09-08T09:54:15.404456Z,0.0391478762
phase1_songs17,dataset_metadata,dataset/song_12_starts,0,2026-09-08T09:54:15.404577Z,19253
phase1_songs17,dataset_metadata,dataset/song_12_weight,0,2026-09-08T09:54:15.404696Z,0.05955389515
phase1_songs17,dataset_metadata,dataset/song_13_starts,0,2026-09-08T09:54:15.404829Z,23314
phase1_songs17,dataset_metadata,dataset/song_13_weight,0,2026-09-08T09:54:15.404950Z,0.07211548835
phase1_songs17,dataset_metadata,dataset/song_14_starts,0,2026-09-08T09:54:15.405070Z,20795
phase1_songs17,dataset_metadata,dataset/song_14_weight,0,2026-09-08T09:54:15.405190Z,0.06432364881
phase1_songs17,dataset_metadata,dataset/song_15_starts,0,2026-09-08T09:54:15.405309Z,11379
phase1_songs17,dataset_metadata,dataset/song_15_weight,0,2026-09-08T09:54:15.405430Z,0.03519782797
phase1_songs17,dataset_metadata,dataset/song_16_starts,0,2026-09-08T09:54:15.405550Z,18496
phase1_songs17,dataset_metadata,dataset/song_16_weight,0,2026-09-08T09:54:15.405670Z,0.05721232295
phase1_songs17,dataset_metadata,dataset/song_1_starts,0,2026-09-08T09:54:15.401773Z,23787
phase1_songs17,dataset_metadata,dataset/song_1_weight,0,2026-09-08T09:54:15.401927Z,0.07357858866
phase1_songs17,dataset_metadata,dataset/song_2_starts,0,2026-09-08T09:54:15.402099Z,18351
phase1_songs17,dataset_metadata,dataset/song_2_weight,0,2026-09-08T09:54:15.402237Z,0.05676380545
phase1_songs17,dataset_metadata,dataset/song_3_starts,0,2026-09-08T09:54:15.402364Z,18902
phase1_songs17,dataset_metadata,dataset/song_3_weight,0,2026-09-08T09:54:15.402493Z,0.05846817046
phase1_songs17,dataset_metadata,dataset/song_4_starts,0,2026-09-08T09:54:15.402622Z,19205
phase1_songs17,dataset_metadata,dataset/song_4_weight,0,2026-09-08T09:54:15.402748Z,0.05940541998
phase1_songs17,dataset_metadata,dataset/song_5_starts,0,2026-09-08T09:54:15.402884Z,26430
phase1_songs17,dataset_metadata,dataset/song_5_weight,0,2026-09-08T09:54:15.403005Z,0.08175398409
phase1_songs17,dataset_metadata,dataset/song_6_starts,0,2026-09-08T09:54:15.403124Z,23493
phase1_songs17,dataset_metadata,dataset/song_6_weight,0,2026-09-08T09:54:15.403246Z,0.07266917825
phase1_songs17,dataset_metadata,dataset/song_7_starts,0,2026-09-08T09:54:15.403365Z,14936
phase1_songs17,dataset_metadata,dataset/song_7_weight,0,2026-09-08T09:54:15.403485Z,0.04620043561
phase1_songs17,dataset_metadata,dataset/song_8_starts,0,2026-09-08T09:54:15.403603Z,26254
phase1_songs17,dataset_metadata,dataset/song_8_weight,0,2026-09-08T09:54:15.403721Z,0.08120957762
phase1_songs17,dataset_metadata,dataset/song_9_starts,0,2026-09-08T09:54:15.403849Z,13941
phase1_songs17,dataset_metadata,dataset/song_9_weight,0,2026-09-08T09:54:15.403972Z,0.04312267527
phase1_songs17,dataset_metadata,dataset/total_frames,0,2026-09-08T09:54:15.401702Z,338735
phase1_songs17,dataset_metadata,dataset/total_minutes,0,2026-09-08T09:54:15.401711Z,75.2726059
phase1_songs17,dataset_metadata,dataset/total_valid_starts,0,2026-09-08T09:54:15.401730Z,323287
phase1_songs17,model_metadata,model/params_M,0,2026-09-08T09:54:15.466399Z,11.84076786
phase1_songs17,model_metadata,model/use_encoder_decoder,0,2026-09-08T09:54:15.466426Z,1
phase1_songs17,training_aggregate,train/avg_acc_top1,1000,2026-09-08T09:55:13.996664Z,0.003080621595
phase1_songs17,training_aggregate,train/avg_acc_top1,2000,2026-09-08T09:56:14.218753Z,0.007544124965
phase1_songs17,training_aggregate,train/avg_acc_top1,3000,2026-09-08T09:57:08.774278Z,0.01131064445
phase1_songs17,training_aggregate,train/avg_acc_top1,4000,2026-09-08T09:58:07.526117Z,0.01580316015
phase1_songs17,training_aggregate,train/avg_acc_top1,5000,2026-09-08T09:59:03.291278Z,0.01996386424
phase1_songs17,training_aggregate,train/avg_acc_top1,6000,2026-09-08T09:59:58.022945Z,0.0233791247
phase1_songs17,training_aggregate,train/avg_acc_top1,7000,2026-09-08T10:00:57.115500Z,0.02536360547
phase1_songs17,training_aggregate,train/avg_acc_top1,8000,2026-09-08T10:01:58.602286Z,0.02651664801
phase1_songs17,training_aggregate,train/avg_acc_top1,9000,2026-09-08T10:03:02.552579Z,0.02909466624
phase1_songs17,training_aggregate,train/avg_acc_top1,10000,2026-09-08T10:04:03.803808Z,0.03149968758
phase1_songs17,training_aggregate,train/avg_acc_top1,11000,2026-09-08T10:05:21.127641Z,0.03239036351
phase1_songs17,training_aggregate,train/avg_acc_top1,12000,2026-09-08T10:06:24.404221Z,0.03308862448
phase1_songs17,training_aggregate,train/avg_acc_top1,13000,2026-09-08T10:07:28.210620Z,0.0350947082
phase1_songs17,training_aggregate,train/avg_acc_top1,14000,2026-09-08T10:08:28.884256Z,0.03520974889
phase1_songs17,training_aggregate,train/avg_acc_top1,15000,2026-09-08T10:09:32.659508Z,0.03566880897
phase1_songs17,training_aggregate,train/avg_acc_top1,16000,2026-09-08T10:10:36.428396Z,0.0377048254
phase1_songs17,training_aggregate,train/avg_acc_top1,17000,2026-09-08T10:11:35.772620Z,0.03780871257
phase1_songs17,training_aggregate,train/avg_acc_top1,18000,2026-09-08T10:12:42.367423Z,0.03866064548
phase1_songs17,training_aggregate,train/avg_acc_top1,19000,2026-09-08T10:13:48.424514Z,0.03895206377
phase1_songs17,training_aggregate,train/avg_acc_top1,20000,2026-09-08T10:14:52.454499Z,0.03880520165
phase1_songs17,training_aggregate,train/avg_acc_top1,21000,2026-09-08T10:16:06.066438Z,0.03999000043
phase1_songs17,training_aggregate,train/avg_acc_top1,22000,2026-09-08T10:17:08.783670Z,0.03996543214
phase1_songs17,training_aggregate,train/avg_acc_top1,23000,2026-09-08T10:18:10.769446Z,0.04093191773
phase1_songs17,training_aggregate,train/avg_acc_top1,24000,2026-09-08T10:19:15.770545Z,0.0416966714
phase1_songs17,training_aggregate,train/avg_acc_top1,25000,2026-09-08T10:20:16.900825Z,0.04154203832
phase1_songs17,training_aggregate,train/avg_acc_top1,26000,2026-09-08T10:21:19.307744Z,0.04231740534
phase1_songs17,training_aggregate,train/avg_acc_top1,27000,2026-09-08T10:22:22.663335Z,0.04246249795
phase1_songs17,training_aggregate,train/avg_acc_top1,28000,2026-09-08T10:23:25.277284Z,0.04166238755
phase1_songs17,training_aggregate,train/avg_acc_top1,29000,2026-09-08T10:24:27.249202Z,0.0433694981
phase1_songs17,training_aggregate,train/avg_acc_top1,30000,2026-09-08T10:25:31.487642Z,0.04379012436
phase1_songs17,training_aggregate,train/avg_acc_top1,31000,2026-09-08T10:26:47.113518Z,0.04465497658
phase1_songs17,training_aggregate,train/avg_acc_top1,32000,2026-09-08T10:27:46.714902Z,0.04517696425
phase1_songs17,training_aggregate,train/avg_acc_top1,33000,2026-09-08T10:28:51.990964Z,0.04488880187
phase1_songs17,training_aggregate,train/avg_acc_top1,34000,2026-09-08T10:29:56.369387Z,0.0440820232
phase1_songs17,training_aggregate,train/avg_acc_top1,35000,2026-09-08T10:30:58.788050Z,0.04591054469
phase1_songs17,training_aggregate,train/avg_acc_top1,36000,2026-09-08T10:32:00.003629Z,0.04546420649
phase1_songs17,training_aggregate,train/avg_acc_top1,37000,2026-09-08T10:33:04.243211Z,0.04635762051
phase1_songs17,training_aggregate,train/avg_acc_top1,38000,2026-09-08T10:34:08.350281Z,0.0467219092
phase1_songs17,training_aggregate,train/avg_acc_top1,39000,2026-09-08T10:35:13.291054Z,0.0461756289
phase1_songs17,training_aggregate,train/avg_acc_top1,40000,2026-09-08T10:36:15.683710Z,0.04739397764
phase1_songs17,training_aggregate,train/avg_acc_top1,41000,2026-09-08T10:37:33.366929Z,0.04724092782
phase1_songs17,training_aggregate,train/avg_acc_top1,42000,2026-09-08T10:38:32.974818Z,0.04719667882
phase1_songs17,training_aggregate,train/avg_acc_top1,43000,2026-09-08T10:39:33.751878Z,0.04834362119
phase1_songs17,training_aggregate,train/avg_acc_top1,44000,2026-09-08T10:40:35.671200Z,0.04775732011
phase1_songs17,training_aggregate,train/avg_acc_top1,45000,2026-09-08T10:41:39.595087Z,0.04856051505
phase1_songs17,training_aggregate,train/avg_acc_top1,46000,2026-09-08T10:42:43.971767Z,0.0491235666
phase1_songs17,training_aggregate,train/avg_acc_top1,47000,2026-09-08T10:43:46.532718Z,0.04992870241
phase1_songs17,training_aggregate,train/avg_acc_top1,48000,2026-09-08T10:44:46.236344Z,0.05009645969
phase1_songs17,training_aggregate,train/avg_acc_top1,49000,2026-09-08T10:45:49.633472Z,0.05034995452
phase1_songs17,training_aggregate,train/avg_acc_top1,50000,2026-09-08T10:46:49.513710Z,0.05068776757
phase1_songs17,training_aggregate,train/avg_acc_top1,51000,2026-09-08T10:48:23.148360Z,0.05090716854
phase1_songs17,training_aggregate,train/avg_acc_top1,52000,2026-09-08T10:49:26.698023Z,0.05148471147
phase1_songs17,training_aggregate,train/avg_acc_top1,53000,2026-09-08T10:50:28.425292Z,0.05203701556
phase1_songs17,training_aggregate,train/avg_acc_top1,54000,2026-09-08T10:51:31.874347Z,0.05096394196
phase1_songs17,training_aggregate,train/avg_acc_top1,55000,2026-09-08T10:52:33.959582Z,0.05217504501
phase1_songs17,training_aggregate,train/avg_acc_top1,56000,2026-09-08T10:53:40.132419Z,0.05227284506
phase1_songs17,training_aggregate,train/avg_acc_top1,57000,2026-09-08T10:54:44.061970Z,0.05340647325
phase1_songs17,training_aggregate,train/avg_acc_top1,58000,2026-09-08T10:55:44.749406Z,0.05269672349
phase1_songs17,training_aggregate,train/avg_acc_top1,59000,2026-09-08T10:56:46.247792Z,0.052247338
phase1_songs17,training_aggregate,train/avg_acc_top1,60000,2026-09-08T10:57:49.544031Z,0.05293086916
phase1_songs17,training_aggregate,train/avg_acc_top1,61000,2026-09-08T10:59:06.456525Z,0.05442369729
phase1_songs17,training_aggregate,train/avg_acc_top1,62000,2026-09-08T11:00:10.815881Z,0.05370049179
phase1_songs17,training_aggregate,train/avg_acc_top1,63000,2026-09-08T11:01:11.312445Z,0.05349908024
phase1_songs17,training_aggregate,train/avg_acc_top1,64000,2026-09-08T11:02:14.627132Z,0.05455669761
phase1_songs17,training_aggregate,train/avg_acc_top1,65000,2026-09-08T11:03:17.545138Z,0.05507999659
phase1_songs17,training_aggregate,train/avg_acc_top1,66000,2026-09-08T11:04:20.915995Z,0.05527661741
phase1_songs17,training_aggregate,train/avg_acc_top1,67000,2026-09-08T11:05:24.333901Z,0.05540427193
phase1_songs17,training_aggregate,train/avg_acc_top1,68000,2026-09-08T11:06:26.606130Z,0.05568053201
phase1_songs17,training_aggregate,train/avg_acc_top1,69000,2026-09-08T11:07:28.496012Z,0.05652573332
phase1_songs17,training_aggregate,train/avg_acc_top1,70000,2026-09-08T11:08:30.003037Z,0.05703575537
phase1_songs17,training_aggregate,train/avg_acc_top1,71000,2026-09-08T11:09:43.394223Z,0.05688190088
phase1_songs17,training_aggregate,train/avg_acc_top1,72000,2026-09-08T11:10:45.711288Z,0.05679163709
phase1_songs17,training_aggregate,train/avg_acc_top1,73000,2026-09-08T11:11:52.812139Z,0.05808540806
phase1_songs17,training_aggregate,train/avg_acc_top1,74000,2026-09-08T11:12:57.102390Z,0.05868501216
phase1_songs17,training_aggregate,train/avg_acc_top1,75000,2026-09-08T11:13:59.600216Z,0.05817350745
phase1_songs17,training_aggregate,train/avg_acc_top1,76000,2026-09-08T11:15:01.817043Z,0.0592164807
phase1_songs17,training_aggregate,train/avg_acc_top1,77000,2026-09-08T11:16:05.970773Z,0.05936167762
phase1_songs17,training_aggregate,train/avg_acc_top1,78000,2026-09-08T11:17:12.445268Z,0.05975198373
phase1_songs17,training_aggregate,train/avg_acc_top1,79000,2026-09-08T11:18:17.885658Z,0.06144015491
phase1_songs17,training_aggregate,train/avg_acc_top1,80000,2026-09-08T11:19:17.489776Z,0.06025675312
phase1_songs17,training_aggregate,train/avg_acc_top1,81000,2026-09-08T11:20:34.404173Z,0.06185280904
phase1_songs17,training_aggregate,train/avg_acc_top1,82000,2026-09-08T11:21:41.108345Z,0.06192997098
phase1_songs17,training_aggregate,train/avg_acc_top1,83000,2026-09-08T11:22:41.048503Z,0.06293493509
phase1_songs17,training_aggregate,train/avg_acc_top1,84000,2026-09-08T11:23:45.661367Z,0.06325610727
phase1_songs17,training_aggregate,train/avg_acc_top1,85000,2026-09-08T11:24:49.443556Z,0.06462618709
phase1_songs17,training_aggregate,train/avg_acc_top1,86000,2026-09-08T11:25:54.761182Z,0.06457401067
phase1_songs17,training_aggregate,train/avg_acc_top1,87000,2026-09-08T11:26:59.033039Z,0.06573925912
phase1_songs17,training_aggregate,train/avg_acc_top1,88000,2026-09-08T11:28:02.272219Z,0.06565283984
phase1_songs17,training_aggregate,train/avg_acc_top1,89000,2026-09-08T11:29:06.644184Z,0.06565222889
phase1_songs17,training_aggregate,train/avg_acc_top1,90000,2026-09-08T11:30:15.298250Z,0.06572654843
phase1_songs17,training_aggregate,train/avg_acc_top1,91000,2026-09-08T11:31:27.583390Z,0.06634642184
phase1_songs17,training_aggregate,train/avg_acc_top1,92000,2026-09-08T11:32:30.923105Z,0.06721716374
phase1_songs17,training_aggregate,train/avg_acc_top1,93000,2026-09-08T11:33:36.114332Z,0.06807549298
phase1_songs17,training_aggregate,train/avg_acc_top1,94000,2026-09-08T11:34:40.992780Z,0.06825523823
phase1_songs17,training_aggregate,train/avg_acc_top1,95000,2026-09-08T11:35:39.407533Z,0.06839106977
phase1_songs17,training_aggregate,train/avg_acc_top1,96000,2026-09-08T11:36:39.291542Z,0.06921450049
phase1_songs17,training_aggregate,train/avg_acc_top1,97000,2026-09-08T11:37:42.115318Z,0.069525823
phase1_songs17,training_aggregate,train/avg_acc_top1,98000,2026-09-08T11:38:44.780233Z,0.07005361468
phase1_songs17,training_aggregate,train/avg_acc_top1,99000,2026-09-08T11:39:45.229429Z,0.07069704682
phase1_songs17,training_aggregate,train/avg_acc_top1,100000,2026-09-08T11:40:45.271422Z,0.07026401907
phase1_songs17,training_aggregate,train/avg_acc_top1,101000,2026-09-08T11:42:18.160618Z,0.07128855586
phase1_songs17,training_aggregate,train/avg_acc_top1,102000,2026-09-08T11:43:14.876811Z,0.07207185775
phase1_songs17,training_aggregate,train/avg_acc_top1,103000,2026-09-08T11:44:18.311627Z,0.07268925756
phase1_songs17,training_aggregate,train/avg_acc_top1,104000,2026-09-08T11:45:20.021912Z,0.07288224995
phase1_songs17,training_aggregate,train/avg_acc_top1,105000,2026-09-08T11:46:22.003859Z,0.07356351614
phase1_songs17,training_aggregate,train/avg_acc_top1,106000,2026-09-08T11:47:23.124831Z,0.07441035658
phase1_songs17,training_aggregate,train/avg_acc_top1,107000,2026-09-08T11:48:26.120430Z,0.0744003728
phase1_songs17,training_aggregate,train/avg_acc_top1,108000,2026-09-08T11:49:28.352405Z,0.07571485639
phase1_songs17,training_aggregate,train/avg_acc_top1,109000,2026-09-08T11:50:29.934047Z,0.07598485798
phase1_songs17,training_aggregate,train/avg_acc_top1,110000,2026-09-08T11:51:34.299055Z,0.07810686529
phase1_songs17,training_aggregate,train/avg_acc_top1,111000,2026-09-08T11:52:47.886921Z,0.07672122121
phase1_songs17,training_aggregate,train/avg_acc_top1,112000,2026-09-08T11:53:51.420702Z,0.07772222906
phase1_songs17,training_aggregate,train/avg_acc_top1,113000,2026-09-08T11:54:55.849005Z,0.0792183727
phase1_songs17,training_aggregate,train/avg_acc_top1,114000,2026-09-08T11:55:57.744349Z,0.07969065011
phase1_songs17,training_aggregate,train/avg_acc_top1,115000,2026-09-08T11:57:02.397017Z,0.08082916588
phase1_songs17,training_aggregate,train/avg_acc_top1,116000,2026-09-08T11:58:04.952443Z,0.08040863276
phase1_songs17,training_aggregate,train/avg_acc_top1,117000,2026-09-08T11:59:05.278000Z,0.08052875102
phase1_songs17,training_aggregate,train/avg_acc_top1,118000,2026-09-08T12:00:06.166380Z,0.08184204251
phase1_songs17,training_aggregate,train/avg_acc_top1,119000,2026-09-08T12:01:08.455296Z,0.08196698874
phase1_songs17,training_aggregate,train/avg_acc_top1,120000,2026-09-08T12:02:09.492176Z,0.08367392421
phase1_songs17,training_aggregate,train/avg_acc_top1,121000,2026-09-08T12:03:25.356887Z,0.08377928287
phase1_songs17,training_aggregate,train/avg_acc_top1,122000,2026-09-08T12:04:30.734402Z,0.08443535864
phase1_songs17,training_aggregate,train/avg_acc_top1,123000,2026-09-08T12:05:36.460095Z,0.08539704233
phase1_songs17,training_aggregate,train/avg_acc_top1,124000,2026-09-08T12:06:39.860534Z,0.08448495716
phase1_songs17,training_aggregate,train/avg_acc_top1,125000,2026-09-08T12:07:43.483573Z,0.08613266796
phase1_songs17,training_aggregate,train/avg_acc_top1,126000,2026-09-08T12:08:47.920929Z,0.08694817871
phase1_songs17,training_aggregate,train/avg_acc_top1,127000,2026-09-08T12:09:52.404290Z,0.086395666
phase1_songs17,training_aggregate,train/avg_acc_top1,128000,2026-09-08T12:10:53.079861Z,0.08749327064
phase1_songs17,training_aggregate,train/avg_acc_top1,129000,2026-09-08T12:11:53.967266Z,0.08873401582
phase1_songs17,training_aggregate,train/avg_acc_top1,130000,2026-09-08T12:13:00.573905Z,0.08910190314
phase1_songs17,training_aggregate,train/avg_acc_top5,1000,2026-09-08T09:55:13.996778Z,0.01414674893
phase1_songs17,training_aggregate,train/avg_acc_top5,2000,2026-09-08T09:56:14.218831Z,0.03385679424
phase1_songs17,training_aggregate,train/avg_acc_top5,3000,2026-09-08T09:57:08.774408Z,0.04867209122
phase1_songs17,training_aggregate,train/avg_acc_top5,4000,2026-09-08T09:58:07.526213Z,0.06459788978
phase1_songs17,training_aggregate,train/avg_acc_top5,5000,2026-09-08T09:59:03.291376Z,0.07652707398
phase1_songs17,training_aggregate,train/avg_acc_top5,6000,2026-09-08T09:59:58.023046Z,0.0870039165
phase1_songs17,training_aggregate,train/avg_acc_top5,7000,2026-09-08T10:00:57.115600Z,0.09466519207
phase1_songs17,training_aggregate,train/avg_acc_top5,8000,2026-09-08T10:01:58.602331Z,0.0998192206
phase1_songs17,training_aggregate,train/avg_acc_top5,9000,2026-09-08T10:03:02.552628Z,0.1058107391
phase1_songs17,training_aggregate,train/avg_acc_top5,10000,2026-09-08T10:04:03.803874Z,0.1111627445
phase1_songs17,training_aggregate,train/avg_acc_top5,11000,2026-09-08T10:05:21.127693Z,0.1152782068
phase1_songs17,training_aggregate,train/avg_acc_top5,12000,2026-09-08T10:06:24.404279Z,0.1176244915
phase1_songs17,training_aggregate,train/avg_acc_top5,13000,2026-09-08T10:07:28.210643Z,0.1212456524
phase1_songs17,training_aggregate,train/avg_acc_top5,14000,2026-09-08T10:08:28.884367Z,0.1213655099
phase1_songs17,training_aggregate,train/avg_acc_top5,15000,2026-09-08T10:09:32.659610Z,0.1238109097
phase1_songs17,training_aggregate,train/avg_acc_top5,16000,2026-09-08T10:10:36.428497Z,0.1276054829
phase1_songs17,training_aggregate,train/avg_acc_top5,17000,2026-09-08T10:11:35.772723Z,0.1283588111
phase1_songs17,training_aggregate,train/avg_acc_top5,18000,2026-09-08T10:12:42.367470Z,0.132019639
phase1_songs17,training_aggregate,train/avg_acc_top5,19000,2026-09-08T10:13:48.424612Z,0.1310272664
phase1_songs17,training_aggregate,train/avg_acc_top5,20000,2026-09-08T10:14:52.454598Z,0.1315103769
phase1_songs17,training_aggregate,train/avg_acc_top5,21000,2026-09-08T10:16:06.066491Z,0.13569282
phase1_songs17,training_aggregate,train/avg_acc_top5,22000,2026-09-08T10:17:08.783724Z,0.1355258226
phase1_songs17,training_aggregate,train/avg_acc_top5,23000,2026-09-08T10:18:10.769546Z,0.135947451
phase1_songs17,training_aggregate,train/avg_acc_top5,24000,2026-09-08T10:19:15.770644Z,0.1383018792
phase1_songs17,training_aggregate,train/avg_acc_top5,25000,2026-09-08T10:20:16.900926Z,0.1376893967
phase1_songs17,training_aggregate,train/avg_acc_top5,26000,2026-09-08T10:21:19.307896Z,0.1382447034
phase1_songs17,training_aggregate,train/avg_acc_top5,27000,2026-09-08T10:22:22.663462Z,0.139569357
phase1_songs17,training_aggregate,train/avg_acc_top5,28000,2026-09-08T10:23:25.277425Z,0.139515996
phase1_songs17,training_aggregate,train/avg_acc_top5,29000,2026-09-08T10:24:27.249302Z,0.1411078274
phase1_songs17,training_aggregate,train/avg_acc_top5,30000,2026-09-08T10:25:31.487707Z,0.1420185566
phase1_songs17,training_aggregate,train/avg_acc_top5,31000,2026-09-08T10:26:47.113576Z,0.1436555982
phase1_songs17,training_aggregate,train/avg_acc_top5,32000,2026-09-08T10:27:46.715022Z,0.1456225514
phase1_songs17,training_aggregate,train/avg_acc_top5,33000,2026-09-08T10:28:51.991021Z,0.1452552825
phase1_songs17,training_aggregate,train/avg_acc_top5,34000,2026-09-08T10:29:56.369479Z,0.1449200958
phase1_songs17,training_aggregate,train/avg_acc_top5,35000,2026-09-08T10:30:58.788198Z,0.1468516588
phase1_songs17,training_aggregate,train/avg_acc_top5,36000,2026-09-08T10:32:00.003728Z,0.1465938091
phase1_songs17,training_aggregate,train/avg_acc_top5,37000,2026-09-08T10:33:04.243255Z,0.1467398107
phase1_songs17,training_aggregate,train/avg_acc_top5,38000,2026-09-08T10:34:08.350303Z,0.1482173502
phase1_songs17,training_aggregate,train/avg_acc_top5,39000,2026-09-08T10:35:13.291154Z,0.1478952616
phase1_songs17,training_aggregate,train/avg_acc_top5,40000,2026-09-08T10:36:15.683769Z,0.1489439905
phase1_songs17,training_aggregate,train/avg_acc_top5,41000,2026-09-08T10:37:33.367031Z,0.1501891613
phase1_songs17,training_aggregate,train/avg_acc_top5,42000,2026-09-08T10:38:32.974928Z,0.1499447227
phase1_songs17,training_aggregate,train/avg_acc_top5,43000,2026-09-08T10:39:33.751992Z,0.1509966105
phase1_songs17,training_aggregate,train/avg_acc_top5,44000,2026-09-08T10:40:35.671308Z,0.151451841
phase1_songs17,training_aggregate,train/avg_acc_top5,45000,2026-09-08T10:41:39.595205Z,0.1525080651
phase1_songs17,training_aggregate,train/avg_acc_top5,46000,2026-09-08T10:42:43.971841Z,0.152187109
phase1_songs17,training_aggregate,train/avg_acc_top5,47000,2026-09-08T10:43:46.532792Z,0.1533959359
phase1_songs17,training_aggregate,train/avg_acc_top5,48000,2026-09-08T10:44:46.236400Z,0.1550783813
phase1_songs17,training_aggregate,train/avg_acc_top5,49000,2026-09-08T10:45:49.633576Z,0.1549666971
phase1_songs17,training_aggregate,train/avg_acc_top5,50000,2026-09-08T10:46:49.513824Z,0.1541173309
phase1_songs17,training_aggregate,train/avg_acc_top5,51000,2026-09-08T10:48:23.148413Z,0.1548903733
phase1_songs17,training_aggregate,train/avg_acc_top5,52000,2026-09-08T10:49:26.698131Z,0.1577477753
phase1_songs17,training_aggregate,train/avg_acc_top5,53000,2026-09-08T10:50:28.425391Z,0.1577357501
phase1_songs17,training_aggregate,train/avg_acc_top5,54000,2026-09-08T10:51:31.874416Z,0.1560215503
phase1_songs17,training_aggregate,train/avg_acc_top5,55000,2026-09-08T10:52:33.959709Z,0.1570582688
phase1_songs17,training_aggregate,train/avg_acc_top5,56000,2026-09-08T10:53:40.132487Z,0.15789029
phase1_songs17,training_aggregate,train/avg_acc_top5,57000,2026-09-08T10:54:44.062068Z,0.1590735018
phase1_songs17,training_aggregate,train/avg_acc_top5,58000,2026-09-08T10:55:44.749457Z,0.1590329111
phase1_songs17,training_aggregate,train/avg_acc_top5,59000,2026-09-08T10:56:46.247900Z,0.1577704251
phase1_songs17,training_aggregate,train/avg_acc_top5,60000,2026-09-08T10:57:49.544129Z,0.1579999775
phase1_songs17,training_aggregate,train/avg_acc_top5,61000,2026-09-08T10:59:06.456626Z,0.1620076448
phase1_songs17,training_aggregate,train/avg_acc_top5,62000,2026-09-08T11:00:10.815948Z,0.1594602913
phase1_songs17,training_aggregate,train/avg_acc_top5,63000,2026-09-08T11:01:11.312551Z,0.1609140486
phase1_songs17,training_aggregate,train/avg_acc_top5,64000,2026-09-08T11:02:14.627187Z,0.1617879719
phase1_songs17,training_aggregate,train/avg_acc_top5,65000,2026-09-08T11:03:17.545206Z,0.1626241654
phase1_songs17,training_aggregate,train/avg_acc_top5,66000,2026-09-08T11:04:20.916095Z,0.1627564579
phase1_songs17,training_aggregate,train/avg_acc_top5,67000,2026-09-08T11:05:24.333982Z,0.1634794325
phase1_songs17,training_aggregate,train/avg_acc_top5,68000,2026-09-08T11:06:26.606189Z,0.1648456007
phase1_songs17,training_aggregate,train/avg_acc_top5,69000,2026-09-08T11:07:28.496103Z,0.1661536545
phase1_songs17,training_aggregate,train/avg_acc_top5,70000,2026-09-08T11:08:30.003158Z,0.1682101339
phase1_songs17,training_aggregate,train/avg_acc_top5,71000,2026-09-08T11:09:43.394328Z,0.1661024094
phase1_songs17,training_aggregate,train/avg_acc_top5,72000,2026-09-08T11:10:45.711387Z,0.167364642
phase1_songs17,training_aggregate,train/avg_acc_top5,73000,2026-09-08T11:11:52.812244Z,0.1687541008
phase1_songs17,training_aggregate,train/avg_acc_top5,74000,2026-09-08T11:12:57.102489Z,0.1693777442
phase1_songs17,training_aggregate,train/avg_acc_top5,75000,2026-09-08T11:13:59.600316Z,0.1690979153
phase1_songs17,training_aggregate,train/avg_acc_top5,76000,2026-09-08T11:15:01.817144Z,0.1694692671
phase1_songs17,training_aggregate,train/avg_acc_top5,77000,2026-09-08T11:16:05.970890Z,0.1716521978
phase1_songs17,training_aggregate,train/avg_acc_top5,78000,2026-09-08T11:17:12.445364Z,0.1721006036
phase1_songs17,training_aggregate,train/avg_acc_top5,79000,2026-09-08T11:18:17.885715Z,0.1747098565
phase1_songs17,training_aggregate,train/avg_acc_top5,80000,2026-09-08T11:19:17.489824Z,0.1724437177
phase1_songs17,training_aggregate,train/avg_acc_top5,81000,2026-09-08T11:20:34.404275Z,0.1749789864
phase1_songs17,training_aggregate,train/avg_acc_top5,82000,2026-09-08T11:21:41.108446Z,0.1740095317
phase1_songs17,training_aggregate,train/avg_acc_top5,83000,2026-09-08T11:22:41.048566Z,0.1761195213
phase1_songs17,training_aggregate,train/avg_acc_top5,84000,2026-09-08T11:23:45.661472Z,0.1766962856
phase1_songs17,training_aggregate,train/avg_acc_top5,85000,2026-09-08T11:24:49.443578Z,0.1802669615
phase1_songs17,training_aggregate,train/avg_acc_top5,86000,2026-09-08T11:25:54.761269Z,0.1790089309
phase1_songs17,training_aggregate,train/avg_acc_top5,87000,2026-09-08T11:26:59.033195Z,0.1811093688
phase1_songs17,training_aggregate,train/avg_acc_top5,88000,2026-09-08T11:28:02.272319Z,0.1805779487
phase1_songs17,training_aggregate,train/avg_acc_top5,89000,2026-09-08T11:29:06.644285Z,0.1817616075
phase1_songs17,training_aggregate,train/avg_acc_top5,90000,2026-09-08T11:30:15.298350Z,0.1818281412
phase1_songs17,training_aggregate,train/avg_acc_top5,91000,2026-09-08T11:31:27.583490Z,0.1840968728
phase1_songs17,training_aggregate,train/avg_acc_top5,92000,2026-09-08T11:32:30.923228Z,0.184215486
phase1_songs17,training_aggregate,train/avg_acc_top5,93000,2026-09-08T11:33:36.114433Z,0.1841010451
phase1_songs17,training_aggregate,train/avg_acc_top5,94000,2026-09-08T11:34:40.992863Z,0.1848416477
phase1_songs17,training_aggregate,train/avg_acc_top5,95000,2026-09-08T11:35:39.407597Z,0.1863664687
phase1_songs17,training_aggregate,train/avg_acc_top5,96000,2026-09-08T11:36:39.291611Z,0.1883434355
phase1_songs17,training_aggregate,train/avg_acc_top5,97000,2026-09-08T11:37:42.115418Z,0.1885990798
phase1_songs17,training_aggregate,train/avg_acc_top5,98000,2026-09-08T11:38:44.780285Z,0.187756896
phase1_songs17,training_aggregate,train/avg_acc_top5,99000,2026-09-08T11:39:45.229482Z,0.1896723509
phase1_songs17,training_aggregate,train/avg_acc_top5,100000,2026-09-08T11:40:45.271465Z,0.1899009943
phase1_songs17,training_aggregate,train/avg_acc_top5,101000,2026-09-08T11:42:18.160719Z,0.1902593076
phase1_songs17,training_aggregate,train/avg_acc_top5,102000,2026-09-08T11:43:14.876866Z,0.1921237409
phase1_songs17,training_aggregate,train/avg_acc_top5,103000,2026-09-08T11:44:18.311729Z,0.1929506958
phase1_songs17,training_aggregate,train/avg_acc_top5,104000,2026-09-08T11:45:20.021981Z,0.1931768656
phase1_songs17,training_aggregate,train/avg_acc_top5,105000,2026-09-08T11:46:22.003966Z,0.1944561601
phase1_songs17,training_aggregate,train/avg_acc_top5,106000,2026-09-08T11:47:23.124893Z,0.1972744912
phase1_songs17,training_aggregate,train/avg_acc_top5,107000,2026-09-08T11:48:26.120533Z,0.1964359581
phase1_songs17,training_aggregate,train/avg_acc_top5,108000,2026-09-08T11:49:28.352448Z,0.1975677162
phase1_songs17,training_aggregate,train/avg_acc_top5,109000,2026-09-08T11:50:29.934147Z,0.1974000186
phase1_songs17,training_aggregate,train/avg_acc_top5,110000,2026-09-08T11:51:34.299160Z,0.2017403394
phase1_songs17,training_aggregate,train/avg_acc_top5,111000,2026-09-08T11:52:47.887026Z,0.200325951
phase1_songs17,training_aggregate,train/avg_acc_top5,112000,2026-09-08T11:53:51.420807Z,0.2015009075
phase1_songs17,training_aggregate,train/avg_acc_top5,113000,2026-09-08T11:54:55.849123Z,0.2042059153
phase1_songs17,training_aggregate,train/avg_acc_top5,114000,2026-09-08T11:55:57.744402Z,0.2053836137
phase1_songs17,training_aggregate,train/avg_acc_top5,115000,2026-09-08T11:57:02.397112Z,0.2063596249
phase1_songs17,training_aggregate,train/avg_acc_top5,116000,2026-09-08T11:58:04.952527Z,0.2063614726
phase1_songs17,training_aggregate,train/avg_acc_top5,117000,2026-09-08T11:59:05.278100Z,0.2075944692
phase1_songs17,training_aggregate,train/avg_acc_top5,118000,2026-09-08T12:00:06.166439Z,0.2083030641
phase1_songs17,training_aggregate,train/avg_acc_top5,119000,2026-09-08T12:01:08.455369Z,0.2095257342
phase1_songs17,training_aggregate,train/avg_acc_top5,120000,2026-09-08T12:02:09.492287Z,0.210890308
phase1_songs17,training_aggregate,train/avg_acc_top5,121000,2026-09-08T12:03:25.356988Z,0.2115714699
phase1_songs17,training_aggregate,train/avg_acc_top5,122000,2026-09-08T12:04:30.734457Z,0.2132607251
phase1_songs17,training_aggregate,train/avg_acc_top5,123000,2026-09-08T12:05:36.460201Z,0.2149174362
phase1_songs17,training_aggregate,train/avg_acc_top5,124000,2026-09-08T12:06:39.860596Z,0.2129159868
phase1_songs17,training_aggregate,train/avg_acc_top5,125000,2026-09-08T12:07:43.483671Z,0.2148901373
phase1_songs17,training_aggregate,train/avg_acc_top5,126000,2026-09-08T12:08:47.920983Z,0.2163917869
phase1_songs17,training_aggregate,train/avg_acc_top5,127000,2026-09-08T12:09:52.404388Z,0.2157437801
phase1_songs17,training_aggregate,train/avg_acc_top5,128000,2026-09-08T12:10:53.079916Z,0.2185092866
phase1_songs17,training_aggregate,train/avg_acc_top5,129000,2026-09-08T12:11:53.967319Z,0.219775483
phase1_songs17,training_aggregate,train/avg_acc_top5,130000,2026-09-08T12:13:00.573971Z,0.2217160761
phase1_songs17,training_aggregate,train/avg_accuracy,1000,2026-09-08T09:55:13.996538Z,0.003080621595
phase1_songs17,training_aggregate,train/avg_accuracy,2000,2026-09-08T09:56:14.218682Z,0.007544124965
phase1_songs17,training_aggregate,train/avg_accuracy,3000,2026-09-08T09:57:08.774140Z,0.01131064445
phase1_songs17,training_aggregate,train/avg_accuracy,4000,2026-09-08T09:58:07.526014Z,0.01580316015
phase1_songs17,training_aggregate,train/avg_accuracy,5000,2026-09-08T09:59:03.291178Z,0.01996386424
phase1_songs17,training_aggregate,train/avg_accuracy,6000,2026-09-08T09:59:58.022841Z,0.0233791247
phase1_songs17,training_aggregate,train/avg_accuracy,7000,2026-09-08T10:00:57.115398Z,0.02536360547
phase1_songs17,training_aggregate,train/avg_accuracy,8000,2026-09-08T10:01:58.602237Z,0.02651664801
phase1_songs17,training_aggregate,train/avg_accuracy,9000,2026-09-08T10:03:02.552529Z,0.02909466624
phase1_songs17,training_aggregate,train/avg_accuracy,10000,2026-09-08T10:04:03.803739Z,0.03149968758
phase1_songs17,training_aggregate,train/avg_accuracy,11000,2026-09-08T10:05:21.127585Z,0.03239036351
phase1_songs17,training_aggregate,train/avg_accuracy,12000,2026-09-08T10:06:24.404160Z,0.03308862448
phase1_songs17,training_aggregate,train/avg_accuracy,13000,2026-09-08T10:07:28.210594Z,0.0350947082
phase1_songs17,training_aggregate,train/avg_accuracy,14000,2026-09-08T10:08:28.884142Z,0.03520974889
phase1_songs17,training_aggregate,train/avg_accuracy,15000,2026-09-08T10:09:32.659405Z,0.03566880897
phase1_songs17,training_aggregate,train/avg_accuracy,16000,2026-09-08T10:10:36.428291Z,0.0377048254
phase1_songs17,training_aggregate,train/avg_accuracy,17000,2026-09-08T10:11:35.772514Z,0.03780871257
phase1_songs17,training_aggregate,train/avg_accuracy,18000,2026-09-08T10:12:42.367372Z,0.03866064548
phase1_songs17,training_aggregate,train/avg_accuracy,19000,2026-09-08T10:13:48.424413Z,0.03895206377
phase1_songs17,training_aggregate,train/avg_accuracy,20000,2026-09-08T10:14:52.454397Z,0.03880520165
phase1_songs17,training_aggregate,train/avg_accuracy,21000,2026-09-08T10:16:06.066381Z,0.03999000043
phase1_songs17,training_aggregate,train/avg_accuracy,22000,2026-09-08T10:17:08.783614Z,0.03996543214
phase1_songs17,training_aggregate,train/avg_accuracy,23000,2026-09-08T10:18:10.769342Z,0.04093191773
phase1_songs17,training_aggregate,train/avg_accuracy,24000,2026-09-08T10:19:15.770435Z,0.0416966714
phase1_songs17,training_aggregate,train/avg_accuracy,25000,2026-09-08T10:20:16.900711Z,0.04154203832
phase1_songs17,training_aggregate,train/avg_accuracy,26000,2026-09-08T10:21:19.307602Z,0.04231740534
phase1_songs17,training_aggregate,train/avg_accuracy,27000,2026-09-08T10:22:22.663206Z,0.04246249795
phase1_songs17,training_aggregate,train/avg_accuracy,28000,2026-09-08T10:23:25.277141Z,0.04166238755
phase1_songs17,training_aggregate,train/avg_accuracy,29000,2026-09-08T10:24:27.249099Z,0.0433694981
phase1_songs17,training_aggregate,train/avg_accuracy,30000,2026-09-08T10:25:31.487565Z,0.04379012436
phase1_songs17,training_aggregate,train/avg_accuracy,31000,2026-09-08T10:26:47.113457Z,0.04465497658
phase1_songs17,training_aggregate,train/avg_accuracy,32000,2026-09-08T10:27:46.714765Z,0.04517696425
phase1_songs17,training_aggregate,train/avg_accuracy,33000,2026-09-08T10:28:51.990898Z,0.04488880187
phase1_songs17,training_aggregate,train/avg_accuracy,34000,2026-09-08T10:29:56.369289Z,0.0440820232
phase1_songs17,training_aggregate,train/avg_accuracy,35000,2026-09-08T10:30:58.788008Z,0.04591054469
phase1_songs17,training_aggregate,train/avg_accuracy,36000,2026-09-08T10:32:00.003529Z,0.04546420649
phase1_songs17,training_aggregate,train/avg_accuracy,37000,2026-09-08T10:33:04.243173Z,0.04635762051
phase1_songs17,training_aggregate,train/avg_accuracy,38000,2026-09-08T10:34:08.350184Z,0.0467219092
phase1_songs17,training_aggregate,train/avg_accuracy,39000,2026-09-08T10:35:13.290950Z,0.0461756289
phase1_songs17,training_aggregate,train/avg_accuracy,40000,2026-09-08T10:36:15.683649Z,0.04739397764
phase1_songs17,training_aggregate,train/avg_accuracy,41000,2026-09-08T10:37:33.366821Z,0.04724092782
phase1_songs17,training_aggregate,train/avg_accuracy,42000,2026-09-08T10:38:32.974701Z,0.04719667882
phase1_songs17,training_aggregate,train/avg_accuracy,43000,2026-09-08T10:39:33.751746Z,0.04834362119
phase1_songs17,training_aggregate,train/avg_accuracy,44000,2026-09-08T10:40:35.671086Z,0.04775732011
phase1_songs17,training_aggregate,train/avg_accuracy,45000,2026-09-08T10:41:39.594971Z,0.04856051505
phase1_songs17,training_aggregate,train/avg_accuracy,46000,2026-09-08T10:42:43.971755Z,0.0491235666
phase1_songs17,training_aggregate,train/avg_accuracy,47000,2026-09-08T10:43:46.532671Z,0.04992870241
phase1_songs17,training_aggregate,train/avg_accuracy,48000,2026-09-08T10:44:46.236286Z,0.05009645969
phase1_songs17,training_aggregate,train/avg_accuracy,49000,2026-09-08T10:45:49.633365Z,0.05034995452
phase1_songs17,training_aggregate,train/avg_accuracy,50000,2026-09-08T10:46:49.513608Z,0.05068776757
phase1_songs17,training_aggregate,train/avg_accuracy,51000,2026-09-08T10:48:23.148302Z,0.05090716854
phase1_songs17,training_aggregate,train/avg_accuracy,52000,2026-09-08T10:49:26.697912Z,0.05148471147
phase1_songs17,training_aggregate,train/avg_accuracy,53000,2026-09-08T10:50:28.425191Z,0.05203701556
phase1_songs17,training_aggregate,train/avg_accuracy,54000,2026-09-08T10:51:31.874259Z,0.05096394196
phase1_songs17,training_aggregate,train/avg_accuracy,55000,2026-09-08T10:52:33.959448Z,0.05217504501
phase1_songs17,training_aggregate,train/avg_accuracy,56000,2026-09-08T10:53:40.132353Z,0.05227284506
phase1_songs17,training_aggregate,train/avg_accuracy,57000,2026-09-08T10:54:44.061867Z,0.05340647325
phase1_songs17,training_aggregate,train/avg_accuracy,58000,2026-09-08T10:55:44.749347Z,0.05269672349
phase1_songs17,training_aggregate,train/avg_accuracy,59000,2026-09-08T10:56:46.247697Z,0.052247338
phase1_songs17,training_aggregate,train/avg_accuracy,60000,2026-09-08T10:57:49.543927Z,0.05293086916
phase1_songs17,training_aggregate,train/avg_accuracy,61000,2026-09-08T10:59:06.456417Z,0.05442369729
phase1_songs17,training_aggregate,train/avg_accuracy,62000,2026-09-08T11:00:10.815809Z,0.05370049179
phase1_songs17,training_aggregate,train/avg_accuracy,63000,2026-09-08T11:01:11.312336Z,0.05349908024
phase1_songs17,training_aggregate,train/avg_accuracy,64000,2026-09-08T11:02:14.627118Z,0.05455669761
phase1_songs17,training_aggregate,train/avg_accuracy,65000,2026-09-08T11:03:17.545068Z,0.05507999659
phase1_songs17,training_aggregate,train/avg_accuracy,66000,2026-09-08T11:04:20.915890Z,0.05527661741
phase1_songs17,training_aggregate,train/avg_accuracy,67000,2026-09-08T11:05:24.333815Z,0.05540427193
phase1_songs17,training_aggregate,train/avg_accuracy,68000,2026-09-08T11:06:26.606069Z,0.05568053201
phase1_songs17,training_aggregate,train/avg_accuracy,69000,2026-09-08T11:07:28.495917Z,0.05652573332
phase1_songs17,training_aggregate,train/avg_accuracy,70000,2026-09-08T11:08:30.002911Z,0.05703575537
phase1_songs17,training_aggregate,train/avg_accuracy,71000,2026-09-08T11:09:43.394114Z,0.05688190088
phase1_songs17,training_aggregate,train/avg_accuracy,72000,2026-09-08T11:10:45.711181Z,0.05679163709
phase1_songs17,training_aggregate,train/avg_accuracy,73000,2026-09-08T11:11:52.812032Z,0.05808540806
phase1_songs17,training_aggregate,train/avg_accuracy,74000,2026-09-08T11:12:57.102289Z,0.05868501216
phase1_songs17,training_aggregate,train/avg_accuracy,75000,2026-09-08T11:13:59.600111Z,0.05817350745
phase1_songs17,training_aggregate,train/avg_accuracy,76000,2026-09-08T11:15:01.816942Z,0.0592164807
phase1_songs17,training_aggregate,train/avg_accuracy,77000,2026-09-08T11:16:05.970666Z,0.05936167762
phase1_songs17,training_aggregate,train/avg_accuracy,78000,2026-09-08T11:17:12.445167Z,0.05975198373
phase1_songs17,training_aggregate,train/avg_accuracy,79000,2026-09-08T11:18:17.885582Z,0.06144015491
phase1_songs17,training_aggregate,train/avg_accuracy,80000,2026-09-08T11:19:17.489731Z,0.06025675312
phase1_songs17,training_aggregate,train/avg_accuracy,81000,2026-09-08T11:20:34.404066Z,0.06185280904
phase1_songs17,training_aggregate,train/avg_accuracy,82000,2026-09-08T11:21:41.108241Z,0.06192997098
phase1_songs17,training_aggregate,train/avg_accuracy,83000,2026-09-08T11:22:41.048445Z,0.06293493509
phase1_songs17,training_aggregate,train/avg_accuracy,84000,2026-09-08T11:23:45.661261Z,0.06325610727
phase1_songs17,training_aggregate,train/avg_accuracy,85000,2026-09-08T11:24:49.443529Z,0.06462618709
phase1_songs17,training_aggregate,train/avg_accuracy,86000,2026-09-08T11:25:54.761101Z,0.06457401067
phase1_songs17,training_aggregate,train/avg_accuracy,87000,2026-09-08T11:26:59.032873Z,0.06573925912
phase1_songs17,training_aggregate,train/avg_accuracy,88000,2026-09-08T11:28:02.272115Z,0.06565283984
phase1_songs17,training_aggregate,train/avg_accuracy,89000,2026-09-08T11:29:06.644080Z,0.06565222889
phase1_songs17,training_aggregate,train/avg_accuracy,90000,2026-09-08T11:30:15.298145Z,0.06572654843
phase1_songs17,training_aggregate,train/avg_accuracy,91000,2026-09-08T11:31:27.583290Z,0.06634642184
phase1_songs17,training_aggregate,train/avg_accuracy,92000,2026-09-08T11:32:30.922977Z,0.06721716374
phase1_songs17,training_aggregate,train/avg_accuracy,93000,2026-09-08T11:33:36.114225Z,0.06807549298
phase1_songs17,training_aggregate,train/avg_accuracy,94000,2026-09-08T11:34:40.992697Z,0.06825523823
phase1_songs17,training_aggregate,train/avg_accuracy,95000,2026-09-08T11:35:39.407461Z,0.06839106977
phase1_songs17,training_aggregate,train/avg_accuracy,96000,2026-09-08T11:36:39.291484Z,0.06921450049
phase1_songs17,training_aggregate,train/avg_accuracy,97000,2026-09-08T11:37:42.115215Z,0.069525823
phase1_songs17,training_aggregate,train/avg_accuracy,98000,2026-09-08T11:38:44.780174Z,0.07005361468
phase1_songs17,training_aggregate,train/avg_accuracy,99000,2026-09-08T11:39:45.229370Z,0.07069704682
phase1_songs17,training_aggregate,train/avg_accuracy,100000,2026-09-08T11:40:45.271376Z,0.07026401907
phase1_songs17,training_aggregate,train/avg_accuracy,101000,2026-09-08T11:42:18.160515Z,0.07128855586
phase1_songs17,training_aggregate,train/avg_accuracy,102000,2026-09-08T11:43:14.876735Z,0.07207185775
phase1_songs17,training_aggregate,train/avg_accuracy,103000,2026-09-08T11:44:18.311521Z,0.07268925756
phase1_songs17,training_aggregate,train/avg_accuracy,104000,2026-09-08T11:45:20.021837Z,0.07288224995
phase1_songs17,training_aggregate,train/avg_accuracy,105000,2026-09-08T11:46:22.003739Z,0.07356351614
phase1_songs17,training_aggregate,train/avg_accuracy,106000,2026-09-08T11:47:23.124768Z,0.07441035658
phase1_songs17,training_aggregate,train/avg_accuracy,107000,2026-09-08T11:48:26.120321Z,0.0744003728
phase1_songs17,training_aggregate,train/avg_accuracy,108000,2026-09-08T11:49:28.352343Z,0.07571485639
phase1_songs17,training_aggregate,train/avg_accuracy,109000,2026-09-08T11:50:29.933945Z,0.07598485798
phase1_songs17,training_aggregate,train/avg_accuracy,110000,2026-09-08T11:51:34.298946Z,0.07810686529
phase1_songs17,training_aggregate,train/avg_accuracy,111000,2026-09-08T11:52:47.886811Z,0.07672122121
phase1_songs17,training_aggregate,train/avg_accuracy,112000,2026-09-08T11:53:51.420575Z,0.07772222906
phase1_songs17,training_aggregate,train/avg_accuracy,113000,2026-09-08T11:54:55.848881Z,0.0792183727
phase1_songs17,training_aggregate,train/avg_accuracy,114000,2026-09-08T11:55:57.744289Z,0.07969065011
phase1_songs17,training_aggregate,train/avg_accuracy,115000,2026-09-08T11:57:02.396814Z,0.08082916588
phase1_songs17,training_aggregate,train/avg_accuracy,116000,2026-09-08T11:58:04.952313Z,0.08040863276
phase1_songs17,training_aggregate,train/avg_accuracy,117000,2026-09-08T11:59:05.277895Z,0.08052875102
phase1_songs17,training_aggregate,train/avg_accuracy,118000,2026-09-08T12:00:06.166322Z,0.08184204251
phase1_songs17,training_aggregate,train/avg_accuracy,119000,2026-09-08T12:01:08.455220Z,0.08196698874
phase1_songs17,training_aggregate,train/avg_accuracy,120000,2026-09-08T12:02:09.492060Z,0.08367392421
phase1_songs17,training_aggregate,train/avg_accuracy,121000,2026-09-08T12:03:25.356771Z,0.08377928287
phase1_songs17,training_aggregate,train/avg_accuracy,122000,2026-09-08T12:04:30.734344Z,0.08443535864
phase1_songs17,training_aggregate,train/avg_accuracy,123000,2026-09-08T12:05:36.459986Z,0.08539704233
phase1_songs17,training_aggregate,train/avg_accuracy,124000,2026-09-08T12:06:39.860467Z,0.08448495716
phase1_songs17,training_aggregate,train/avg_accuracy,125000,2026-09-08T12:07:43.483472Z,0.08613266796
phase1_songs17,training_aggregate,train/avg_accuracy,126000,2026-09-08T12:08:47.920867Z,0.08694817871
phase1_songs17,training_aggregate,train/avg_accuracy,127000,2026-09-08T12:09:52.404186Z,0.086395666
phase1_songs17,training_aggregate,train/avg_accuracy,128000,2026-09-08T12:10:53.079792Z,0.08749327064
phase1_songs17,training_aggregate,train/avg_accuracy,129000,2026-09-08T12:11:53.967209Z,0.08873401582
phase1_songs17,training_aggregate,train/avg_accuracy,130000,2026-09-08T12:13:00.573834Z,0.08910190314
phase1_songs17,training_aggregate,train/avg_loss,1000,2026-09-08T09:55:13.996418Z,7.708610058
phase1_songs17,training_aggregate,train/avg_loss,2000,2026-09-08T09:56:14.218615Z,6.496140957
phase1_songs17,training_aggregate,train/avg_loss,3000,2026-09-08T09:57:08.774009Z,6.182343483
phase1_songs17,training_aggregate,train/avg_loss,4000,2026-09-08T09:58:07.525925Z,5.999233723
phase1_songs17,training_aggregate,train/avg_loss,5000,2026-09-08T09:59:03.291076Z,5.91104269
phase1_songs17,training_aggregate,train/avg_loss,6000,2026-09-08T09:59:58.022724Z,5.84819603
phase1_songs17,training_aggregate,train/avg_loss,7000,2026-09-08T10:00:57.115309Z,5.805570126
phase1_songs17,training_aggregate,train/avg_loss,8000,2026-09-08T10:01:58.602192Z,5.792369843
phase1_songs17,training_aggregate,train/avg_loss,9000,2026-09-08T10:03:02.552483Z,5.758197784
phase1_songs17,training_aggregate,train/avg_loss,10000,2026-09-08T10:04:03.803717Z,5.72438097
phase1_songs17,training_aggregate,train/avg_loss,11000,2026-09-08T10:05:21.127524Z,5.710354805
phase1_songs17,training_aggregate,train/avg_loss,12000,2026-09-08T10:06:24.404133Z,5.693808556
phase1_songs17,training_aggregate,train/avg_loss,13000,2026-09-08T10:07:28.210557Z,5.667265892
phase1_songs17,training_aggregate,train/avg_loss,14000,2026-09-08T10:08:28.884033Z,5.669668198
phase1_songs17,training_aggregate,train/avg_loss,15000,2026-09-08T10:09:32.659317Z,5.660702229
phase1_songs17,training_aggregate,train/avg_loss,16000,2026-09-08T10:10:36.428184Z,5.6378088
phase1_songs17,training_aggregate,train/avg_loss,17000,2026-09-08T10:11:35.772424Z,5.633948326
phase1_songs17,training_aggregate,train/avg_loss,18000,2026-09-08T10:12:42.367325Z,5.616884232
phase1_songs17,training_aggregate,train/avg_loss,19000,2026-09-08T10:13:48.424322Z,5.615595341
phase1_songs17,training_aggregate,train/avg_loss,20000,2026-09-08T10:14:52.454309Z,5.613273621
phase1_songs17,training_aggregate,train/avg_loss,21000,2026-09-08T10:16:06.066323Z,5.592745781
phase1_songs17,training_aggregate,train/avg_loss,22000,2026-09-08T10:17:08.783547Z,5.593057156
phase1_songs17,training_aggregate,train/avg_loss,23000,2026-09-08T10:18:10.769238Z,5.588781357
phase1_songs17,training_aggregate,train/avg_loss,24000,2026-09-08T10:19:15.770349Z,5.576600552
phase1_songs17,training_aggregate,train/avg_loss,25000,2026-09-08T10:20:16.900607Z,5.583663464
phase1_songs17,training_aggregate,train/avg_loss,26000,2026-09-08T10:21:19.307455Z,5.582062721
phase1_songs17,training_aggregate,train/avg_loss,27000,2026-09-08T10:22:22.663067Z,5.573354721
phase1_songs17,training_aggregate,train/avg_loss,28000,2026-09-08T10:23:25.276987Z,5.577376366
phase1_songs17,training_aggregate,train/avg_loss,29000,2026-09-08T10:24:27.249007Z,5.565545082
phase1_songs17,training_aggregate,train/avg_loss,30000,2026-09-08T10:25:31.487532Z,5.558454514
phase1_songs17,training_aggregate,train/avg_loss,31000,2026-09-08T10:26:47.113398Z,5.550978661
phase1_songs17,training_aggregate,train/avg_loss,32000,2026-09-08T10:27:46.714742Z,5.540872097
phase1_songs17,training_aggregate,train/avg_loss,33000,2026-09-08T10:28:51.990872Z,5.543838024
phase1_songs17,training_aggregate,train/avg_loss,34000,2026-09-08T10:29:56.369189Z,5.543596745
phase1_songs17,training_aggregate,train/avg_loss,35000,2026-09-08T10:30:58.787733Z,5.530603886
phase1_songs17,training_aggregate,train/avg_loss,36000,2026-09-08T10:32:00.003440Z,5.532526016
phase1_songs17,training_aggregate,train/avg_loss,37000,2026-09-08T10:33:04.243161Z,5.531429768
phase1_songs17,training_aggregate,train/avg_loss,38000,2026-09-08T10:34:08.350152Z,5.536034584
phase1_songs17,training_aggregate,train/avg_loss,39000,2026-09-08T10:35:13.290863Z,5.52546978
phase1_songs17,training_aggregate,train/avg_loss,40000,2026-09-08T10:36:15.683592Z,5.529985905
phase1_songs17,training_aggregate,train/avg_loss,41000,2026-09-08T10:37:33.366720Z,5.524582863
phase1_songs17,training_aggregate,train/avg_loss,42000,2026-09-08T10:38:32.974588Z,5.526034832
phase1_songs17,training_aggregate,train/avg_loss,43000,2026-09-08T10:39:33.751614Z,5.524663448
phase1_songs17,training_aggregate,train/avg_loss,44000,2026-09-08T10:40:35.670964Z,5.522624016
phase1_songs17,training_aggregate,train/avg_loss,45000,2026-09-08T10:41:39.594818Z,5.51732111
phase1_songs17,training_aggregate,train/avg_loss,46000,2026-09-08T10:42:43.971738Z,5.531365871
phase1_songs17,training_aggregate,train/avg_loss,47000,2026-09-08T10:43:46.532653Z,5.528315067
phase1_songs17,training_aggregate,train/avg_loss,48000,2026-09-08T10:44:46.236226Z,5.537379742
phase1_songs17,training_aggregate,train/avg_loss,49000,2026-09-08T10:45:49.633272Z,5.530780315
phase1_songs17,training_aggregate,train/avg_loss,50000,2026-09-08T10:46:49.513518Z,5.54655838
phase1_songs17,training_aggregate,train/avg_loss,51000,2026-09-08T10:48:23.148237Z,5.542973995
phase1_songs17,training_aggregate,train/avg_loss,52000,2026-09-08T10:49:26.697800Z,5.523805141
phase1_songs17,training_aggregate,train/avg_loss,53000,2026-09-08T10:50:28.425088Z,5.53202486
phase1_songs17,training_aggregate,train/avg_loss,54000,2026-09-08T10:51:31.874229Z,5.544220924
phase1_songs17,training_aggregate,train/avg_loss,55000,2026-09-08T10:52:33.959312Z,5.52782011
phase1_songs17,training_aggregate,train/avg_loss,56000,2026-09-08T10:53:40.132327Z,5.523696423
phase1_songs17,training_aggregate,train/avg_loss,57000,2026-09-08T10:54:44.061754Z,5.522539616
phase1_songs17,training_aggregate,train/avg_loss,58000,2026-09-08T10:55:44.749336Z,5.527667522
phase1_songs17,training_aggregate,train/avg_loss,59000,2026-09-08T10:56:46.247603Z,5.524028778
phase1_songs17,training_aggregate,train/avg_loss,60000,2026-09-08T10:57:49.543836Z,5.536170006
phase1_songs17,training_aggregate,train/avg_loss,61000,2026-09-08T10:59:06.456310Z,5.508788586
phase1_songs17,training_aggregate,train/avg_loss,62000,2026-09-08T11:00:10.815727Z,5.521455765
phase1_songs17,training_aggregate,train/avg_loss,63000,2026-09-08T11:01:11.312239Z,5.515353203
phase1_songs17,training_aggregate,train/avg_loss,64000,2026-09-08T11:02:14.627098Z,5.508973598
phase1_songs17,training_aggregate,train/avg_loss,65000,2026-09-08T11:03:17.544992Z,5.509013653
phase1_songs17,training_aggregate,train/avg_loss,66000,2026-09-08T11:04:20.915775Z,5.510328293
phase1_songs17,training_aggregate,train/avg_loss,67000,2026-09-08T11:05:24.333707Z,5.502868652
phase1_songs17,training_aggregate,train/avg_loss,68000,2026-09-08T11:06:26.606014Z,5.506682396
phase1_songs17,training_aggregate,train/avg_loss,69000,2026-09-08T11:07:28.495832Z,5.493683338
phase1_songs17,training_aggregate,train/avg_loss,70000,2026-09-08T11:08:30.002757Z,5.490272522
phase1_songs17,training_aggregate,train/avg_loss,71000,2026-09-08T11:09:43.394002Z,5.499574661
phase1_songs17,training_aggregate,train/avg_loss,72000,2026-09-08T11:10:45.711040Z,5.489049435
phase1_songs17,training_aggregate,train/avg_loss,73000,2026-09-08T11:11:52.811919Z,5.484080791
phase1_songs17,training_aggregate,train/avg_loss,74000,2026-09-08T11:12:57.102203Z,5.481532097
phase1_songs17,training_aggregate,train/avg_loss,75000,2026-09-08T11:13:59.600023Z,5.482549191
phase1_songs17,training_aggregate,train/avg_loss,76000,2026-09-08T11:15:01.816853Z,5.487411499
phase1_songs17,training_aggregate,train/avg_loss,77000,2026-09-08T11:16:05.970576Z,5.477319241
phase1_songs17,training_aggregate,train/avg_loss,78000,2026-09-08T11:17:12.445079Z,5.47554636
phase1_songs17,training_aggregate,train/avg_loss,79000,2026-09-08T11:18:17.885481Z,5.459627151
phase1_songs17,training_aggregate,train/avg_loss,80000,2026-09-08T11:19:17.489718Z,5.468647003
phase1_songs17,training_aggregate,train/avg_loss,81000,2026-09-08T11:20:34.403939Z,5.458179951
phase1_songs17,training_aggregate,train/avg_loss,82000,2026-09-08T11:21:41.108151Z,5.466984272
phase1_songs17,training_aggregate,train/avg_loss,83000,2026-09-08T11:22:41.048433Z,5.460921764
phase1_songs17,training_aggregate,train/avg_loss,84000,2026-09-08T11:23:45.661168Z,5.455178738
phase1_songs17,training_aggregate,train/avg_loss,85000,2026-09-08T11:24:49.443485Z,5.436674118
phase1_songs17,training_aggregate,train/avg_loss,86000,2026-09-08T11:25:54.761070Z,5.450462818
phase1_songs17,training_aggregate,train/avg_loss,87000,2026-09-08T11:26:59.032698Z,5.430196762
phase1_songs17,training_aggregate,train/avg_loss,88000,2026-09-08T11:28:02.272025Z,5.435825825
phase1_songs17,training_aggregate,train/avg_loss,89000,2026-09-08T11:29:06.643972Z,5.42830801
phase1_songs17,training_aggregate,train/avg_loss,90000,2026-09-08T11:30:15.298046Z,5.435988903
phase1_songs17,training_aggregate,train/avg_loss,91000,2026-09-08T11:31:27.583203Z,5.43205452
phase1_songs17,training_aggregate,train/avg_loss,92000,2026-09-08T11:32:30.922852Z,5.419907093
phase1_songs17,training_aggregate,train/avg_loss,93000,2026-09-08T11:33:36.114097Z,5.418548584
phase1_songs17,training_aggregate,train/avg_loss,94000,2026-09-08T11:34:40.992661Z,5.422396183
phase1_songs17,training_aggregate,train/avg_loss,95000,2026-09-08T11:35:39.407437Z,5.404154301
phase1_songs17,training_aggregate,train/avg_loss,96000,2026-09-08T11:36:39.291463Z,5.402118206
phase1_songs17,training_aggregate,train/avg_loss,97000,2026-09-08T11:37:42.115110Z,5.399653435
phase1_songs17,training_aggregate,train/avg_loss,98000,2026-09-08T11:38:44.780084Z,5.407674789
phase1_songs17,training_aggregate,train/avg_loss,99000,2026-09-08T11:39:45.229304Z,5.404017448
phase1_songs17,training_aggregate,train/avg_loss,100000,2026-09-08T11:40:45.271365Z,5.394899845
phase1_songs17,training_aggregate,train/avg_loss,101000,2026-09-08T11:42:18.160412Z,5.392539501
phase1_songs17,training_aggregate,train/avg_loss,102000,2026-09-08T11:43:14.876658Z,5.388942242
phase1_songs17,training_aggregate,train/avg_loss,103000,2026-09-08T11:44:18.311415Z,5.377193928
phase1_songs17,training_aggregate,train/avg_loss,104000,2026-09-08T11:45:20.021757Z,5.374307156
phase1_songs17,training_aggregate,train/avg_loss,105000,2026-09-08T11:46:22.003640Z,5.370182514
phase1_songs17,training_aggregate,train/avg_loss,106000,2026-09-08T11:47:23.124748Z,5.361657143
phase1_songs17,training_aggregate,train/avg_loss,107000,2026-09-08T11:48:26.120207Z,5.364637375
phase1_songs17,training_aggregate,train/avg_loss,108000,2026-09-08T11:49:28.352289Z,5.36500597
phase1_songs17,training_aggregate,train/avg_loss,109000,2026-09-08T11:50:29.933855Z,5.361098289
phase1_songs17,training_aggregate,train/avg_loss,110000,2026-09-08T11:51:34.298831Z,5.338094234
phase1_songs17,training_aggregate,train/avg_loss,111000,2026-09-08T11:52:47.886699Z,5.346139431
phase1_songs17,training_aggregate,train/avg_loss,112000,2026-09-08T11:53:51.420480Z,5.350186825
phase1_songs17,training_aggregate,train/avg_loss,113000,2026-09-08T11:54:55.848751Z,5.335077763
phase1_songs17,training_aggregate,train/avg_loss,114000,2026-09-08T11:55:57.744209Z,5.331942081
phase1_songs17,training_aggregate,train/avg_loss,115000,2026-09-08T11:57:02.396715Z,5.322975159
phase1_songs17,training_aggregate,train/avg_loss,116000,2026-09-08T11:58:04.952163Z,5.325881958
phase1_songs17,training_aggregate,train/avg_loss,117000,2026-09-08T11:59:05.277777Z,5.321056843
phase1_songs17,training_aggregate,train/avg_loss,118000,2026-09-08T12:00:06.166266Z,5.315021515
phase1_songs17,training_aggregate,train/avg_loss,119000,2026-09-08T12:01:08.455155Z,5.30935812
phase1_songs17,training_aggregate,train/avg_loss,120000,2026-09-08T12:02:09.491959Z,5.303971767
phase1_songs17,training_aggregate,train/avg_loss,121000,2026-09-08T12:03:25.356684Z,5.303402424
phase1_songs17,training_aggregate,train/avg_loss,122000,2026-09-08T12:04:30.734278Z,5.297914982
phase1_songs17,training_aggregate,train/avg_loss,123000,2026-09-08T12:05:36.459893Z,5.284224033
phase1_songs17,training_aggregate,train/avg_loss,124000,2026-09-08T12:06:39.860395Z,5.299004555
phase1_songs17,training_aggregate,train/avg_loss,125000,2026-09-08T12:07:43.483382Z,5.280341148
phase1_songs17,training_aggregate,train/avg_loss,126000,2026-09-08T12:08:47.920757Z,5.278594494
phase1_songs17,training_aggregate,train/avg_loss,127000,2026-09-08T12:09:52.404079Z,5.287090302
phase1_songs17,training_aggregate,train/avg_loss,128000,2026-09-08T12:10:53.079725Z,5.278639317
phase1_songs17,training_aggregate,train/avg_loss,129000,2026-09-08T12:11:53.967145Z,5.26756382
phase1_songs17,training_aggregate,train/avg_loss,130000,2026-09-08T12:13:00.573764Z,5.252202034
phase1_songs17,training_aggregate,train/avg_nll,1000,2026-09-08T09:55:13.997025Z,7.708610058
phase1_songs17,training_aggregate,train/avg_nll,2000,2026-09-08T09:56:14.218974Z,6.496140957
phase1_songs17,training_aggregate,train/avg_nll,3000,2026-09-08T09:57:08.774675Z,6.182343483
phase1_songs17,training_aggregate,train/avg_nll,4000,2026-09-08T09:58:07.526418Z,5.999233723
phase1_songs17,training_aggregate,train/avg_nll,5000,2026-09-08T09:59:03.291624Z,5.91104269
phase1_songs17,training_aggregate,train/avg_nll,6000,2026-09-08T09:59:58.023269Z,5.84819603
phase1_songs17,training_aggregate,train/avg_nll,7000,2026-09-08T10:00:57.115810Z,5.805516243
phase1_songs17,training_aggregate,train/avg_nll,8000,2026-09-08T10:01:58.602425Z,5.779010773
phase1_songs17,training_aggregate,train/avg_nll,9000,2026-09-08T10:03:02.552731Z,5.744840622
phase1_songs17,training_aggregate,train/avg_nll,10000,2026-09-08T10:04:03.804002Z,5.710894108
phase1_songs17,training_aggregate,train/avg_nll,11000,2026-09-08T10:05:21.127823Z,5.696779251
phase1_songs17,training_aggregate,train/avg_nll,12000,2026-09-08T10:06:24.404392Z,5.68041563
phase1_songs17,training_aggregate,train/avg_nll,13000,2026-09-08T10:07:28.210780Z,5.654085159
phase1_songs17,training_aggregate,train/avg_nll,14000,2026-09-08T10:08:28.884597Z,5.656321526
phase1_songs17,training_aggregate,train/avg_nll,15000,2026-09-08T10:09:32.659831Z,5.647379398
phase1_songs17,training_aggregate,train/avg_nll,16000,2026-09-08T10:10:36.428707Z,5.624486923
phase1_songs17,training_aggregate,train/avg_nll,17000,2026-09-08T10:11:35.773139Z,5.620646477
phase1_songs17,training_aggregate,train/avg_nll,18000,2026-09-08T10:12:42.367568Z,5.603642941
phase1_songs17,training_aggregate,train/avg_nll,19000,2026-09-08T10:13:48.424843Z,5.602525234
phase1_songs17,training_aggregate,train/avg_nll,20000,2026-09-08T10:14:52.454808Z,5.600086212
phase1_songs17,training_aggregate,train/avg_nll,21000,2026-09-08T10:16:06.066596Z,5.579799652
phase1_songs17,training_aggregate,train/avg_nll,22000,2026-09-08T10:17:08.783837Z,5.579658985
phase1_songs17,training_aggregate,train/avg_nll,23000,2026-09-08T10:18:10.769755Z,5.575552464
phase1_songs17,training_aggregate,train/avg_nll,24000,2026-09-08T10:19:15.770856Z,5.563450336
phase1_songs17,training_aggregate,train/avg_nll,25000,2026-09-08T10:20:16.901130Z,5.570422649
phase1_songs17,training_aggregate,train/avg_nll,26000,2026-09-08T10:21:19.308178Z,5.568956852
phase1_songs17,training_aggregate,train/avg_nll,27000,2026-09-08T10:22:22.663716Z,5.560224056
phase1_songs17,training_aggregate,train/avg_nll,28000,2026-09-08T10:23:25.277707Z,5.56410265
phase1_songs17,training_aggregate,train/avg_nll,29000,2026-09-08T10:24:27.249508Z,5.55239439
phase1_songs17,training_aggregate,train/avg_nll,30000,2026-09-08T10:25:31.487838Z,5.545474052
phase1_songs17,training_aggregate,train/avg_nll,31000,2026-09-08T10:26:47.113698Z,5.53781271
phase1_songs17,training_aggregate,train/avg_nll,32000,2026-09-08T10:27:46.715318Z,5.527716637
phase1_songs17,training_aggregate,train/avg_nll,33000,2026-09-08T10:28:51.991133Z,5.530759335
phase1_songs17,training_aggregate,train/avg_nll,34000,2026-09-08T10:29:56.369667Z,5.530328274
phase1_songs17,training_aggregate,train/avg_nll,35000,2026-09-08T10:30:58.788464Z,5.517421246
phase1_songs17,training_aggregate,train/avg_nll,36000,2026-09-08T10:32:00.003949Z,5.519191742
phase1_songs17,training_aggregate,train/avg_nll,37000,2026-09-08T10:33:04.243341Z,5.518226624
phase1_songs17,training_aggregate,train/avg_nll,38000,2026-09-08T10:34:08.350425Z,5.522667885
phase1_songs17,training_aggregate,train/avg_nll,39000,2026-09-08T10:35:13.291382Z,5.512280941
phase1_songs17,training_aggregate,train/avg_nll,40000,2026-09-08T10:36:15.683904Z,5.516719818
phase1_songs17,training_aggregate,train/avg_nll,41000,2026-09-08T10:37:33.367239Z,5.511292458
phase1_songs17,training_aggregate,train/avg_nll,42000,2026-09-08T10:38:32.975147Z,5.512789726
phase1_songs17,training_aggregate,train/avg_nll,43000,2026-09-08T10:39:33.752222Z,5.511563778
phase1_songs17,training_aggregate,train/avg_nll,44000,2026-09-08T10:40:35.671548Z,5.509324074
phase1_songs17,training_aggregate,train/avg_nll,45000,2026-09-08T10:41:39.595450Z,5.504312515
phase1_songs17,training_aggregate,train/avg_nll,46000,2026-09-08T10:42:43.971939Z,5.51807785
phase1_songs17,training_aggregate,train/avg_nll,47000,2026-09-08T10:43:46.532862Z,5.515272617
phase1_songs17,training_aggregate,train/avg_nll,48000,2026-09-08T10:44:46.236507Z,5.524617672
phase1_songs17,training_aggregate,train/avg_nll,49000,2026-09-08T10:45:49.633787Z,5.517597198
phase1_songs17,training_aggregate,train/avg_nll,50000,2026-09-08T10:46:49.514040Z,5.533258915
phase1_songs17,training_aggregate,train/avg_nll,51000,2026-09-08T10:48:23.148520Z,5.529927254
phase1_songs17,training_aggregate,train/avg_nll,52000,2026-09-08T10:49:26.698342Z,5.510854244
phase1_songs17,training_aggregate,train/avg_nll,53000,2026-09-08T10:50:28.425611Z,5.518913746
phase1_songs17,training_aggregate,train/avg_nll,54000,2026-09-08T10:51:31.874578Z,5.531149864
phase1_songs17,training_aggregate,train/avg_nll,55000,2026-09-08T10:52:33.959977Z,5.514866352
phase1_songs17,training_aggregate,train/avg_nll,56000,2026-09-08T10:53:40.132627Z,5.510620594
phase1_songs17,training_aggregate,train/avg_nll,57000,2026-09-08T10:54:44.062276Z,5.509653091
phase1_songs17,training_aggregate,train/avg_nll,58000,2026-09-08T10:55:44.749561Z,5.514483929
phase1_songs17,training_aggregate,train/avg_nll,59000,2026-09-08T10:56:46.248086Z,5.511125088
phase1_songs17,training_aggregate,train/avg_nll,60000,2026-09-08T10:57:49.544336Z,5.523199081
phase1_songs17,training_aggregate,train/avg_nll,61000,2026-09-08T10:59:06.456883Z,5.49603653
phase1_songs17,training_aggregate,train/avg_nll,62000,2026-09-08T11:00:10.816082Z,5.508536816
phase1_songs17,training_aggregate,train/avg_nll,63000,2026-09-08T11:01:11.312784Z,5.502516747
phase1_songs17,training_aggregate,train/avg_nll,64000,2026-09-08T11:02:14.627287Z,5.495923996
phase1_songs17,training_aggregate,train/avg_nll,65000,2026-09-08T11:03:17.545346Z,5.49596262
phase1_songs17,training_aggregate,train/avg_nll,66000,2026-09-08T11:04:20.916303Z,5.497294903
phase1_songs17,training_aggregate,train/avg_nll,67000,2026-09-08T11:05:24.334124Z,5.489971638
phase1_songs17,training_aggregate,train/avg_nll,68000,2026-09-08T11:06:26.606310Z,5.493588448
phase1_songs17,training_aggregate,train/avg_nll,69000,2026-09-08T11:07:28.496292Z,5.480359077
phase1_songs17,training_aggregate,train/avg_nll,70000,2026-09-08T11:08:30.003406Z,5.477244854
phase1_songs17,training_aggregate,train/avg_nll,71000,2026-09-08T11:09:43.394542Z,5.486484528
phase1_songs17,training_aggregate,train/avg_nll,72000,2026-09-08T11:10:45.711591Z,5.476191521
phase1_songs17,training_aggregate,train/avg_nll,73000,2026-09-08T11:11:52.812459Z,5.471356392
phase1_songs17,training_aggregate,train/avg_nll,74000,2026-09-08T11:12:57.102692Z,5.468929768
phase1_songs17,training_aggregate,train/avg_nll,75000,2026-09-08T11:13:59.600525Z,5.469509602
phase1_songs17,training_aggregate,train/avg_nll,76000,2026-09-08T11:15:01.817350Z,5.474410534
phase1_songs17,training_aggregate,train/avg_nll,77000,2026-09-08T11:16:05.971106Z,5.464571476
phase1_songs17,training_aggregate,train/avg_nll,78000,2026-09-08T11:17:12.445565Z,5.462434292
phase1_songs17,training_aggregate,train/avg_nll,79000,2026-09-08T11:18:17.885833Z,5.446789265
phase1_songs17,training_aggregate,train/avg_nll,80000,2026-09-08T11:19:17.489911Z,5.455834389
phase1_songs17,training_aggregate,train/avg_nll,81000,2026-09-08T11:20:34.404481Z,5.445464134
phase1_songs17,training_aggregate,train/avg_nll,82000,2026-09-08T11:21:41.108656Z,5.45432663
phase1_songs17,training_aggregate,train/avg_nll,83000,2026-09-08T11:22:41.048673Z,5.448327541
phase1_songs17,training_aggregate,train/avg_nll,84000,2026-09-08T11:23:45.661686Z,5.442234516
phase1_songs17,training_aggregate,train/avg_nll,85000,2026-09-08T11:24:49.443621Z,5.424106121
phase1_songs17,training_aggregate,train/avg_nll,86000,2026-09-08T11:25:54.761474Z,5.437827587
phase1_songs17,training_aggregate,train/avg_nll,87000,2026-09-08T11:26:59.033509Z,5.417508602
phase1_songs17,training_aggregate,train/avg_nll,88000,2026-09-08T11:28:02.272525Z,5.423150063
phase1_songs17,training_aggregate,train/avg_nll,89000,2026-09-08T11:29:06.644521Z,5.415498734
phase1_songs17,training_aggregate,train/avg_nll,90000,2026-09-08T11:30:15.298562Z,5.42310667
phase1_songs17,training_aggregate,train/avg_nll,91000,2026-09-08T11:31:27.583694Z,5.419503689
phase1_songs17,training_aggregate,train/avg_nll,92000,2026-09-08T11:32:30.923472Z,5.407213211
phase1_songs17,training_aggregate,train/avg_nll,93000,2026-09-08T11:33:36.114640Z,5.405942917
phase1_songs17,training_aggregate,train/avg_nll,94000,2026-09-08T11:34:40.993007Z,5.409865856
phase1_songs17,training_aggregate,train/avg_nll,95000,2026-09-08T11:35:39.407727Z,5.391611099
phase1_songs17,training_aggregate,train/avg_nll,96000,2026-09-08T11:36:39.291748Z,5.389308453
phase1_songs17,training_aggregate,train/avg_nll,97000,2026-09-08T11:37:42.115623Z,5.387156963
phase1_songs17,training_aggregate,train/avg_nll,98000,2026-09-08T11:38:44.780391Z,5.395346165
phase1_songs17,training_aggregate,train/avg_nll,99000,2026-09-08T11:39:45.229587Z,5.391502857
phase1_songs17,training_aggregate,train/avg_nll,100000,2026-09-08T11:40:45.271551Z,5.382372856
phase1_songs17,training_aggregate,train/avg_nll,101000,2026-09-08T11:42:18.160994Z,5.379982948
phase1_songs17,training_aggregate,train/avg_nll,102000,2026-09-08T11:43:14.876974Z,5.376571178
phase1_songs17,training_aggregate,train/avg_nll,103000,2026-09-08T11:44:18.311954Z,5.364731312
phase1_songs17,training_aggregate,train/avg_nll,104000,2026-09-08T11:45:20.022122Z,5.361876965
phase1_songs17,training_aggregate,train/avg_nll,105000,2026-09-08T11:46:22.004181Z,5.35780859
phase1_songs17,training_aggregate,train/avg_nll,106000,2026-09-08T11:47:23.125015Z,5.349386215
phase1_songs17,training_aggregate,train/avg_nll,107000,2026-09-08T11:48:26.120747Z,5.351927757
phase1_songs17,training_aggregate,train/avg_nll,108000,2026-09-08T11:49:28.352550Z,5.352653503
phase1_songs17,training_aggregate,train/avg_nll,109000,2026-09-08T11:50:29.934354Z,5.348622322
phase1_songs17,training_aggregate,train/avg_nll,110000,2026-09-08T11:51:34.299398Z,5.325679302
phase1_songs17,training_aggregate,train/avg_nll,111000,2026-09-08T11:52:47.887238Z,5.333759785
phase1_songs17,training_aggregate,train/avg_nll,112000,2026-09-08T11:53:51.421027Z,5.337798119
phase1_songs17,training_aggregate,train/avg_nll,113000,2026-09-08T11:54:55.849369Z,5.32277298
phase1_songs17,training_aggregate,train/avg_nll,114000,2026-09-08T11:55:57.744506Z,5.319637775
phase1_songs17,training_aggregate,train/avg_nll,115000,2026-09-08T11:57:02.397274Z,5.310900211
phase1_songs17,training_aggregate,train/avg_nll,116000,2026-09-08T11:58:04.952680Z,5.313580036
phase1_songs17,training_aggregate,train/avg_nll,117000,2026-09-08T11:59:05.278306Z,5.309106827
phase1_songs17,training_aggregate,train/avg_nll,118000,2026-09-08T12:00:06.166556Z,5.303215504
phase1_songs17,training_aggregate,train/avg_nll,119000,2026-09-08T12:01:08.455523Z,5.297249794
phase1_songs17,training_aggregate,train/avg_nll,120000,2026-09-08T12:02:09.492512Z,5.291928768
phase1_songs17,training_aggregate,train/avg_nll,121000,2026-09-08T12:03:25.357195Z,5.291296959
phase1_songs17,training_aggregate,train/avg_nll,122000,2026-09-08T12:04:30.734564Z,5.285974026
phase1_songs17,training_aggregate,train/avg_nll,123000,2026-09-08T12:05:36.460414Z,5.2720294
phase1_songs17,training_aggregate,train/avg_nll,124000,2026-09-08T12:06:39.860723Z,5.286960602
phase1_songs17,training_aggregate,train/avg_nll,125000,2026-09-08T12:07:43.483884Z,5.268584728
phase1_songs17,training_aggregate,train/avg_nll,126000,2026-09-08T12:08:47.921090Z,5.266709805
phase1_songs17,training_aggregate,train/avg_nll,127000,2026-09-08T12:09:52.404596Z,5.275362015
phase1_songs17,training_aggregate,train/avg_nll,128000,2026-09-08T12:10:53.080021Z,5.266836643
phase1_songs17,training_aggregate,train/avg_nll,129000,2026-09-08T12:11:53.967426Z,5.255683899
phase1_songs17,training_aggregate,train/avg_nll,130000,2026-09-08T12:13:00.574109Z,5.240285397
phase1_songs17,training_aggregate,train/avg_ppl,1000,2026-09-08T09:55:13.996907Z,4540.530273
phase1_songs17,training_aggregate,train/avg_ppl,2000,2026-09-08T09:56:14.218903Z,678.3744507
phase1_songs17,training_aggregate,train/avg_ppl,3000,2026-09-08T09:57:08.774540Z,494.3273926
phase1_songs17,training_aggregate,train/avg_ppl,4000,2026-09-08T09:58:07.526316Z,411.3666992
phase1_songs17,training_aggregate,train/avg_ppl,5000,2026-09-08T09:59:03.291603Z,375.8051147
phase1_songs17,training_aggregate,train/avg_ppl,6000,2026-09-08T09:59:58.023166Z,352.8745422
phase1_songs17,training_aggregate,train/avg_ppl,7000,2026-09-08T10:00:57.115702Z,338.6930237
phase1_songs17,training_aggregate,train/avg_ppl,8000,2026-09-08T10:01:58.602378Z,329.4208069
phase1_songs17,training_aggregate,train/avg_ppl,9000,2026-09-08T10:03:02.552677Z,318.3553162
phase1_songs17,training_aggregate,train/avg_ppl,10000,2026-09-08T10:04:03.803947Z,307.9470215
phase1_songs17,training_aggregate,train/avg_ppl,11000,2026-09-08T10:05:21.127761Z,303.8030701
phase1_songs17,training_aggregate,train/avg_ppl,12000,2026-09-08T10:06:24.404335Z,298.7702942
phase1_songs17,training_aggregate,train/avg_ppl,13000,2026-09-08T10:07:28.210713Z,291.3033142
phase1_songs17,training_aggregate,train/avg_ppl,14000,2026-09-08T10:08:28.884483Z,291.9026794
phase1_songs17,training_aggregate,train/avg_ppl,15000,2026-09-08T10:09:32.659715Z,289.2931519
phase1_songs17,training_aggregate,train/avg_ppl,16000,2026-09-08T10:10:36.428601Z,282.8584595
phase1_songs17,training_aggregate,train/avg_ppl,17000,2026-09-08T10:11:35.773097Z,281.6135254
phase1_songs17,training_aggregate,train/avg_ppl,18000,2026-09-08T10:12:42.367519Z,276.7620239
phase1_songs17,training_aggregate,train/avg_ppl,19000,2026-09-08T10:13:48.424714Z,276.6359558
phase1_songs17,training_aggregate,train/avg_ppl,20000,2026-09-08T10:14:52.454700Z,275.7240295
phase1_songs17,training_aggregate,train/avg_ppl,21000,2026-09-08T10:16:06.066544Z,270.5907288
phase1_songs17,training_aggregate,train/avg_ppl,22000,2026-09-08T10:17:08.783775Z,269.9809875
phase1_songs17,training_aggregate,train/avg_ppl,23000,2026-09-08T10:18:10.769650Z,269.206604
phase1_songs17,training_aggregate,train/avg_ppl,24000,2026-09-08T10:19:15.770745Z,265.9019165
phase1_songs17,training_aggregate,train/avg_ppl,25000,2026-09-08T10:20:16.901029Z,267.4240723
phase1_songs17,training_aggregate,train/avg_ppl,26000,2026-09-08T10:21:19.308038Z,267.7316895
phase1_songs17,training_aggregate,train/avg_ppl,27000,2026-09-08T10:22:22.663589Z,264.8760681
phase1_songs17,training_aggregate,train/avg_ppl,28000,2026-09-08T10:23:25.277567Z,265.9450684
phase1_songs17,training_aggregate,train/avg_ppl,29000,2026-09-08T10:24:27.249405Z,262.8025208
phase1_songs17,training_aggregate,train/avg_ppl,30000,2026-09-08T10:25:31.487770Z,261.1600952
phase1_songs17,training_aggregate,train/avg_ppl,31000,2026-09-08T10:26:47.113636Z,259.4248047
phase1_songs17,training_aggregate,train/avg_ppl,32000,2026-09-08T10:27:46.715139Z,256.5976562
phase1_songs17,training_aggregate,train/avg_ppl,33000,2026-09-08T10:28:51.991077Z,257.0093079
phase1_songs17,training_aggregate,train/avg_ppl,34000,2026-09-08T10:29:56.369572Z,257.3261108
phase1_songs17,training_aggregate,train/avg_ppl,35000,2026-09-08T10:30:58.788333Z,253.7196045
phase1_songs17,training_aggregate,train/avg_ppl,36000,2026-09-08T10:32:00.003843Z,254.6740112
phase1_songs17,training_aggregate,train/avg_ppl,37000,2026-09-08T10:33:04.243298Z,253.9836121
phase1_songs17,training_aggregate,train/avg_ppl,38000,2026-09-08T10:34:08.350363Z,254.9371643
phase1_songs17,training_aggregate,train/avg_ppl,39000,2026-09-08T10:35:13.291276Z,252.7786407
phase1_songs17,training_aggregate,train/avg_ppl,40000,2026-09-08T10:36:15.683841Z,253.7977142
phase1_songs17,training_aggregate,train/avg_ppl,41000,2026-09-08T10:37:33.367134Z,252.3413391
phase1_songs17,training_aggregate,train/avg_ppl,42000,2026-09-08T10:38:32.975038Z,252.6161957
phase1_songs17,training_aggregate,train/avg_ppl,43000,2026-09-08T10:39:33.752106Z,252.2812347
phase1_songs17,training_aggregate,train/avg_ppl,44000,2026-09-08T10:40:35.671438Z,252.0935974
phase1_songs17,training_aggregate,train/avg_ppl,45000,2026-09-08T10:41:39.595328Z,251.3802643
phase1_songs17,training_aggregate,train/avg_ppl,46000,2026-09-08T10:42:43.971886Z,254.3752594
phase1_songs17,training_aggregate,train/avg_ppl,47000,2026-09-08T10:43:46.532812Z,253.9569855
phase1_songs17,training_aggregate,train/avg_ppl,48000,2026-09-08T10:44:46.236454Z,255.9543762
phase1_songs17,training_aggregate,train/avg_ppl,49000,2026-09-08T10:45:49.633681Z,255.0743866
phase1_songs17,training_aggregate,train/avg_ppl,50000,2026-09-08T10:46:49.513931Z,259.5066833
phase1_songs17,training_aggregate,train/avg_ppl,51000,2026-09-08T10:48:23.148466Z,258.5928955
phase1_songs17,training_aggregate,train/avg_ppl,52000,2026-09-08T10:49:26.698236Z,253.4916077
phase1_songs17,training_aggregate,train/avg_ppl,53000,2026-09-08T10:50:28.425491Z,255.7412262
phase1_songs17,training_aggregate,train/avg_ppl,54000,2026-09-08T10:51:31.874498Z,259.0835266
phase1_songs17,training_aggregate,train/avg_ppl,55000,2026-09-08T10:52:33.959849Z,254.7577362
phase1_songs17,training_aggregate,train/avg_ppl,56000,2026-09-08T10:53:40.132557Z,253.9985199
phase1_songs17,training_aggregate,train/avg_ppl,57000,2026-09-08T10:54:44.062170Z,252.9768372
phase1_songs17,training_aggregate,train/avg_ppl,58000,2026-09-08T10:55:44.749509Z,254.72258
phase1_songs17,training_aggregate,train/avg_ppl,59000,2026-09-08T10:56:46.247994Z,253.7921906
phase1_songs17,training_aggregate,train/avg_ppl,60000,2026-09-08T10:57:49.544232Z,256.0794678
phase1_songs17,training_aggregate,train/avg_ppl,61000,2026-09-08T10:59:06.456728Z,249.8543854
phase1_songs17,training_aggregate,train/avg_ppl,62000,2026-09-08T11:00:10.816014Z,253.3796082
phase1_songs17,training_aggregate,train/avg_ppl,63000,2026-09-08T11:01:11.312664Z,251.5211487
phase1_songs17,training_aggregate,train/avg_ppl,64000,2026-09-08T11:02:14.627234Z,249.4279633
phase1_songs17,training_aggregate,train/avg_ppl,65000,2026-09-08T11:03:17.545275Z,249.5987854
phase1_songs17,training_aggregate,train/avg_ppl,66000,2026-09-08T11:04:20.916198Z,249.9486847
phase1_songs17,training_aggregate,train/avg_ppl,67000,2026-09-08T11:05:24.334057Z,248.5721741
phase1_songs17,training_aggregate,train/avg_ppl,68000,2026-09-08T11:06:26.606250Z,249.3996582
phase1_songs17,training_aggregate,train/avg_ppl,69000,2026-09-08T11:07:28.496197Z,245.6930389
phase1_songs17,training_aggregate,train/avg_ppl,70000,2026-09-08T11:08:30.003282Z,245.6910706
phase1_songs17,training_aggregate,train/avg_ppl,71000,2026-09-08T11:09:43.394434Z,247.4672699
phase1_songs17,training_aggregate,train/avg_ppl,72000,2026-09-08T11:10:45.711488Z,245.2794037
phase1_songs17,training_aggregate,train/avg_ppl,73000,2026-09-08T11:11:52.812351Z,244.2986755
phase1_songs17,training_aggregate,train/avg_ppl,74000,2026-09-08T11:12:57.102591Z,243.7780304
phase1_songs17,training_aggregate,train/avg_ppl,75000,2026-09-08T11:13:59.600420Z,243.1670532
phase1_songs17,training_aggregate,train/avg_ppl,76000,2026-09-08T11:15:01.817247Z,244.94487
phase1_songs17,training_aggregate,train/avg_ppl,77000,2026-09-08T11:16:05.970999Z,242.6199951
phase1_songs17,training_aggregate,train/avg_ppl,78000,2026-09-08T11:17:12.445464Z,242.5359802
phase1_songs17,training_aggregate,train/avg_ppl,79000,2026-09-08T11:18:17.885770Z,237.9952393
phase1_songs17,training_aggregate,train/avg_ppl,80000,2026-09-08T11:19:17.489868Z,240.7201538
phase1_songs17,training_aggregate,train/avg_ppl,81000,2026-09-08T11:20:34.404380Z,238.0224609
phase1_songs17,training_aggregate,train/avg_ppl,82000,2026-09-08T11:21:41.108549Z,240.5154266
phase1_songs17,training_aggregate,train/avg_ppl,83000,2026-09-08T11:22:41.048614Z,238.5049133
phase1_songs17,training_aggregate,train/avg_ppl,84000,2026-09-08T11:23:45.661579Z,237.3906097
phase1_songs17,training_aggregate,train/avg_ppl,85000,2026-09-08T11:24:49.443600Z,233.0866852
phase1_songs17,training_aggregate,train/avg_ppl,86000,2026-09-08T11:25:54.761391Z,236.30159
phase1_songs17,training_aggregate,train/avg_ppl,87000,2026-09-08T11:26:59.033353Z,232.0151062
phase1_songs17,training_aggregate,train/avg_ppl,88000,2026-09-08T11:28:02.272421Z,232.9520569
phase1_songs17,training_aggregate,train/avg_ppl,89000,2026-09-08T11:29:06.644388Z,230.6945648
phase1_songs17,training_aggregate,train/avg_ppl,90000,2026-09-08T11:30:15.298456Z,232.8472748
phase1_songs17,training_aggregate,train/avg_ppl,91000,2026-09-08T11:31:27.583592Z,231.8825378
phase1_songs17,training_aggregate,train/avg_ppl,92000,2026-09-08T11:32:30.923351Z,229.1968842
phase1_songs17,training_aggregate,train/avg_ppl,93000,2026-09-08T11:33:36.114536Z,228.967392
phase1_songs17,training_aggregate,train/avg_ppl,94000,2026-09-08T11:34:40.992936Z,229.5767975
phase1_songs17,training_aggregate,train/avg_ppl,95000,2026-09-08T11:35:39.407663Z,225.4671783
phase1_songs17,training_aggregate,train/avg_ppl,96000,2026-09-08T11:36:39.291677Z,225.2535706
phase1_songs17,training_aggregate,train/avg_ppl,97000,2026-09-08T11:37:42.115521Z,224.430542
phase1_songs17,training_aggregate,train/avg_ppl,98000,2026-09-08T11:38:44.780338Z,226.4315796
phase1_songs17,training_aggregate,train/avg_ppl,99000,2026-09-08T11:39:45.229535Z,226.3004303
phase1_songs17,training_aggregate,train/avg_ppl,100000,2026-09-08T11:40:45.271509Z,223.3972931
phase1_songs17,training_aggregate,train/avg_ppl,101000,2026-09-08T11:42:18.160978Z,223.0045013
phase1_songs17,training_aggregate,train/avg_ppl,102000,2026-09-08T11:43:14.876921Z,222.7216949
phase1_songs17,training_aggregate,train/avg_ppl,103000,2026-09-08T11:44:18.311845Z,219.2198029
phase1_songs17,training_aggregate,train/avg_ppl,104000,2026-09-08T11:45:20.022051Z,218.5249176
phase1_songs17,training_aggregate,train/avg_ppl,105000,2026-09-08T11:46:22.004074Z,218.1583252
phase1_songs17,training_aggregate,train/avg_ppl,106000,2026-09-08T11:47:23.124954Z,216.5265045
phase1_songs17,training_aggregate,train/avg_ppl,107000,2026-09-08T11:48:26.120640Z,216.6907501
phase1_songs17,training_aggregate,train/avg_ppl,108000,2026-09-08T11:49:28.352499Z,216.8235016
phase1_songs17,training_aggregate,train/avg_ppl,109000,2026-09-08T11:50:29.934250Z,215.8731842
phase1_songs17,training_aggregate,train/avg_ppl,110000,2026-09-08T11:51:34.299287Z,211.4441376
phase1_songs17,training_aggregate,train/avg_ppl,111000,2026-09-08T11:52:47.887132Z,212.7146149
phase1_songs17,training_aggregate,train/avg_ppl,112000,2026-09-08T11:53:51.420920Z,214.0071411
phase1_songs17,training_aggregate,train/avg_ppl,113000,2026-09-08T11:54:55.849245Z,211.2267456
phase1_songs17,training_aggregate,train/avg_ppl,114000,2026-09-08T11:55:57.744455Z,210.1791534
phase1_songs17,training_aggregate,train/avg_ppl,115000,2026-09-08T11:57:02.397196Z,208.5332184
phase1_songs17,training_aggregate,train/avg_ppl,116000,2026-09-08T11:58:04.952604Z,208.8751221
phase1_songs17,training_aggregate,train/avg_ppl,117000,2026-09-08T11:59:05.278203Z,207.7854156
phase1_songs17,training_aggregate,train/avg_ppl,118000,2026-09-08T12:00:06.166499Z,206.7049408
phase1_songs17,training_aggregate,train/avg_ppl,119000,2026-09-08T12:01:08.455448Z,205.4592896
phase1_songs17,training_aggregate,train/avg_ppl,120000,2026-09-08T12:02:09.492399Z,204.533432
phase1_songs17,training_aggregate,train/avg_ppl,121000,2026-09-08T12:03:25.357091Z,204.2988281
phase1_songs17,training_aggregate,train/avg_ppl,122000,2026-09-08T12:04:30.734511Z,203.1763306
phase1_songs17,training_aggregate,train/avg_ppl,123000,2026-09-08T12:05:36.460307Z,200.2144775
phase1_songs17,training_aggregate,train/avg_ppl,124000,2026-09-08T12:06:39.860660Z,203.5628967
phase1_songs17,training_aggregate,train/avg_ppl,125000,2026-09-08T12:07:43.483772Z,199.6917877
phase1_songs17,training_aggregate,train/avg_ppl,126000,2026-09-08T12:08:47.921037Z,199.4563904
phase1_songs17,training_aggregate,train/avg_ppl,127000,2026-09-08T12:09:52.404493Z,201.1486511
phase1_songs17,training_aggregate,train/avg_ppl,128000,2026-09-08T12:10:53.079968Z,199.2283783
phase1_songs17,training_aggregate,train/avg_ppl,129000,2026-09-08T12:11:53.967374Z,197.0670013
phase1_songs17,training_aggregate,train/avg_ppl,130000,2026-09-08T12:13:00.574039Z,193.7343903
phase1_songs17,validation_metric,val/combined_loss,10000,2026-09-08T10:04:04.302941Z,5.133529186
phase1_songs17,validation_metric,val/combined_loss,20000,2026-09-08T10:14:52.929242Z,4.996777534
phase1_songs17,validation_metric,val/combined_loss,30000,2026-09-08T10:25:31.983315Z,4.98671484
phase1_songs17,validation_metric,val/combined_loss,40000,2026-09-08T10:36:15.805331Z,5.090594769
phase1_songs17,validation_metric,val/combined_loss,50000,2026-09-08T10:46:49.654940Z,5.108710766
phase1_songs17,validation_metric,val/combined_loss,60000,2026-09-08T10:57:49.684078Z,5.177936077
phase1_songs17,validation_metric,val/combined_loss,70000,2026-09-08T11:08:30.539483Z,5.153959274
phase1_songs17,validation_metric,val/combined_loss,80000,2026-09-08T11:19:17.611118Z,5.162726402
phase1_songs17,validation_metric,val/combined_loss,90000,2026-09-08T11:30:15.436840Z,5.084136486
phase1_songs17,validation_metric,val/combined_loss,100000,2026-09-08T11:40:45.828076Z,5.153727531
phase1_songs17,validation_metric,val/combined_loss,110000,2026-09-08T11:51:34.819396Z,5.213770866
phase1_songs17,validation_metric,val/combined_loss,120000,2026-09-08T12:02:10.065065Z,5.208679199
phase1_songs17,validation_metric,val/combined_loss,130000,2026-09-08T12:13:01.175526Z,5.184542656
phase1_songs17,validation_metric,val/high_acc_top1,10000,2026-09-08T10:04:04.302482Z,0.002278645989
phase1_songs17,validation_metric,val/high_acc_top1,20000,2026-09-08T10:14:52.928322Z,0.0107421875
phase1_songs17,validation_metric,val/high_acc_top1,30000,2026-09-08T10:25:31.982589Z,0.01139322948
phase1_songs17,validation_metric,val/high_acc_top1,40000,2026-09-08T10:36:15.804825Z,0.009765625
phase1_songs17,validation_metric,val/high_acc_top1,50000,2026-09-08T10:46:49.654099Z,0.01985677145
phase1_songs17,validation_metric,val/high_acc_top1,60000,2026-09-08T10:57:49.683395Z,0.02506510541
phase1_songs17,validation_metric,val/high_acc_top1,70000,2026-09-08T11:08:30.538846Z,0.0205078125
phase1_songs17,validation_metric,val/high_acc_top1,80000,2026-09-08T11:19:17.610486Z,0.009114583023
phase1_songs17,validation_metric,val/high_acc_top1,90000,2026-09-08T11:30:15.436296Z,0.01497395802
phase1_songs17,validation_metric,val/high_acc_top1,100000,2026-09-08T11:40:45.827666Z,0.02278645895
phase1_songs17,validation_metric,val/high_acc_top1,110000,2026-09-08T11:51:34.818651Z,0.02473958395
phase1_songs17,validation_metric,val/high_acc_top1,120000,2026-09-08T12:02:10.064382Z,0.021484375
phase1_songs17,validation_metric,val/high_acc_top1,130000,2026-09-08T12:13:01.174814Z,0.03255208209
phase1_songs17,validation_metric,val/high_acc_top5,10000,2026-09-08T10:04:04.302488Z,0.03059895895
phase1_songs17,validation_metric,val/high_acc_top5,20000,2026-09-08T10:14:52.928327Z,0.03548177332
phase1_songs17,validation_metric,val/high_acc_top5,30000,2026-09-08T10:25:31.982595Z,0.04720052332
phase1_songs17,validation_metric,val/high_acc_top5,40000,2026-09-08T10:36:15.804832Z,0.03580729291
phase1_songs17,validation_metric,val/high_acc_top5,50000,2026-09-08T10:46:49.654104Z,0.05208333582
phase1_songs17,validation_metric,val/high_acc_top5,60000,2026-09-08T10:57:49.683400Z,0.06998698413
phase1_songs17,validation_metric,val/high_acc_top5,70000,2026-09-08T11:08:30.538852Z,0.06119791791
phase1_songs17,validation_metric,val/high_acc_top5,80000,2026-09-08T11:19:17.610492Z,0.04915364832
phase1_songs17,validation_metric,val/high_acc_top5,90000,2026-09-08T11:30:15.436305Z,0.0498046875
phase1_songs17,validation_metric,val/high_acc_top5,100000,2026-09-08T11:40:45.827672Z,0.06184896082
phase1_songs17,validation_metric,val/high_acc_top5,110000,2026-09-08T11:51:34.818657Z,0.06770833582
phase1_songs17,validation_metric,val/high_acc_top5,120000,2026-09-08T12:02:10.064388Z,0.0556640625
phase1_songs17,validation_metric,val/high_acc_top5,130000,2026-09-08T12:13:01.174819Z,0.07682291418
phase1_songs17,validation_metric,val/high_len_1_acc_top1,10000,2026-09-08T10:04:04.175338Z,0
phase1_songs17,validation_metric,val/high_len_1_acc_top1,20000,2026-09-08T10:14:52.815174Z,0
phase1_songs17,validation_metric,val/high_len_1_acc_top1,30000,2026-09-08T10:25:31.872152Z,0
phase1_songs17,validation_metric,val/high_len_1_acc_top1,40000,2026-09-08T10:36:15.699557Z,0
phase1_songs17,validation_metric,val/high_len_1_acc_top1,50000,2026-09-08T10:46:49.533008Z,0.015625
phase1_songs17,validation_metric,val/high_len_1_acc_top1,60000,2026-09-08T10:57:49.560848Z,0.03125
phase1_songs17,validation_metric,val/high_len_1_acc_top1,70000,2026-09-08T11:08:30.434768Z,0.03125
phase1_songs17,validation_metric,val/high_len_1_acc_top1,80000,2026-09-08T11:19:17.505380Z,0
phase1_songs17,validation_metric,val/high_len_1_acc_top1,90000,2026-09-08T11:30:15.314852Z,0
phase1_songs17,validation_metric,val/high_len_1_acc_top1,100000,2026-09-08T11:40:45.690320Z,0.03125
phase1_songs17,validation_metric,val/high_len_1_acc_top1,110000,2026-09-08T11:51:34.668875Z,0.015625
phase1_songs17,validation_metric,val/high_len_1_acc_top1,120000,2026-09-08T12:02:09.953269Z,0.015625
phase1_songs17,validation_metric,val/high_len_1_acc_top1,130000,2026-09-08T12:13:01.051856Z,0.03125
phase1_songs17,validation_metric,val/high_len_1_acc_top5,10000,2026-09-08T10:04:04.175345Z,0.03125
phase1_songs17,validation_metric,val/high_len_1_acc_top5,20000,2026-09-08T10:14:52.815184Z,0.015625
phase1_songs17,validation_metric,val/high_len_1_acc_top5,30000,2026-09-08T10:25:31.872166Z,0.046875
phase1_songs17,validation_metric,val/high_len_1_acc_top5,40000,2026-09-08T10:36:15.699564Z,0.015625
phase1_songs17,validation_metric,val/high_len_1_acc_top5,50000,2026-09-08T10:46:49.533015Z,0.0625
phase1_songs17,validation_metric,val/high_len_1_acc_top5,60000,2026-09-08T10:57:49.560855Z,0.09375
phase1_songs17,validation_metric,val/high_len_1_acc_top5,70000,2026-09-08T11:08:30.434777Z,0.078125
phase1_songs17,validation_metric,val/high_len_1_acc_top5,80000,2026-09-08T11:19:17.505387Z,0.03125
phase1_songs17,validation_metric,val/high_len_1_acc_top5,90000,2026-09-08T11:30:15.314858Z,0.03125
phase1_songs17,validation_metric,val/high_len_1_acc_top5,100000,2026-09-08T11:40:45.690331Z,0.0625
phase1_songs17,validation_metric,val/high_len_1_acc_top5,110000,2026-09-08T11:51:34.668882Z,0.03125
phase1_songs17,validation_metric,val/high_len_1_acc_top5,120000,2026-09-08T12:02:09.953275Z,0.015625
phase1_songs17,validation_metric,val/high_len_1_acc_top5,130000,2026-09-08T12:13:01.051865Z,0.078125
phase1_songs17,validation_metric,val/high_len_1_loss,10000,2026-09-08T10:04:04.175290Z,6.644592285
phase1_songs17,validation_metric,val/high_len_1_loss,20000,2026-09-08T10:14:52.815116Z,6.497009277
phase1_songs17,validation_metric,val/high_len_1_loss,30000,2026-09-08T10:25:31.872073Z,6.460205078
phase1_songs17,validation_metric,val/high_len_1_loss,40000,2026-09-08T10:36:15.699517Z,6.640258789
phase1_songs17,validation_metric,val/high_len_1_loss,50000,2026-09-08T10:46:49.532962Z,6.955200195
phase1_songs17,validation_metric,val/high_len_1_loss,60000,2026-09-08T10:57:49.560786Z,6.849456787
phase1_songs17,validation_metric,val/high_len_1_loss,70000,2026-09-08T11:08:30.434712Z,6.900779724
phase1_songs17,validation_metric,val/high_len_1_loss,80000,2026-09-08T11:19:17.505341Z,7.053405762
phase1_songs17,validation_metric,val/high_len_1_loss,90000,2026-09-08T11:30:15.314813Z,7.15447998
phase1_songs17,validation_metric,val/high_len_1_loss,100000,2026-09-08T11:40:45.690248Z,6.902374268
phase1_songs17,validation_metric,val/high_len_1_loss,110000,2026-09-08T11:51:34.668827Z,7.263427734
phase1_songs17,validation_metric,val/high_len_1_loss,120000,2026-09-08T12:02:09.953223Z,6.806396484
phase1_songs17,validation_metric,val/high_len_1_loss,130000,2026-09-08T12:13:01.051793Z,6.980560303
phase1_songs17,validation_metric,val/high_len_1_nll,10000,2026-09-08T10:04:04.175321Z,6.644592285
phase1_songs17,validation_metric,val/high_len_1_nll,20000,2026-09-08T10:14:52.815152Z,6.497009277
phase1_songs17,validation_metric,val/high_len_1_nll,30000,2026-09-08T10:25:31.872119Z,6.460205078
phase1_songs17,validation_metric,val/high_len_1_nll,40000,2026-09-08T10:36:15.699541Z,6.640258789
phase1_songs17,validation_metric,val/high_len_1_nll,50000,2026-09-08T10:46:49.532993Z,6.955200195
phase1_songs17,validation_metric,val/high_len_1_nll,60000,2026-09-08T10:57:49.560832Z,6.849456787
phase1_songs17,validation_metric,val/high_len_1_nll,70000,2026-09-08T11:08:30.434745Z,6.900779724
phase1_songs17,validation_metric,val/high_len_1_nll,80000,2026-09-08T11:19:17.505364Z,7.053405762
phase1_songs17,validation_metric,val/high_len_1_nll,90000,2026-09-08T11:30:15.314837Z,7.15447998
phase1_songs17,validation_metric,val/high_len_1_nll,100000,2026-09-08T11:40:45.690289Z,6.902374268
phase1_songs17,validation_metric,val/high_len_1_nll,110000,2026-09-08T11:51:34.668858Z,7.263427734
phase1_songs17,validation_metric,val/high_len_1_nll,120000,2026-09-08T12:02:09.953253Z,6.806396484
phase1_songs17,validation_metric,val/high_len_1_nll,130000,2026-09-08T12:13:01.051833Z,6.980560303
phase1_songs17,validation_metric,val/high_len_1_ppl,10000,2026-09-08T10:04:04.175330Z,768.6165771
phase1_songs17,validation_metric,val/high_len_1_ppl,20000,2026-09-08T10:14:52.815165Z,663.1553345
phase1_songs17,validation_metric,val/high_len_1_ppl,30000,2026-09-08T10:25:31.872137Z,639.1921387
phase1_songs17,validation_metric,val/high_len_1_ppl,40000,2026-09-08T10:36:15.699550Z,765.2930298
phase1_songs17,validation_metric,val/high_len_1_ppl,50000,2026-09-08T10:46:49.533001Z,1048.588379
phase1_songs17,validation_metric,val/high_len_1_ppl,60000,2026-09-08T10:57:49.560841Z,943.3683472
phase1_songs17,validation_metric,val/high_len_1_ppl,70000,2026-09-08T11:08:30.434758Z,993.0487061
phase1_songs17,validation_metric,val/high_len_1_ppl,80000,2026-09-08T11:19:17.505373Z,1156.791748
phase1_songs17,validation_metric,val/high_len_1_ppl,90000,2026-09-08T11:30:15.314845Z,1279.826782
phase1_songs17,validation_metric,val/high_len_1_ppl,100000,2026-09-08T11:40:45.690308Z,994.6334229
phase1_songs17,validation_metric,val/high_len_1_ppl,110000,2026-09-08T11:51:34.668867Z,1427.140015
phase1_songs17,validation_metric,val/high_len_1_ppl,120000,2026-09-08T12:02:09.953262Z,903.6087646
phase1_songs17,validation_metric,val/high_len_1_ppl,130000,2026-09-08T12:13:01.051846Z,1075.520874
phase1_songs17,validation_metric,val/high_len_2_acc_top1,10000,2026-09-08T10:04:04.191419Z,0
phase1_songs17,validation_metric,val/high_len_2_acc_top1,20000,2026-09-08T10:14:52.839722Z,0.0078125
phase1_songs17,validation_metric,val/high_len_2_acc_top1,30000,2026-09-08T10:25:31.892747Z,0.0078125
phase1_songs17,validation_metric,val/high_len_2_acc_top1,40000,2026-09-08T10:36:15.714231Z,0.015625
phase1_songs17,validation_metric,val/high_len_2_acc_top1,50000,2026-09-08T10:46:49.550449Z,0.0234375
phase1_songs17,validation_metric,val/high_len_2_acc_top1,60000,2026-09-08T10:57:49.575780Z,0.0234375
phase1_songs17,validation_metric,val/high_len_2_acc_top1,70000,2026-09-08T11:08:30.449836Z,0.015625
phase1_songs17,validation_metric,val/high_len_2_acc_top1,80000,2026-09-08T11:19:17.519798Z,0.0078125
phase1_songs17,validation_metric,val/high_len_2_acc_top1,90000,2026-09-08T11:30:15.329788Z,0.015625
phase1_songs17,validation_metric,val/high_len_2_acc_top1,100000,2026-09-08T11:40:45.725462Z,0.0234375
phase1_songs17,validation_metric,val/high_len_2_acc_top1,110000,2026-09-08T11:51:34.691447Z,0.046875
phase1_songs17,validation_metric,val/high_len_2_acc_top1,120000,2026-09-08T12:02:09.968846Z,0.0234375
phase1_songs17,validation_metric,val/high_len_2_acc_top1,130000,2026-09-08T12:13:01.066905Z,0.0390625
phase1_songs17,validation_metric,val/high_len_2_acc_top5,10000,2026-09-08T10:04:04.191425Z,0.03125
phase1_songs17,validation_metric,val/high_len_2_acc_top5,20000,2026-09-08T10:14:52.839728Z,0.0390625
phase1_songs17,validation_metric,val/high_len_2_acc_top5,30000,2026-09-08T10:25:31.892753Z,0.0390625
phase1_songs17,validation_metric,val/high_len_2_acc_top5,40000,2026-09-08T10:36:15.714253Z,0.0390625
phase1_songs17,validation_metric,val/high_len_2_acc_top5,50000,2026-09-08T10:46:49.550455Z,0.0546875
phase1_songs17,validation_metric,val/high_len_2_acc_top5,60000,2026-09-08T10:57:49.575786Z,0.0625
phase1_songs17,validation_metric,val/high_len_2_acc_top5,70000,2026-09-08T11:08:30.449842Z,0.0703125
phase1_songs17,validation_metric,val/high_len_2_acc_top5,80000,2026-09-08T11:19:17.519805Z,0.0859375
phase1_songs17,validation_metric,val/high_len_2_acc_top5,90000,2026-09-08T11:30:15.329801Z,0.0625
phase1_songs17,validation_metric,val/high_len_2_acc_top5,100000,2026-09-08T11:40:45.725476Z,0.0703125
phase1_songs17,validation_metric,val/high_len_2_acc_top5,110000,2026-09-08T11:51:34.691457Z,0.1015625
phase1_songs17,validation_metric,val/high_len_2_acc_top5,120000,2026-09-08T12:02:09.968853Z,0.09375
phase1_songs17,validation_metric,val/high_len_2_acc_top5,130000,2026-09-08T12:13:01.066911Z,0.09375
phase1_songs17,validation_metric,val/high_len_2_loss,10000,2026-09-08T10:04:04.191377Z,6.516586304
phase1_songs17,validation_metric,val/high_len_2_loss,20000,2026-09-08T10:14:52.839680Z,6.56060791
phase1_songs17,validation_metric,val/high_len_2_loss,30000,2026-09-08T10:25:31.892705Z,6.497665405
phase1_songs17,validation_metric,val/high_len_2_loss,40000,2026-09-08T10:36:15.714192Z,6.50328064
phase1_songs17,validation_metric,val/high_len_2_loss,50000,2026-09-08T10:46:49.550402Z,6.835250854
phase1_songs17,validation_metric,val/high_len_2_loss,60000,2026-09-08T10:57:49.575740Z,7.032363892
phase1_songs17,validation_metric,val/high_len_2_loss,70000,2026-09-08T11:08:30.449789Z,6.964294434
phase1_songs17,validation_metric,val/high_len_2_loss,80000,2026-09-08T11:19:17.519753Z,7.015396118
phase1_songs17,validation_metric,val/high_len_2_loss,90000,2026-09-08T11:30:15.329748Z,6.98248291
phase1_songs17,validation_metric,val/high_len_2_loss,100000,2026-09-08T11:40:45.725385Z,7.04650116
phase1_songs17,validation_metric,val/high_len_2_loss,110000,2026-09-08T11:51:34.691387Z,6.984962463
phase1_songs17,validation_metric,val/high_len_2_loss,120000,2026-09-08T12:02:09.968800Z,7.174972534
phase1_songs17,validation_metric,val/high_len_2_loss,130000,2026-09-08T12:13:01.066868Z,7.029495239
phase1_songs17,validation_metric,val/high_len_2_nll,10000,2026-09-08T10:04:04.191403Z,6.516586304
phase1_songs17,validation_metric,val/high_len_2_nll,20000,2026-09-08T10:14:52.839706Z,6.56060791
phase1_songs17,validation_metric,val/high_len_2_nll,30000,2026-09-08T10:25:31.892731Z,6.497665405
phase1_songs17,validation_metric,val/high_len_2_nll,40000,2026-09-08T10:36:15.714216Z,6.50328064
phase1_songs17,validation_metric,val/high_len_2_nll,50000,2026-09-08T10:46:49.550434Z,6.835250854
phase1_songs17,validation_metric,val/high_len_2_nll,60000,2026-09-08T10:57:49.575765Z,7.032363892
phase1_songs17,validation_metric,val/high_len_2_nll,70000,2026-09-08T11:08:30.449820Z,6.964294434
phase1_songs17,validation_metric,val/high_len_2_nll,80000,2026-09-08T11:19:17.519777Z,7.015396118
phase1_songs17,validation_metric,val/high_len_2_nll,90000,2026-09-08T11:30:15.329773Z,6.98248291
phase1_songs17,validation_metric,val/high_len_2_nll,100000,2026-09-08T11:40:45.725428Z,7.04650116
phase1_songs17,validation_metric,val/high_len_2_nll,110000,2026-09-08T11:51:34.691424Z,6.984962463
phase1_songs17,validation_metric,val/high_len_2_nll,120000,2026-09-08T12:02:09.968829Z,7.174972534
phase1_songs17,validation_metric,val/high_len_2_nll,130000,2026-09-08T12:13:01.066889Z,7.029495239
phase1_songs17,validation_metric,val/high_len_2_ppl,10000,2026-09-08T10:04:04.191411Z,676.2658691
phase1_songs17,validation_metric,val/high_len_2_ppl,20000,2026-09-08T10:14:52.839714Z,706.7011719
phase1_songs17,validation_metric,val/high_len_2_ppl,30000,2026-09-08T10:25:31.892740Z,663.5906372
phase1_songs17,validation_metric,val/high_len_2_ppl,40000,2026-09-08T10:36:15.714223Z,667.3273315
phase1_songs17,validation_metric,val/high_len_2_ppl,50000,2026-09-08T10:46:49.550442Z,930.0616455
phase1_songs17,validation_metric,val/high_len_2_ppl,60000,2026-09-08T10:57:49.575773Z,1132.705078
phase1_songs17,validation_metric,val/high_len_2_ppl,70000,2026-09-08T11:08:30.449829Z,1058.168091
phase1_songs17,validation_metric,val/high_len_2_ppl,80000,2026-09-08T11:19:17.519786Z,1113.647705
phase1_songs17,validation_metric,val/high_len_2_ppl,90000,2026-09-08T11:30:15.329781Z,1077.590576
phase1_songs17,validation_metric,val/high_len_2_ppl,100000,2026-09-08T11:40:45.725447Z,1148.832153
phase1_songs17,validation_metric,val/high_len_2_ppl,110000,2026-09-08T11:51:34.691437Z,1080.265869
phase1_songs17,validation_metric,val/high_len_2_ppl,120000,2026-09-08T12:02:09.968838Z,1306.324219
phase1_songs17,validation_metric,val/high_len_2_ppl,130000,2026-09-08T12:13:01.066898Z,1129.460327
phase1_songs17,validation_metric,val/high_len_3_acc_top1,10000,2026-09-08T10:04:04.207667Z,0.005208333489
phase1_songs17,validation_metric,val/high_len_3_acc_top1,20000,2026-09-08T10:14:52.854666Z,0.015625
phase1_songs17,validation_metric,val/high_len_3_acc_top1,30000,2026-09-08T10:25:31.907973Z,0.02604166791
phase1_songs17,validation_metric,val/high_len_3_acc_top1,40000,2026-09-08T10:36:15.729321Z,0
phase1_songs17,validation_metric,val/high_len_3_acc_top1,50000,2026-09-08T10:46:49.568139Z,0.02083333395
phase1_songs17,validation_metric,val/high_len_3_acc_top1,60000,2026-09-08T10:57:49.591181Z,0.02604166791
phase1_songs17,validation_metric,val/high_len_3_acc_top1,70000,2026-09-08T11:08:30.464975Z,0.015625
phase1_songs17,validation_metric,val/high_len_3_acc_top1,80000,2026-09-08T11:19:17.534962Z,0.005208333489
phase1_songs17,validation_metric,val/high_len_3_acc_top1,90000,2026-09-08T11:30:15.345066Z,0.005208333489
phase1_songs17,validation_metric,val/high_len_3_acc_top1,100000,2026-09-08T11:40:45.747811Z,0.02083333395
phase1_songs17,validation_metric,val/high_len_3_acc_top1,110000,2026-09-08T11:51:34.722589Z,0.02083333395
phase1_songs17,validation_metric,val/high_len_3_acc_top1,120000,2026-09-08T12:02:09.984808Z,0.03125
phase1_songs17,validation_metric,val/high_len_3_acc_top1,130000,2026-09-08T12:13:01.081625Z,0.02083333395
phase1_songs17,validation_metric,val/high_len_3_acc_top5,10000,2026-09-08T10:04:04.207674Z,0.03645833582
phase1_songs17,validation_metric,val/high_len_3_acc_top5,20000,2026-09-08T10:14:52.854689Z,0.03645833582
phase1_songs17,validation_metric,val/high_len_3_acc_top5,30000,2026-09-08T10:25:31.907979Z,0.05208333582
phase1_songs17,validation_metric,val/high_len_3_acc_top5,40000,2026-09-08T10:36:15.729328Z,0.04166666791
phase1_songs17,validation_metric,val/high_len_3_acc_top5,50000,2026-09-08T10:46:49.568161Z,0.05208333582
phase1_songs17,validation_metric,val/high_len_3_acc_top5,60000,2026-09-08T10:57:49.591187Z,0.07291667163
phase1_songs17,validation_metric,val/high_len_3_acc_top5,70000,2026-09-08T11:08:30.464981Z,0.04166666791
phase1_songs17,validation_metric,val/high_len_3_acc_top5,80000,2026-09-08T11:19:17.534968Z,0.03645833582
phase1_songs17,validation_metric,val/high_len_3_acc_top5,90000,2026-09-08T11:30:15.345073Z,0.03125
phase1_songs17,validation_metric,val/high_len_3_acc_top5,100000,2026-09-08T11:40:45.747826Z,0.05208333582
phase1_songs17,validation_metric,val/high_len_3_acc_top5,110000,2026-09-08T11:51:34.722597Z,0.06770833582
phase1_songs17,validation_metric,val/high_len_3_acc_top5,120000,2026-09-08T12:02:09.984814Z,0.0625
phase1_songs17,validation_metric,val/high_len_3_acc_top5,130000,2026-09-08T12:13:01.081632Z,0.05729166791
phase1_songs17,validation_metric,val/high_len_3_loss,10000,2026-09-08T10:04:04.207625Z,6.490030766
phase1_songs17,validation_metric,val/high_len_3_loss,20000,2026-09-08T10:14:52.854627Z,6.517822266
phase1_songs17,validation_metric,val/high_len_3_loss,30000,2026-09-08T10:25:31.907932Z,6.498931885
phase1_songs17,validation_metric,val/high_len_3_loss,40000,2026-09-08T10:36:15.729275Z,6.521565914
phase1_songs17,validation_metric,val/high_len_3_loss,50000,2026-09-08T10:46:49.568089Z,6.797831059
phase1_songs17,validation_metric,val/high_len_3_loss,60000,2026-09-08T10:57:49.591141Z,6.963877201
phase1_songs17,validation_metric,val/high_len_3_loss,70000,2026-09-08T11:08:30.464933Z,6.972442627
phase1_songs17,validation_metric,val/high_len_3_loss,80000,2026-09-08T11:19:17.534920Z,7.018106937
phase1_songs17,validation_metric,val/high_len_3_loss,90000,2026-09-08T11:30:15.345025Z,6.881256104
phase1_songs17,validation_metric,val/high_len_3_loss,100000,2026-09-08T11:40:45.747711Z,6.890024662
phase1_songs17,validation_metric,val/high_len_3_loss,110000,2026-09-08T11:51:34.722534Z,6.946512699
phase1_songs17,validation_metric,val/high_len_3_loss,120000,2026-09-08T12:02:09.984756Z,6.899820805
phase1_songs17,validation_metric,val/high_len_3_loss,130000,2026-09-08T12:13:01.081590Z,6.786885738
phase1_songs17,validation_metric,val/high_len_3_nll,10000,2026-09-08T10:04:04.207651Z,6.490030766
phase1_songs17,validation_metric,val/high_len_3_nll,20000,2026-09-08T10:14:52.854651Z,6.517822266
phase1_songs17,validation_metric,val/high_len_3_nll,30000,2026-09-08T10:25:31.907957Z,6.498931885
phase1_songs17,validation_metric,val/high_len_3_nll,40000,2026-09-08T10:36:15.729305Z,6.521565914
phase1_songs17,validation_metric,val/high_len_3_nll,50000,2026-09-08T10:46:49.568123Z,6.797831059
phase1_songs17,validation_metric,val/high_len_3_nll,60000,2026-09-08T10:57:49.591166Z,6.963877201
phase1_songs17,validation_metric,val/high_len_3_nll,70000,2026-09-08T11:08:30.464959Z,6.972442627
phase1_songs17,validation_metric,val/high_len_3_nll,80000,2026-09-08T11:19:17.534945Z,7.018106937
phase1_songs17,validation_metric,val/high_len_3_nll,90000,2026-09-08T11:30:15.345051Z,6.881256104
phase1_songs17,validation_metric,val/high_len_3_nll,100000,2026-09-08T11:40:45.747759Z,6.890024662
phase1_songs17,validation_metric,val/high_len_3_nll,110000,2026-09-08T11:51:34.722569Z,6.946512699
phase1_songs17,validation_metric,val/high_len_3_nll,120000,2026-09-08T12:02:09.984787Z,6.899820805
phase1_songs17,validation_metric,val/high_len_3_nll,130000,2026-09-08T12:13:01.081610Z,6.786885738
phase1_songs17,validation_metric,val/high_len_3_ppl,10000,2026-09-08T10:04:04.207660Z,658.5436401
phase1_songs17,validation_metric,val/high_len_3_ppl,20000,2026-09-08T10:14:52.854659Z,677.1022339
phase1_songs17,validation_metric,val/high_len_3_ppl,30000,2026-09-08T10:25:31.907965Z,664.4315796
phase1_songs17,validation_metric,val/high_len_3_ppl,40000,2026-09-08T10:36:15.729314Z,679.6417847
phase1_songs17,validation_metric,val/high_len_3_ppl,50000,2026-09-08T10:46:49.568131Z,895.9020386
phase1_songs17,validation_metric,val/high_len_3_ppl,60000,2026-09-08T10:57:49.591174Z,1057.726685
phase1_songs17,validation_metric,val/high_len_3_ppl,70000,2026-09-08T11:08:30.464967Z,1066.825439
phase1_songs17,validation_metric,val/high_len_3_ppl,80000,2026-09-08T11:19:17.534954Z,1116.670654
phase1_songs17,validation_metric,val/high_len_3_ppl,90000,2026-09-08T11:30:15.345059Z,973.848877
phase1_songs17,validation_metric,val/high_len_3_ppl,100000,2026-09-08T11:40:45.747786Z,982.4256592
phase1_songs17,validation_metric,val/high_len_3_ppl,110000,2026-09-08T11:51:34.722580Z,1039.518311
phase1_songs17,validation_metric,val/high_len_3_ppl,120000,2026-09-08T12:02:09.984800Z,992.0969238
phase1_songs17,validation_metric,val/high_len_3_ppl,130000,2026-09-08T12:13:01.081619Z,886.1495361
phase1_songs17,validation_metric,val/high_len_4_acc_top1,10000,2026-09-08T10:04:04.223911Z,0.00390625
phase1_songs17,validation_metric,val/high_len_4_acc_top1,20000,2026-09-08T10:14:52.869817Z,0.01953125
phase1_songs17,validation_metric,val/high_len_4_acc_top1,30000,2026-09-08T10:25:31.923256Z,0.01171875
phase1_songs17,validation_metric,val/high_len_4_acc_top1,40000,2026-09-08T10:36:15.744534Z,0.0234375
phase1_songs17,validation_metric,val/high_len_4_acc_top1,50000,2026-09-08T10:46:49.585564Z,0.01953125
phase1_songs17,validation_metric,val/high_len_4_acc_top1,60000,2026-09-08T10:57:49.606610Z,0.01953125
phase1_songs17,validation_metric,val/high_len_4_acc_top1,70000,2026-09-08T11:08:30.479843Z,0.01953125
phase1_songs17,validation_metric,val/high_len_4_acc_top1,80000,2026-09-08T11:19:17.549918Z,0.0234375
phase1_songs17,validation_metric,val/high_len_4_acc_top1,90000,2026-09-08T11:30:15.360321Z,0.0390625
phase1_songs17,validation_metric,val/high_len_4_acc_top1,100000,2026-09-08T11:40:45.769706Z,0.015625
phase1_songs17,validation_metric,val/high_len_4_acc_top1,110000,2026-09-08T11:51:34.738692Z,0.015625
phase1_songs17,validation_metric,val/high_len_4_acc_top1,120000,2026-09-08T12:02:10.000912Z,0.015625
phase1_songs17,validation_metric,val/high_len_4_acc_top1,130000,2026-09-08T12:13:01.112072Z,0.0390625
phase1_songs17,validation_metric,val/high_len_4_acc_top5,10000,2026-09-08T10:04:04.223917Z,0.0234375
phase1_songs17,validation_metric,val/high_len_4_acc_top5,20000,2026-09-08T10:14:52.869824Z,0.05078125
phase1_songs17,validation_metric,val/high_len_4_acc_top5,30000,2026-09-08T10:25:31.923263Z,0.05078125
phase1_songs17,validation_metric,val/high_len_4_acc_top5,40000,2026-09-08T10:36:15.744541Z,0.046875
phase1_songs17,validation_metric,val/high_len_4_acc_top5,50000,2026-09-08T10:46:49.585587Z,0.0390625
phase1_songs17,validation_metric,val/high_len_4_acc_top5,60000,2026-09-08T10:57:49.606616Z,0.05078125
phase1_songs17,validation_metric,val/high_len_4_acc_top5,70000,2026-09-08T11:08:30.479850Z,0.0546875
phase1_songs17,validation_metric,val/high_len_4_acc_top5,80000,2026-09-08T11:19:17.549925Z,0.04296875
phase1_songs17,validation_metric,val/high_len_4_acc_top5,90000,2026-09-08T11:30:15.360327Z,0.07421875
phase1_songs17,validation_metric,val/high_len_4_acc_top5,100000,2026-09-08T11:40:45.769713Z,0.0625
phase1_songs17,validation_metric,val/high_len_4_acc_top5,110000,2026-09-08T11:51:34.738698Z,0.0703125
phase1_songs17,validation_metric,val/high_len_4_acc_top5,120000,2026-09-08T12:02:10.000919Z,0.05078125
phase1_songs17,validation_metric,val/high_len_4_acc_top5,130000,2026-09-08T12:13:01.112080Z,0.078125
phase1_songs17,validation_metric,val/high_len_4_loss,10000,2026-09-08T10:04:04.223869Z,6.577941895
phase1_songs17,validation_metric,val/high_len_4_loss,20000,2026-09-08T10:14:52.869754Z,6.62424469
phase1_songs17,validation_metric,val/high_len_4_loss,30000,2026-09-08T10:25:31.923214Z,6.559707642
phase1_songs17,validation_metric,val/high_len_4_loss,40000,2026-09-08T10:36:15.744493Z,6.563911438
phase1_songs17,validation_metric,val/high_len_4_loss,50000,2026-09-08T10:46:49.585519Z,6.980125427
phase1_songs17,validation_metric,val/high_len_4_loss,60000,2026-09-08T10:57:49.606564Z,7.08795929
phase1_songs17,validation_metric,val/high_len_4_loss,70000,2026-09-08T11:08:30.479803Z,7.117511749
phase1_songs17,validation_metric,val/high_len_4_loss,80000,2026-09-08T11:19:17.549880Z,7.067825317
phase1_songs17,validation_metric,val/high_len_4_loss,90000,2026-09-08T11:30:15.360282Z,7.06401825
phase1_songs17,validation_metric,val/high_len_4_loss,100000,2026-09-08T11:40:45.769660Z,7.100818634
phase1_songs17,validation_metric,val/high_len_4_loss,110000,2026-09-08T11:51:34.738647Z,7.160217285
phase1_songs17,validation_metric,val/high_len_4_loss,120000,2026-09-08T12:02:10.000866Z,7.133659363
phase1_songs17,validation_metric,val/high_len_4_loss,130000,2026-09-08T12:13:01.112026Z,7.14912796
phase1_songs17,validation_metric,val/high_len_4_nll,10000,2026-09-08T10:04:04.223895Z,6.577941895
phase1_songs17,validation_metric,val/high_len_4_nll,20000,2026-09-08T10:14:52.869779Z,6.62424469
phase1_songs17,validation_metric,val/high_len_4_nll,30000,2026-09-08T10:25:31.923241Z,6.559707642
phase1_songs17,validation_metric,val/high_len_4_nll,40000,2026-09-08T10:36:15.744519Z,6.563911438
phase1_songs17,validation_metric,val/high_len_4_nll,50000,2026-09-08T10:46:49.585549Z,6.980125427
phase1_songs17,validation_metric,val/high_len_4_nll,60000,2026-09-08T10:57:49.606595Z,7.08795929
phase1_songs17,validation_metric,val/high_len_4_nll,70000,2026-09-08T11:08:30.479828Z,7.117511749
phase1_songs17,validation_metric,val/high_len_4_nll,80000,2026-09-08T11:19:17.549902Z,7.067825317
phase1_songs17,validation_metric,val/high_len_4_nll,90000,2026-09-08T11:30:15.360305Z,7.06401825
phase1_songs17,validation_metric,val/high_len_4_nll,100000,2026-09-08T11:40:45.769687Z,7.100818634
phase1_songs17,validation_metric,val/high_len_4_nll,110000,2026-09-08T11:51:34.738676Z,7.160217285
phase1_songs17,validation_metric,val/high_len_4_nll,120000,2026-09-08T12:02:10.000896Z,7.133659363
phase1_songs17,validation_metric,val/high_len_4_nll,130000,2026-09-08T12:13:01.112051Z,7.14912796
phase1_songs17,validation_metric,val/high_len_4_ppl,10000,2026-09-08T10:04:04.223903Z,719.0579224
phase1_songs17,validation_metric,val/high_len_4_ppl,20000,2026-09-08T10:14:52.869788Z,753.1351318
phase1_songs17,validation_metric,val/high_len_4_ppl,30000,2026-09-08T10:25:31.923249Z,706.0652466
phase1_songs17,validation_metric,val/high_len_4_ppl,40000,2026-09-08T10:36:15.744527Z,709.0396118
phase1_songs17,validation_metric,val/high_len_4_ppl,50000,2026-09-08T10:46:49.585557Z,1075.053223
phase1_songs17,validation_metric,val/high_len_4_ppl,60000,2026-09-08T10:57:49.606603Z,1197.46167
phase1_songs17,validation_metric,val/high_len_4_ppl,70000,2026-09-08T11:08:30.479836Z,1233.377686
phase1_songs17,validation_metric,val/high_len_4_ppl,80000,2026-09-08T11:19:17.549911Z,1173.593018
phase1_songs17,validation_metric,val/high_len_4_ppl,90000,2026-09-08T11:30:15.360314Z,1169.133667
phase1_songs17,validation_metric,val/high_len_4_ppl,100000,2026-09-08T11:40:45.769699Z,1212.959595
phase1_songs17,validation_metric,val/high_len_4_ppl,110000,2026-09-08T11:51:34.738684Z,1287.190552
phase1_songs17,validation_metric,val/high_len_4_ppl,120000,2026-09-08T12:02:10.000905Z,1253.455444
phase1_songs17,validation_metric,val/high_len_4_ppl,130000,2026-09-08T12:13:01.112062Z,1272.995361
phase1_songs17,validation_metric,val/high_loss,10000,2026-09-08T10:04:04.302463Z,6.557287693
phase1_songs17,validation_metric,val/high_loss,20000,2026-09-08T10:14:52.928303Z,6.549921036
phase1_songs17,validation_metric,val/high_loss,30000,2026-09-08T10:25:31.982570Z,6.504127502
phase1_songs17,validation_metric,val/high_loss,40000,2026-09-08T10:36:15.804790Z,6.557254314
phase1_songs17,validation_metric,val/high_loss,50000,2026-09-08T10:46:49.654079Z,6.892101765
phase1_songs17,validation_metric,val/high_loss,60000,2026-09-08T10:57:49.683377Z,6.983414173
phase1_songs17,validation_metric,val/high_loss,70000,2026-09-08T11:08:30.538827Z,6.988757133
phase1_songs17,validation_metric,val/high_loss,80000,2026-09-08T11:19:17.610466Z,7.038683414
phase1_songs17,validation_metric,val/high_loss,90000,2026-09-08T11:30:15.436272Z,7.020559311
phase1_songs17,validation_metric,val/high_loss,100000,2026-09-08T11:40:45.827646Z,6.984929562
phase1_songs17,validation_metric,val/high_loss,110000,2026-09-08T11:51:34.818633Z,7.088779926
phase1_songs17,validation_metric,val/high_loss,120000,2026-09-08T12:02:10.064363Z,7.003712177
phase1_songs17,validation_metric,val/high_loss,130000,2026-09-08T12:13:01.174789Z,6.986517429
phase1_songs17,validation_metric,val/high_nll,10000,2026-09-08T10:04:04.302470Z,6.557287693
phase1_songs17,validation_metric,val/high_nll,20000,2026-09-08T10:14:52.928309Z,6.549921036
phase1_songs17,validation_metric,val/high_nll,30000,2026-09-08T10:25:31.982577Z,6.504127502
phase1_songs17,validation_metric,val/high_nll,40000,2026-09-08T10:36:15.804812Z,6.557254314
phase1_songs17,validation_metric,val/high_nll,50000,2026-09-08T10:46:49.654086Z,6.892101765
phase1_songs17,validation_metric,val/high_nll,60000,2026-09-08T10:57:49.683383Z,6.983414173
phase1_songs17,validation_metric,val/high_nll,70000,2026-09-08T11:08:30.538834Z,6.988757133
phase1_songs17,validation_metric,val/high_nll,80000,2026-09-08T11:19:17.610473Z,7.038683414
phase1_songs17,validation_metric,val/high_nll,90000,2026-09-08T11:30:15.436280Z,7.020559311
phase1_songs17,validation_metric,val/high_nll,100000,2026-09-08T11:40:45.827653Z,6.984929562
phase1_songs17,validation_metric,val/high_nll,110000,2026-09-08T11:51:34.818639Z,7.088779926
phase1_songs17,validation_metric,val/high_nll,120000,2026-09-08T12:02:10.064369Z,7.003712177
phase1_songs17,validation_metric,val/high_nll,130000,2026-09-08T12:13:01.174801Z,6.986517429
phase1_songs17,validation_metric,val/high_ppl,10000,2026-09-08T10:04:04.302476Z,704.3587646
phase1_songs17,validation_metric,val/high_ppl,20000,2026-09-08T10:14:52.928315Z,699.1889648
phase1_songs17,validation_metric,val/high_ppl,30000,2026-09-08T10:25:31.982583Z,667.8927002
phase1_songs17,validation_metric,val/high_ppl,40000,2026-09-08T10:36:15.804819Z,704.335083
phase1_songs17,validation_metric,val/high_ppl,50000,2026-09-08T10:46:49.654092Z,984.4685059
phase1_songs17,validation_metric,val/high_ppl,60000,2026-09-08T10:57:49.683389Z,1078.594727
phase1_songs17,validation_metric,val/high_ppl,70000,2026-09-08T11:08:30.538840Z,1084.372925
phase1_songs17,validation_metric,val/high_ppl,80000,2026-09-08T11:19:17.610479Z,1139.885986
phase1_songs17,validation_metric,val/high_ppl,90000,2026-09-08T11:30:15.436288Z,1119.412598
phase1_songs17,validation_metric,val/high_ppl,100000,2026-09-08T11:40:45.827660Z,1080.230469
phase1_songs17,validation_metric,val/high_ppl,110000,2026-09-08T11:51:34.818645Z,1198.444824
phase1_songs17,validation_metric,val/high_ppl,120000,2026-09-08T12:02:10.064375Z,1100.711792
phase1_songs17,validation_metric,val/high_ppl,130000,2026-09-08T12:13:01.174808Z,1081.946777
phase1_songs17,validation_metric,val/low_acc_top1,10000,2026-09-08T10:04:04.302712Z,0.1090494767
phase1_songs17,validation_metric,val/low_acc_top1,20000,2026-09-08T10:14:52.928729Z,0.1155598983
phase1_songs17,validation_metric,val/low_acc_top1,30000,2026-09-08T10:25:31.983010Z,0.1070963591
phase1_songs17,validation_metric,val/low_acc_top1,40000,2026-09-08T10:36:15.805110Z,0.09440104663
phase1_songs17,validation_metric,val/low_acc_top1,50000,2026-09-08T10:46:49.654584Z,0.1435546875
phase1_songs17,validation_metric,val/low_acc_top1,60000,2026-09-08T10:57:49.683769Z,0.09700521082
phase1_songs17,validation_metric,val/low_acc_top1,70000,2026-09-08T11:08:30.539184Z,0.1298828125
phase1_songs17,validation_metric,val/low_acc_top1,80000,2026-09-08T11:19:17.610823Z,0.119140625
phase1_songs17,validation_metric,val/low_acc_top1,90000,2026-09-08T11:30:15.436593Z,0.1383463591
phase1_songs17,validation_metric,val/low_acc_top1,100000,2026-09-08T11:40:45.827880Z,0.1331380159
phase1_songs17,validation_metric,val/low_acc_top1,110000,2026-09-08T11:51:34.819098Z,0.1064453125
phase1_songs17,validation_metric,val/low_acc_top1,120000,2026-09-08T12:02:10.064779Z,0.1282552034
phase1_songs17,validation_metric,val/low_acc_top1,130000,2026-09-08T12:13:01.175212Z,0.111328125
phase1_songs17,validation_metric,val/low_acc_top5,10000,2026-09-08T10:04:04.302767Z,0.3694661558
phase1_songs17,validation_metric,val/low_acc_top5,20000,2026-09-08T10:14:52.928945Z,0.404296875
phase1_songs17,validation_metric,val/low_acc_top5,30000,2026-09-08T10:25:31.983118Z,0.4365234375
phase1_songs17,validation_metric,val/low_acc_top5,40000,2026-09-08T10:36:15.805182Z,0.3876953125
phase1_songs17,validation_metric,val/low_acc_top5,50000,2026-09-08T10:46:49.654696Z,0.4423828125
phase1_songs17,validation_metric,val/low_acc_top5,60000,2026-09-08T10:57:49.683883Z,0.43359375
phase1_songs17,validation_metric,val/low_acc_top5,70000,2026-09-08T11:08:30.539289Z,0.4319661558
phase1_songs17,validation_metric,val/low_acc_top5,80000,2026-09-08T11:19:17.610932Z,0.42578125
phase1_songs17,validation_metric,val/low_acc_top5,90000,2026-09-08T11:30:15.436657Z,0.489908874
phase1_songs17,validation_metric,val/low_acc_top5,100000,2026-09-08T11:40:45.827939Z,0.4423828125
phase1_songs17,validation_metric,val/low_acc_top5,110000,2026-09-08T11:51:34.819125Z,0.4420573115
phase1_songs17,validation_metric,val/low_acc_top5,120000,2026-09-08T12:02:10.064885Z,0.4798177183
phase1_songs17,validation_metric,val/low_acc_top5,130000,2026-09-08T12:13:01.175322Z,0.4583333433
phase1_songs17,validation_metric,val/low_len_1_acc_top1,10000,2026-09-08T10:04:04.238464Z,0.140625
phase1_songs17,validation_metric,val/low_len_1_acc_top1,20000,2026-09-08T10:14:52.883913Z,0.125
phase1_songs17,validation_metric,val/low_len_1_acc_top1,30000,2026-09-08T10:25:31.937629Z,0.125
phase1_songs17,validation_metric,val/low_len_1_acc_top1,40000,2026-09-08T10:36:15.759305Z,0.109375
phase1_songs17,validation_metric,val/low_len_1_acc_top1,50000,2026-09-08T10:46:49.601829Z,0.25
phase1_songs17,validation_metric,val/low_len_1_acc_top1,60000,2026-09-08T10:57:49.637614Z,0.125
phase1_songs17,validation_metric,val/low_len_1_acc_top1,70000,2026-09-08T11:08:30.494101Z,0.15625
phase1_songs17,validation_metric,val/low_len_1_acc_top1,80000,2026-09-08T11:19:17.564387Z,0.15625
phase1_songs17,validation_metric,val/low_len_1_acc_top1,90000,2026-09-08T11:30:15.374825Z,0.171875
phase1_songs17,validation_metric,val/low_len_1_acc_top1,100000,2026-09-08T11:40:45.784171Z,0.1875
phase1_songs17,validation_metric,val/low_len_1_acc_top1,110000,2026-09-08T11:51:34.753894Z,0.125
phase1_songs17,validation_metric,val/low_len_1_acc_top1,120000,2026-09-08T12:02:10.015928Z,0.1875
phase1_songs17,validation_metric,val/low_len_1_acc_top1,130000,2026-09-08T12:13:01.131166Z,0.125
phase1_songs17,validation_metric,val/low_len_1_acc_top5,10000,2026-09-08T10:04:04.238471Z,0.484375
phase1_songs17,validation_metric,val/low_len_1_acc_top5,20000,2026-09-08T10:14:52.883919Z,0.46875
phase1_songs17,validation_metric,val/low_len_1_acc_top5,30000,2026-09-08T10:25:31.937636Z,0.578125
phase1_songs17,validation_metric,val/low_len_1_acc_top5,40000,2026-09-08T10:36:15.759312Z,0.484375
phase1_songs17,validation_metric,val/low_len_1_acc_top5,50000,2026-09-08T10:46:49.601835Z,0.578125
phase1_songs17,validation_metric,val/low_len_1_acc_top5,60000,2026-09-08T10:57:49.637624Z,0.5625
phase1_songs17,validation_metric,val/low_len_1_acc_top5,70000,2026-09-08T11:08:30.494107Z,0.53125
phase1_songs17,validation_metric,val/low_len_1_acc_top5,80000,2026-09-08T11:19:17.564400Z,0.53125
phase1_songs17,validation_metric,val/low_len_1_acc_top5,90000,2026-09-08T11:30:15.374831Z,0.65625
phase1_songs17,validation_metric,val/low_len_1_acc_top5,100000,2026-09-08T11:40:45.784177Z,0.578125
phase1_songs17,validation_metric,val/low_len_1_acc_top5,110000,2026-09-08T11:51:34.753900Z,0.5625
phase1_songs17,validation_metric,val/low_len_1_acc_top5,120000,2026-09-08T12:02:10.015934Z,0.5625
phase1_songs17,validation_metric,val/low_len_1_acc_top5,130000,2026-09-08T12:13:01.131174Z,0.59375
phase1_songs17,validation_metric,val/low_len_1_loss,10000,2026-09-08T10:04:04.238425Z,3.423171997
phase1_songs17,validation_metric,val/low_len_1_loss,20000,2026-09-08T10:14:52.883871Z,3.190071106
phase1_songs17,validation_metric,val/low_len_1_loss,30000,2026-09-08T10:25:31.937587Z,3.067697525
phase1_songs17,validation_metric,val/low_len_1_loss,40000,2026-09-08T10:36:15.759263Z,3.414596558
phase1_songs17,validation_metric,val/low_len_1_loss,50000,2026-09-08T10:46:49.601777Z,2.837944031
phase1_songs17,validation_metric,val/low_len_1_loss,60000,2026-09-08T10:57:49.637558Z,3.042156219
phase1_songs17,validation_metric,val/low_len_1_loss,70000,2026-09-08T11:08:30.494061Z,3.002418518
phase1_songs17,validation_metric,val/low_len_1_loss,80000,2026-09-08T11:19:17.564321Z,2.911750793
phase1_songs17,validation_metric,val/low_len_1_loss,90000,2026-09-08T11:30:15.374780Z,2.739814758
phase1_songs17,validation_metric,val/low_len_1_loss,100000,2026-09-08T11:40:45.784127Z,2.94883728
phase1_songs17,validation_metric,val/low_len_1_loss,110000,2026-09-08T11:51:34.753851Z,2.982936859
phase1_songs17,validation_metric,val/low_len_1_loss,120000,2026-09-08T12:02:10.015884Z,3.111467361
phase1_songs17,validation_metric,val/low_len_1_loss,130000,2026-09-08T12:13:01.131124Z,3.047607422
phase1_songs17,validation_metric,val/low_len_1_nll,10000,2026-09-08T10:04:04.238448Z,3.423171997
phase1_songs17,validation_metric,val/low_len_1_nll,20000,2026-09-08T10:14:52.883896Z,3.190071106
phase1_songs17,validation_metric,val/low_len_1_nll,30000,2026-09-08T10:25:31.937613Z,3.067697525
phase1_songs17,validation_metric,val/low_len_1_nll,40000,2026-09-08T10:36:15.759290Z,3.414596558
phase1_songs17,validation_metric,val/low_len_1_nll,50000,2026-09-08T10:46:49.601814Z,2.837944031
phase1_songs17,validation_metric,val/low_len_1_nll,60000,2026-09-08T10:57:49.637593Z,3.042156219
phase1_songs17,validation_metric,val/low_len_1_nll,70000,2026-09-08T11:08:30.494086Z,3.002418518
phase1_songs17,validation_metric,val/low_len_1_nll,80000,2026-09-08T11:19:17.564357Z,2.911750793
phase1_songs17,validation_metric,val/low_len_1_nll,90000,2026-09-08T11:30:15.374810Z,2.739814758
phase1_songs17,validation_metric,val/low_len_1_nll,100000,2026-09-08T11:40:45.784152Z,2.94883728
phase1_songs17,validation_metric,val/low_len_1_nll,110000,2026-09-08T11:51:34.753879Z,2.982936859
phase1_songs17,validation_metric,val/low_len_1_nll,120000,2026-09-08T12:02:10.015913Z,3.111467361
phase1_songs17,validation_metric,val/low_len_1_nll,130000,2026-09-08T12:13:01.131148Z,3.047607422
phase1_songs17,validation_metric,val/low_len_1_ppl,10000,2026-09-08T10:04:04.238457Z,30.66653442
phase1_songs17,validation_metric,val/low_len_1_ppl,20000,2026-09-08T10:14:52.883905Z,24.29015541
phase1_songs17,validation_metric,val/low_len_1_ppl,30000,2026-09-08T10:25:31.937622Z,21.49235916
phase1_songs17,validation_metric,val/low_len_1_ppl,40000,2026-09-08T10:36:15.759298Z,30.40468025
phase1_songs17,validation_metric,val/low_len_1_ppl,50000,2026-09-08T10:46:49.601822Z,17.08061218
phase1_songs17,validation_metric,val/low_len_1_ppl,60000,2026-09-08T10:57:49.637605Z,20.95036888
phase1_songs17,validation_metric,val/low_len_1_ppl,70000,2026-09-08T11:08:30.494094Z,20.13417244
phase1_songs17,validation_metric,val/low_len_1_ppl,80000,2026-09-08T11:19:17.564373Z,18.38896561
phase1_songs17,validation_metric,val/low_len_1_ppl,90000,2026-09-08T11:30:15.374818Z,15.48411655
phase1_songs17,validation_metric,val/low_len_1_ppl,100000,2026-09-08T11:40:45.784164Z,19.08375168
phase1_songs17,validation_metric,val/low_len_1_ppl,110000,2026-09-08T11:51:34.753887Z,19.74572182
phase1_songs17,validation_metric,val/low_len_1_ppl,120000,2026-09-08T12:02:10.015921Z,22.45396805
phase1_songs17,validation_metric,val/low_len_1_ppl,130000,2026-09-08T12:13:01.131158Z,21.06488419
phase1_songs17,validation_metric,val/low_len_2_acc_top1,10000,2026-09-08T10:04:04.269440Z,0.078125
phase1_songs17,validation_metric,val/low_len_2_acc_top1,20000,2026-09-08T10:14:52.898695Z,0.0859375
phase1_songs17,validation_metric,val/low_len_2_acc_top1,30000,2026-09-08T10:25:31.952353Z,0.0625
phase1_songs17,validation_metric,val/low_len_2_acc_top1,40000,2026-09-08T10:36:15.774497Z,0.0859375
phase1_songs17,validation_metric,val/low_len_2_acc_top1,50000,2026-09-08T10:46:49.619013Z,0.078125
phase1_songs17,validation_metric,val/low_len_2_acc_top1,60000,2026-09-08T10:57:49.653695Z,0.03125
phase1_songs17,validation_metric,val/low_len_2_acc_top1,70000,2026-09-08T11:08:30.508776Z,0.09375
phase1_songs17,validation_metric,val/low_len_2_acc_top1,80000,2026-09-08T11:19:17.580630Z,0.125
phase1_songs17,validation_metric,val/low_len_2_acc_top1,90000,2026-09-08T11:30:15.389894Z,0.125
phase1_songs17,validation_metric,val/low_len_2_acc_top1,100000,2026-09-08T11:40:45.798439Z,0.09375
phase1_songs17,validation_metric,val/low_len_2_acc_top1,110000,2026-09-08T11:51:34.769324Z,0.0703125
phase1_songs17,validation_metric,val/low_len_2_acc_top1,120000,2026-09-08T12:02:10.030937Z,0.0859375
phase1_songs17,validation_metric,val/low_len_2_acc_top1,130000,2026-09-08T12:13:01.145769Z,0.0859375
phase1_songs17,validation_metric,val/low_len_2_acc_top5,10000,2026-09-08T10:04:04.269450Z,0.2578125
phase1_songs17,validation_metric,val/low_len_2_acc_top5,20000,2026-09-08T10:14:52.898702Z,0.2890625
phase1_songs17,validation_metric,val/low_len_2_acc_top5,30000,2026-09-08T10:25:31.952376Z,0.2890625
phase1_songs17,validation_metric,val/low_len_2_acc_top5,40000,2026-09-08T10:36:15.774503Z,0.359375
phase1_songs17,validation_metric,val/low_len_2_acc_top5,50000,2026-09-08T10:46:49.619019Z,0.3125
phase1_songs17,validation_metric,val/low_len_2_acc_top5,60000,2026-09-08T10:57:49.653701Z,0.28125
phase1_songs17,validation_metric,val/low_len_2_acc_top5,70000,2026-09-08T11:08:30.508783Z,0.3125
phase1_songs17,validation_metric,val/low_len_2_acc_top5,80000,2026-09-08T11:19:17.580637Z,0.375
phase1_songs17,validation_metric,val/low_len_2_acc_top5,90000,2026-09-08T11:30:15.389901Z,0.3515625
phase1_songs17,validation_metric,val/low_len_2_acc_top5,100000,2026-09-08T11:40:45.798445Z,0.3125
phase1_songs17,validation_metric,val/low_len_2_acc_top5,110000,2026-09-08T11:51:34.769330Z,0.3515625
phase1_songs17,validation_metric,val/low_len_2_acc_top5,120000,2026-09-08T12:02:10.030944Z,0.3984375
phase1_songs17,validation_metric,val/low_len_2_acc_top5,130000,2026-09-08T12:13:01.145791Z,0.34375
phase1_songs17,validation_metric,val/low_len_2_loss,10000,2026-09-08T10:04:04.269380Z,4.062307358
phase1_songs17,validation_metric,val/low_len_2_loss,20000,2026-09-08T10:14:52.898657Z,3.893123627
phase1_songs17,validation_metric,val/low_len_2_loss,30000,2026-09-08T10:25:31.952316Z,4.015535355
phase1_songs17,validation_metric,val/low_len_2_loss,40000,2026-09-08T10:36:15.774456Z,3.934070587
phase1_songs17,validation_metric,val/low_len_2_loss,50000,2026-09-08T10:46:49.618966Z,3.843519211
phase1_songs17,validation_metric,val/low_len_2_loss,60000,2026-09-08T10:57:49.653659Z,3.867462158
phase1_songs17,validation_metric,val/low_len_2_loss,70000,2026-09-08T11:08:30.508737Z,3.78768158
phase1_songs17,validation_metric,val/low_len_2_loss,80000,2026-09-08T11:19:17.580590Z,3.656742096
phase1_songs17,validation_metric,val/low_len_2_loss,90000,2026-09-08T11:30:15.389855Z,3.58972168
phase1_songs17,validation_metric,val/low_len_2_loss,100000,2026-09-08T11:40:45.798395Z,3.794967651
phase1_songs17,validation_metric,val/low_len_2_loss,110000,2026-09-08T11:51:34.769283Z,3.798091888
phase1_songs17,validation_metric,val/low_len_2_loss,120000,2026-09-08T12:02:10.030895Z,3.81010437
phase1_songs17,validation_metric,val/low_len_2_loss,130000,2026-09-08T12:13:01.145736Z,3.794248581
phase1_songs17,validation_metric,val/low_len_2_nll,10000,2026-09-08T10:04:04.269414Z,4.062307358
phase1_songs17,validation_metric,val/low_len_2_nll,20000,2026-09-08T10:14:52.898680Z,3.893123627
phase1_songs17,validation_metric,val/low_len_2_nll,30000,2026-09-08T10:25:31.952338Z,4.015535355
phase1_songs17,validation_metric,val/low_len_2_nll,40000,2026-09-08T10:36:15.774482Z,3.934070587
phase1_songs17,validation_metric,val/low_len_2_nll,50000,2026-09-08T10:46:49.618998Z,3.843519211
phase1_songs17,validation_metric,val/low_len_2_nll,60000,2026-09-08T10:57:49.653680Z,3.867462158
phase1_songs17,validation_metric,val/low_len_2_nll,70000,2026-09-08T11:08:30.508761Z,3.78768158
phase1_songs17,validation_metric,val/low_len_2_nll,80000,2026-09-08T11:19:17.580614Z,3.656742096
phase1_songs17,validation_metric,val/low_len_2_nll,90000,2026-09-08T11:30:15.389879Z,3.58972168
phase1_songs17,validation_metric,val/low_len_2_nll,100000,2026-09-08T11:40:45.798420Z,3.794967651
phase1_songs17,validation_metric,val/low_len_2_nll,110000,2026-09-08T11:51:34.769308Z,3.798091888
phase1_songs17,validation_metric,val/low_len_2_nll,120000,2026-09-08T12:02:10.030921Z,3.81010437
phase1_songs17,validation_metric,val/low_len_2_nll,130000,2026-09-08T12:13:01.145754Z,3.794248581
phase1_songs17,validation_metric,val/low_len_2_ppl,10000,2026-09-08T10:04:04.269430Z,58.10823441
phase1_songs17,validation_metric,val/low_len_2_ppl,20000,2026-09-08T10:14:52.898688Z,49.06390381
phase1_songs17,validation_metric,val/low_len_2_ppl,30000,2026-09-08T10:25:31.952346Z,55.45297623
phase1_songs17,validation_metric,val/low_len_2_ppl,40000,2026-09-08T10:36:15.774490Z,51.11462021
phase1_songs17,validation_metric,val/low_len_2_ppl,50000,2026-09-08T10:46:49.619006Z,46.68949509
phase1_songs17,validation_metric,val/low_len_2_ppl,60000,2026-09-08T10:57:49.653688Z,47.82086945
phase1_songs17,validation_metric,val/low_len_2_ppl,70000,2026-09-08T11:08:30.508769Z,44.15391541
phase1_songs17,validation_metric,val/low_len_2_ppl,80000,2026-09-08T11:19:17.580623Z,38.73494339
phase1_songs17,validation_metric,val/low_len_2_ppl,90000,2026-09-08T11:30:15.389887Z,36.22399139
phase1_songs17,validation_metric,val/low_len_2_ppl,100000,2026-09-08T11:40:45.798431Z,44.47679901
phase1_songs17,validation_metric,val/low_len_2_ppl,110000,2026-09-08T11:51:34.769317Z,44.61597061
phase1_songs17,validation_metric,val/low_len_2_ppl,120000,2026-09-08T12:02:10.030930Z,45.15515137
phase1_songs17,validation_metric,val/low_len_2_ppl,130000,2026-09-08T12:13:01.145762Z,44.44482803
phase1_songs17,validation_metric,val/low_len_3_acc_top1,10000,2026-09-08T10:04:04.286964Z,0.05729166791
phase1_songs17,validation_metric,val/low_len_3_acc_top1,20000,2026-09-08T10:14:52.913533Z,0.09895833582
phase1_songs17,validation_metric,val/low_len_3_acc_top1,30000,2026-09-08T10:25:31.967296Z,0.08854167163
phase1_songs17,validation_metric,val/low_len_3_acc_top1,40000,2026-09-08T10:36:15.789916Z,0.07291667163
phase1_songs17,validation_metric,val/low_len_3_acc_top1,50000,2026-09-08T10:46:49.636606Z,0.09375
phase1_songs17,validation_metric,val/low_len_3_acc_top1,60000,2026-09-08T10:57:49.668354Z,0.09895833582
phase1_songs17,validation_metric,val/low_len_3_acc_top1,70000,2026-09-08T11:08:30.523630Z,0.109375
phase1_songs17,validation_metric,val/low_len_3_acc_top1,80000,2026-09-08T11:19:17.595507Z,0.0625
phase1_songs17,validation_metric,val/low_len_3_acc_top1,90000,2026-09-08T11:30:15.405137Z,0.1041666716
phase1_songs17,validation_metric,val/low_len_3_acc_top1,100000,2026-09-08T11:40:45.813058Z,0.08333333582
phase1_songs17,validation_metric,val/low_len_3_acc_top1,110000,2026-09-08T11:51:34.802061Z,0.09375
phase1_songs17,validation_metric,val/low_len_3_acc_top1,120000,2026-09-08T12:02:10.046068Z,0.09895833582
phase1_songs17,validation_metric,val/low_len_3_acc_top1,130000,2026-09-08T12:13:01.160255Z,0.09375
phase1_songs17,validation_metric,val/low_len_3_acc_top5,10000,2026-09-08T10:04:04.286970Z,0.2864583433
phase1_songs17,validation_metric,val/low_len_3_acc_top5,20000,2026-09-08T10:14:52.913540Z,0.375
phase1_songs17,validation_metric,val/low_len_3_acc_top5,30000,2026-09-08T10:25:31.967302Z,0.390625
phase1_songs17,validation_metric,val/low_len_3_acc_top5,40000,2026-09-08T10:36:15.789922Z,0.296875
phase1_songs17,validation_metric,val/low_len_3_acc_top5,50000,2026-09-08T10:46:49.636629Z,0.390625
phase1_songs17,validation_metric,val/low_len_3_acc_top5,60000,2026-09-08T10:57:49.668376Z,0.375
phase1_songs17,validation_metric,val/low_len_3_acc_top5,70000,2026-09-08T11:08:30.523636Z,0.3802083433
phase1_songs17,validation_metric,val/low_len_3_acc_top5,80000,2026-09-08T11:19:17.595513Z,0.359375
phase1_songs17,validation_metric,val/low_len_3_acc_top5,90000,2026-09-08T11:30:15.405143Z,0.4322916865
phase1_songs17,validation_metric,val/low_len_3_acc_top5,100000,2026-09-08T11:40:45.813065Z,0.359375
phase1_songs17,validation_metric,val/low_len_3_acc_top5,110000,2026-09-08T11:51:34.802070Z,0.3697916865
phase1_songs17,validation_metric,val/low_len_3_acc_top5,120000,2026-09-08T12:02:10.046074Z,0.4427083433
phase1_songs17,validation_metric,val/low_len_3_acc_top5,130000,2026-09-08T12:13:01.160261Z,0.3958333433
phase1_songs17,validation_metric,val/low_len_3_loss,10000,2026-09-08T10:04:04.286913Z,3.860033751
phase1_songs17,validation_metric,val/low_len_3_loss,20000,2026-09-08T10:14:52.913479Z,3.405855894
phase1_songs17,validation_metric,val/low_len_3_loss,30000,2026-09-08T10:25:31.967259Z,3.504548311
phase1_songs17,validation_metric,val/low_len_3_loss,40000,2026-09-08T10:36:15.789876Z,3.681777954
phase1_songs17,validation_metric,val/low_len_3_loss,50000,2026-09-08T10:46:49.636560Z,3.395777464
phase1_songs17,validation_metric,val/low_len_3_loss,60000,2026-09-08T10:57:49.668319Z,3.34517169
phase1_songs17,validation_metric,val/low_len_3_loss,70000,2026-09-08T11:08:30.523592Z,3.339991331
phase1_songs17,validation_metric,val/low_len_3_loss,80000,2026-09-08T11:19:17.595467Z,3.297024965
phase1_songs17,validation_metric,val/low_len_3_loss,90000,2026-09-08T11:30:15.405095Z,3.214673281
phase1_songs17,validation_metric,val/low_len_3_loss,100000,2026-09-08T11:40:45.813015Z,3.366414309
phase1_songs17,validation_metric,val/low_len_3_loss,110000,2026-09-08T11:51:34.802001Z,3.354390383
phase1_songs17,validation_metric,val/low_len_3_loss,120000,2026-09-08T12:02:10.046028Z,3.367110014
phase1_songs17,validation_metric,val/low_len_3_loss,130000,2026-09-08T12:13:01.160222Z,3.425345182
phase1_songs17,validation_metric,val/low_len_3_nll,10000,2026-09-08T10:04:04.286944Z,3.860033751
phase1_songs17,validation_metric,val/low_len_3_nll,20000,2026-09-08T10:14:52.913502Z,3.405855894
phase1_songs17,validation_metric,val/low_len_3_nll,30000,2026-09-08T10:25:31.967281Z,3.504548311
phase1_songs17,validation_metric,val/low_len_3_nll,40000,2026-09-08T10:36:15.789900Z,3.681777954
phase1_songs17,validation_metric,val/low_len_3_nll,50000,2026-09-08T10:46:49.636590Z,3.395777464
phase1_songs17,validation_metric,val/low_len_3_nll,60000,2026-09-08T10:57:49.668339Z,3.34517169
phase1_songs17,validation_metric,val/low_len_3_nll,70000,2026-09-08T11:08:30.523615Z,3.339991331
phase1_songs17,validation_metric,val/low_len_3_nll,80000,2026-09-08T11:19:17.595490Z,3.297024965
phase1_songs17,validation_metric,val/low_len_3_nll,90000,2026-09-08T11:30:15.405122Z,3.214673281
phase1_songs17,validation_metric,val/low_len_3_nll,100000,2026-09-08T11:40:45.813039Z,3.366414309
phase1_songs17,validation_metric,val/low_len_3_nll,110000,2026-09-08T11:51:34.802038Z,3.354390383
phase1_songs17,validation_metric,val/low_len_3_nll,120000,2026-09-08T12:02:10.046053Z,3.367110014
phase1_songs17,validation_metric,val/low_len_3_nll,130000,2026-09-08T12:13:01.160240Z,3.425345182
phase1_songs17,validation_metric,val/low_len_3_ppl,10000,2026-09-08T10:04:04.286955Z,47.46695328
phase1_songs17,validation_metric,val/low_len_3_ppl,20000,2026-09-08T10:14:52.913510Z,30.14008141
phase1_songs17,validation_metric,val/low_len_3_ppl,30000,2026-09-08T10:25:31.967289Z,33.26641464
phase1_songs17,validation_metric,val/low_len_3_ppl,40000,2026-09-08T10:36:15.789909Z,39.71694565
phase1_songs17,validation_metric,val/low_len_3_ppl,50000,2026-09-08T10:46:49.636598Z,29.83784294
phase1_songs17,validation_metric,val/low_len_3_ppl,60000,2026-09-08T10:57:49.668347Z,28.36544609
phase1_songs17,validation_metric,val/low_len_3_ppl,70000,2026-09-08T11:08:30.523623Z,28.21888161
phase1_songs17,validation_metric,val/low_len_3_ppl,80000,2026-09-08T11:19:17.595500Z,27.03209686
phase1_songs17,validation_metric,val/low_len_3_ppl,90000,2026-09-08T11:30:15.405130Z,24.89515686
phase1_songs17,validation_metric,val/low_len_3_ppl,100000,2026-09-08T11:40:45.813051Z,28.97444725
phase1_songs17,validation_metric,val/low_len_3_ppl,110000,2026-09-08T11:51:34.802050Z,28.62814713
phase1_songs17,validation_metric,val/low_len_3_ppl,120000,2026-09-08T12:02:10.046061Z,28.99461174
phase1_songs17,validation_metric,val/low_len_3_ppl,130000,2026-09-08T12:13:01.160248Z,30.73325157
phase1_songs17,validation_metric,val/low_len_4_acc_top1,10000,2026-09-08T10:04:04.302431Z,0.16015625
phase1_songs17,validation_metric,val/low_len_4_acc_top1,20000,2026-09-08T10:14:52.928275Z,0.15234375
phase1_songs17,validation_metric,val/low_len_4_acc_top1,30000,2026-09-08T10:25:31.982544Z,0.15234375
phase1_songs17,validation_metric,val/low_len_4_acc_top1,40000,2026-09-08T10:36:15.804764Z,0.109375
phase1_songs17,validation_metric,val/low_len_4_acc_top1,50000,2026-09-08T10:46:49.654052Z,0.15234375
phase1_songs17,validation_metric,val/low_len_4_acc_top1,60000,2026-09-08T10:57:49.683337Z,0.1328125
phase1_songs17,validation_metric,val/low_len_4_acc_top1,70000,2026-09-08T11:08:30.538800Z,0.16015625
phase1_songs17,validation_metric,val/low_len_4_acc_top1,80000,2026-09-08T11:19:17.610440Z,0.1328125
phase1_songs17,validation_metric,val/low_len_4_acc_top1,90000,2026-09-08T11:30:15.436241Z,0.15234375
phase1_songs17,validation_metric,val/low_len_4_acc_top1,100000,2026-09-08T11:40:45.827621Z,0.16796875
phase1_songs17,validation_metric,val/low_len_4_acc_top1,110000,2026-09-08T11:51:34.818606Z,0.13671875
phase1_songs17,validation_metric,val/low_len_4_acc_top1,120000,2026-09-08T12:02:10.064335Z,0.140625
phase1_songs17,validation_metric,val/low_len_4_acc_top1,130000,2026-09-08T12:13:01.174750Z,0.140625
phase1_songs17,validation_metric,val/low_len_4_acc_top5,10000,2026-09-08T10:04:04.302438Z,0.44921875
phase1_songs17,validation_metric,val/low_len_4_acc_top5,20000,2026-09-08T10:14:52.928281Z,0.484375
phase1_songs17,validation_metric,val/low_len_4_acc_top5,30000,2026-09-08T10:25:31.982551Z,0.48828125
phase1_songs17,validation_metric,val/low_len_4_acc_top5,40000,2026-09-08T10:36:15.804770Z,0.41015625
phase1_songs17,validation_metric,val/low_len_4_acc_top5,50000,2026-09-08T10:46:49.654058Z,0.48828125
phase1_songs17,validation_metric,val/low_len_4_acc_top5,60000,2026-09-08T10:57:49.683359Z,0.515625
phase1_songs17,validation_metric,val/low_len_4_acc_top5,70000,2026-09-08T11:08:30.538807Z,0.50390625
phase1_songs17,validation_metric,val/low_len_4_acc_top5,80000,2026-09-08T11:19:17.610447Z,0.4375
phase1_songs17,validation_metric,val/low_len_4_acc_top5,90000,2026-09-08T11:30:15.436249Z,0.51953125
phase1_songs17,validation_metric,val/low_len_4_acc_top5,100000,2026-09-08T11:40:45.827628Z,0.51953125
phase1_songs17,validation_metric,val/low_len_4_acc_top5,110000,2026-09-08T11:51:34.818612Z,0.484375
phase1_songs17,validation_metric,val/low_len_4_acc_top5,120000,2026-09-08T12:02:10.064342Z,0.515625
phase1_songs17,validation_metric,val/low_len_4_acc_top5,130000,2026-09-08T12:13:01.174773Z,0.5
phase1_songs17,validation_metric,val/low_len_4_loss,10000,2026-09-08T10:04:04.302377Z,3.493567467
phase1_songs17,validation_metric,val/low_len_4_loss,20000,2026-09-08T10:14:52.928241Z,3.285487175
phase1_songs17,validation_metric,val/low_len_4_loss,30000,2026-09-08T10:25:31.982506Z,3.289426565
phase1_songs17,validation_metric,val/low_len_4_loss,40000,2026-09-08T10:36:15.804723Z,3.465297699
phase1_songs17,validation_metric,val/low_len_4_loss,50000,2026-09-08T10:46:49.654006Z,3.224038839
phase1_songs17,validation_metric,val/low_len_4_loss,60000,2026-09-08T10:57:49.683302Z,3.235039949
phase1_songs17,validation_metric,val/low_len_4_loss,70000,2026-09-08T11:08:30.538754Z,3.14655304
phase1_songs17,validation_metric,val/low_len_4_loss,80000,2026-09-08T11:19:17.610399Z,3.28155899
phase1_songs17,validation_metric,val/low_len_4_loss,90000,2026-09-08T11:30:15.436186Z,3.046646118
phase1_songs17,validation_metric,val/low_len_4_loss,100000,2026-09-08T11:40:45.827577Z,3.179881573
phase1_songs17,validation_metric,val/low_len_4_loss,110000,2026-09-08T11:51:34.818561Z,3.21962738
phase1_songs17,validation_metric,val/low_len_4_loss,120000,2026-09-08T12:02:10.064289Z,3.365903616
phase1_songs17,validation_metric,val/low_len_4_loss,130000,2026-09-08T12:13:01.174717Z,3.26307106
phase1_songs17,validation_metric,val/low_len_4_nll,10000,2026-09-08T10:04:04.302411Z,3.493567467
phase1_songs17,validation_metric,val/low_len_4_nll,20000,2026-09-08T10:14:52.928260Z,3.285487175
phase1_songs17,validation_metric,val/low_len_4_nll,30000,2026-09-08T10:25:31.982529Z,3.289426565
phase1_songs17,validation_metric,val/low_len_4_nll,40000,2026-09-08T10:36:15.804748Z,3.465297699
phase1_songs17,validation_metric,val/low_len_4_nll,50000,2026-09-08T10:46:49.654036Z,3.224038839
phase1_songs17,validation_metric,val/low_len_4_nll,60000,2026-09-08T10:57:49.683323Z,3.235039949
phase1_songs17,validation_metric,val/low_len_4_nll,70000,2026-09-08T11:08:30.538779Z,3.14655304
phase1_songs17,validation_metric,val/low_len_4_nll,80000,2026-09-08T11:19:17.610424Z,3.28155899
phase1_songs17,validation_metric,val/low_len_4_nll,90000,2026-09-08T11:30:15.436220Z,3.046646118
phase1_songs17,validation_metric,val/low_len_4_nll,100000,2026-09-08T11:40:45.827602Z,3.179881573
phase1_songs17,validation_metric,val/low_len_4_nll,110000,2026-09-08T11:51:34.818591Z,3.21962738
phase1_songs17,validation_metric,val/low_len_4_nll,120000,2026-09-08T12:02:10.064319Z,3.365903616
phase1_songs17,validation_metric,val/low_len_4_nll,130000,2026-09-08T12:13:01.174735Z,3.26307106
phase1_songs17,validation_metric,val/low_len_4_ppl,10000,2026-09-08T10:04:04.302423Z,32.90311813
phase1_songs17,validation_metric,val/low_len_4_ppl,20000,2026-09-08T10:14:52.928268Z,26.72200012
phase1_songs17,validation_metric,val/low_len_4_ppl,30000,2026-09-08T10:25:31.982538Z,26.82747459
phase1_songs17,validation_metric,val/low_len_4_ppl,40000,2026-09-08T10:36:15.804756Z,31.98598099
phase1_songs17,validation_metric,val/low_len_4_ppl,50000,2026-09-08T10:46:49.654044Z,25.12940979
phase1_songs17,validation_metric,val/low_len_4_ppl,60000,2026-09-08T10:57:49.683330Z,25.40738678
phase1_songs17,validation_metric,val/low_len_4_ppl,70000,2026-09-08T11:08:30.538787Z,23.25576401
phase1_songs17,validation_metric,val/low_len_4_ppl,80000,2026-09-08T11:19:17.610433Z,26.61723709
phase1_songs17,validation_metric,val/low_len_4_ppl,90000,2026-09-08T11:30:15.436231Z,21.04464531
phase1_songs17,validation_metric,val/low_len_4_ppl,100000,2026-09-08T11:40:45.827614Z,24.04390526
phase1_songs17,validation_metric,val/low_len_4_ppl,110000,2026-09-08T11:51:34.818599Z,25.01879501
phase1_songs17,validation_metric,val/low_len_4_ppl,120000,2026-09-08T12:02:10.064327Z,28.95965385
phase1_songs17,validation_metric,val/low_len_4_ppl,130000,2026-09-08T12:13:01.174743Z,26.12965965
phase1_songs17,validation_metric,val/low_loss,10000,2026-09-08T10:04:04.302496Z,3.709770203
phase1_songs17,validation_metric,val/low_loss,20000,2026-09-08T10:14:52.928335Z,3.44363451
phase1_songs17,validation_metric,val/low_loss,30000,2026-09-08T10:25:31.982602Z,3.469301939
phase1_songs17,validation_metric,val/low_loss,40000,2026-09-08T10:36:15.804839Z,3.623935699
phase1_songs17,validation_metric,val/low_loss,50000,2026-09-08T10:46:49.654112Z,3.325319767
phase1_songs17,validation_metric,val/low_loss,60000,2026-09-08T10:57:49.683408Z,3.372457504
phase1_songs17,validation_metric,val/low_loss,70000,2026-09-08T11:08:30.538861Z,3.319161177
phase1_songs17,validation_metric,val/low_loss,80000,2026-09-08T11:19:17.610499Z,3.286769152
phase1_songs17,validation_metric,val/low_loss,90000,2026-09-08T11:30:15.436314Z,3.1477139
phase1_songs17,validation_metric,val/low_loss,100000,2026-09-08T11:40:45.827679Z,3.322525263
phase1_songs17,validation_metric,val/low_loss,110000,2026-09-08T11:51:34.818664Z,3.338761568
phase1_songs17,validation_metric,val/low_loss,120000,2026-09-08T12:02:10.064395Z,3.413646221
phase1_songs17,validation_metric,val/low_loss,130000,2026-09-08T12:13:01.174827Z,3.382568121
phase1_songs17,validation_metric,val/low_nll,10000,2026-09-08T10:04:04.302565Z,3.709770203
phase1_songs17,validation_metric,val/low_nll,20000,2026-09-08T10:14:52.928461Z,3.44363451
phase1_songs17,validation_metric,val/low_nll,30000,2026-09-08T10:25:31.982725Z,3.469301939
phase1_songs17,validation_metric,val/low_nll,40000,2026-09-08T10:36:15.804930Z,3.623935699
phase1_songs17,validation_metric,val/low_nll,50000,2026-09-08T10:46:49.654263Z,3.325319767
phase1_songs17,validation_metric,val/low_nll,60000,2026-09-08T10:57:49.683522Z,3.372457504
phase1_songs17,validation_metric,val/low_nll,70000,2026-09-08T11:08:30.538950Z,3.319161177
phase1_songs17,validation_metric,val/low_nll,80000,2026-09-08T11:19:17.610586Z,3.286769152
phase1_songs17,validation_metric,val/low_nll,90000,2026-09-08T11:30:15.436417Z,3.1477139
phase1_songs17,validation_metric,val/low_nll,100000,2026-09-08T11:40:45.827738Z,3.322525263
phase1_songs17,validation_metric,val/low_nll,110000,2026-09-08T11:51:34.818758Z,3.338761568
phase1_songs17,validation_metric,val/low_nll,120000,2026-09-08T12:02:10.064517Z,3.413646221
phase1_songs17,validation_metric,val/low_nll,130000,2026-09-08T12:13:01.174948Z,3.382568121
phase1_songs17,validation_metric,val/low_ppl,10000,2026-09-08T10:04:04.302654Z,40.84441757
phase1_songs17,validation_metric,val/low_ppl,20000,2026-09-08T10:14:52.928609Z,31.30051231
phase1_songs17,validation_metric,val/low_ppl,30000,2026-09-08T10:25:31.982881Z,32.11431503
phase1_songs17,validation_metric,val/low_ppl,40000,2026-09-08T10:36:15.805035Z,37.48480606
phase1_songs17,validation_metric,val/low_ppl,50000,2026-09-08T10:46:49.654459Z,27.80789185
phase1_songs17,validation_metric,val/low_ppl,60000,2026-09-08T10:57:49.683662Z,29.15007591
phase1_songs17,validation_metric,val/low_ppl,70000,2026-09-08T11:08:30.539075Z,27.63715744
phase1_songs17,validation_metric,val/low_ppl,80000,2026-09-08T11:19:17.610705Z,26.7562809
phase1_songs17,validation_metric,val/low_ppl,90000,2026-09-08T11:30:15.436519Z,23.28277779
phase1_songs17,validation_metric,val/low_ppl,100000,2026-09-08T11:40:45.827820Z,27.73028755
phase1_songs17,validation_metric,val/low_ppl,110000,2026-09-08T11:51:34.819055Z,28.18420219
phase1_songs17,validation_metric,val/low_ppl,120000,2026-09-08T12:02:10.064670Z,30.37580299
phase1_songs17,validation_metric,val/low_ppl,130000,2026-09-08T12:13:01.175095Z,29.44629478
phase1_songs17,validation_metadata,validation/high_activity_count,0,2026-09-08T09:54:12.972310Z,32
phase1_songs17,validation_metadata,validation/high_activity_len_1_count,0,2026-09-08T09:54:12.973018Z,8
phase1_songs17,validation_metadata,validation/high_activity_len_1_mean_mask_activity,0,2026-09-08T09:54:12.973159Z,0.9080209732
phase1_songs17,validation_metadata,validation/high_activity_len_1_mean_mask_len,0,2026-09-08T09:54:12.973280Z,1
phase1_songs17,validation_metadata,validation/high_activity_len_2_count,0,2026-09-08T09:54:12.973547Z,8
phase1_songs17,validation_metadata,validation/high_activity_len_2_mean_mask_activity,0,2026-09-08T09:54:12.973675Z,0.7995871305
phase1_songs17,validation_metadata,validation/high_activity_len_2_mean_mask_len,0,2026-09-08T09:54:12.973808Z,2
phase1_songs17,validation_metadata,validation/high_activity_len_3_count,0,2026-09-08T09:54:12.974067Z,8
phase1_songs17,validation_metadata,validation/high_activity_len_3_mean_mask_activity,0,2026-09-08T09:54:12.974167Z,0.8771512508
phase1_songs17,validation_metadata,validation/high_activity_len_3_mean_mask_len,0,2026-09-08T09:54:12.974254Z,3
phase1_songs17,validation_metadata,validation/high_activity_len_4_count,0,2026-09-08T09:54:12.974433Z,8
phase1_songs17,validation_metadata,validation/high_activity_len_4_mean_mask_activity,0,2026-09-08T09:54:12.974528Z,0.8573934436
phase1_songs17,validation_metadata,validation/high_activity_len_4_mean_mask_len,0,2026-09-08T09:54:12.974612Z,4
phase1_songs17,validation_metadata,validation/high_activity_mean_mask_len,0,2026-09-08T09:54:12.972323Z,2.5
phase1_songs17,validation_metadata,validation/high_activity_region_count,0,2026-09-08T09:54:12.972273Z,1
phase1_songs17,validation_metadata,validation/high_activity_region_mean_activity,0,2026-09-08T09:54:12.972291Z,0.8873716593
phase1_songs17,validation_metadata,validation/holdout_fraction,0,2026-09-08T09:54:12.972257Z,0.1023420095
phase1_songs17,validation_metadata,validation/holdout_frames,0,2026-09-08T09:54:12.972245Z,3072
phase1_songs17,validation_metadata,validation/holdout_ranges,0,2026-09-08T09:54:12.972206Z,2
phase1_songs17,validation_metadata,validation/holdout_regions,0,2026-09-08T09:54:12.972265Z,2
phase1_songs17,validation_metadata,validation/low_activity_count,0,2026-09-08T09:54:12.972317Z,32
phase1_songs17,validation_metadata,validation/low_activity_len_1_count,0,2026-09-08T09:54:12.974801Z,8
phase1_songs17,validation_metadata,validation/low_activity_len_1_mean_mask_activity,0,2026-09-08T09:54:12.974901Z,0.1796488315
phase1_songs17,validation_metadata,validation/low_activity_len_1_mean_mask_len,0,2026-09-08T09:54:12.974984Z,1
phase1_songs17,validation_metadata,validation/low_activity_len_2_count,0,2026-09-08T09:54:12.975168Z,8
phase1_songs17,validation_metadata,validation/low_activity_len_2_mean_mask_activity,0,2026-09-08T09:54:12.975267Z,0.2864541113
phase1_songs17,validation_metadata,validation/low_activity_len_2_mean_mask_len,0,2026-09-08T09:54:12.975348Z,2
phase1_songs17,validation_metadata,validation/low_activity_len_3_count,0,2026-09-08T09:54:12.975527Z,8
phase1_songs17,validation_metadata,validation/low_activity_len_3_mean_mask_activity,0,2026-09-08T09:54:12.975631Z,0.2136752903
phase1_songs17,validation_metadata,validation/low_activity_len_3_mean_mask_len,0,2026-09-08T09:54:12.975715Z,3
phase1_songs17,validation_metadata,validation/low_activity_len_4_count,0,2026-09-08T09:54:12.975908Z,8
phase1_songs17,validation_metadata,validation/low_activity_len_4_mean_mask_activity,0,2026-09-08T09:54:12.976004Z,0.1905949712
phase1_songs17,validation_metadata,validation/low_activity_len_4_mean_mask_len,0,2026-09-08T09:54:12.976088Z,4
phase1_songs17,validation_metadata,validation/low_activity_mean_mask_len,0,2026-09-08T09:54:12.972488Z,2.5
phase1_songs17,validation_metadata,validation/low_activity_region_count,0,2026-09-08T09:54:12.972280Z,1
phase1_songs17,validation_metadata,validation/low_activity_region_mean_activity,0,2026-09-08T09:54:12.972303Z,0.2666094601
