run,category,tag,step,wall_time_utc,value
phase2_regularization,dataset_metadata,dataset/avg_window_activity,0,2026-09-09T08:28:00.032836Z,0.5283715725
phase2_regularization,dataset_metadata,dataset/blocked_ranges,0,2026-09-09T08:28:00.032825Z,2
phase2_regularization,dataset_metadata,dataset/holdout_blocked_fraction,0,2026-09-09T08:28:00.032812Z,0.1491221637
phase2_regularization,dataset_metadata,dataset/holdout_blocked_starts,0,2026-09-09T08:28:00.032805Z,4094
phase2_regularization,dataset_metadata,dataset/max_window_weight,0,2026-09-09T08:28:00.033130Z,6.528597442e-05
phase2_regularization,dataset_metadata,dataset/min_window_weight,0,2026-09-09T08:28:00.032981Z,1.070625876e-05
phase2_regularization,dataset_metadata,dataset/num_songs,0,2026-09-09T08:28:00.032708Z,1
phase2_regularization,dataset_metadata,dataset/pre_holdout_valid_starts,0,2026-09-09T08:28:00.032784Z,27454
phase2_regularization,dataset_metadata,dataset/regime_active_prob,0,2026-09-09T08:28:00.033241Z,0.349999994
phase2_regularization,dataset_metadata,dataset/regime_low_prob,0,2026-09-09T08:28:00.033464Z,0.200000003
phase2_regularization,dataset_metadata,dataset/regime_transition_prob,0,2026-09-09T08:28:00.033354Z,0.3000000119
phase2_regularization,dataset_metadata,dataset/regime_uniform_prob,0,2026-09-09T08:28:00.033567Z,0.150000006
phase2_regularization,dataset_metadata,dataset/rejected_dead,0,2026-09-09T08:28:00.032819Z,0
phase2_regularization,dataset_metadata,dataset/starts_after_filter,0,2026-09-09T08:28:00.032791Z,23360
phase2_regularization,dataset_metadata,dataset/total_frames,0,2026-09-09T08:28:00.032741Z,30017
phase2_regularization,dataset_metadata,dataset/total_minutes,0,2026-09-09T08:28:00.032750Z,6.670319557
phase2_regularization,dataset_metadata,dataset/total_valid_starts,0,2026-09-09T08:28:00.032777Z,23360
phase2_regularization,model_metadata,model/params_M,0,2026-09-09T08:28:00.086580Z,4.089471817
phase2_regularization,model_metadata,model/use_encoder_decoder,0,2026-09-09T08:28:00.086609Z,1
phase2_regularization,training_aggregate,train/avg_acc_top1,1000,2026-09-09T08:28:52.761846Z,0.00183350977
phase2_regularization,training_aggregate,train/avg_acc_top1,2000,2026-09-09T08:29:42.653637Z,0.007575776894
phase2_regularization,training_aggregate,train/avg_acc_top1,3000,2026-09-09T08:30:32.750432Z,0.01246648189
phase2_regularization,training_aggregate,train/avg_acc_top1,4000,2026-09-09T08:31:22.731754Z,0.01820369065
phase2_regularization,training_aggregate,train/avg_acc_top1,5000,2026-09-09T08:32:17.116320Z,0.02139193378
phase2_regularization,training_aggregate,train/avg_acc_top1,6000,2026-09-09T08:33:06.553140Z,0.02568025142
phase2_regularization,training_aggregate,train/avg_acc_top1,7000,2026-09-09T08:33:57.695196Z,0.02841425873
phase2_regularization,training_aggregate,train/avg_acc_top1,8000,2026-09-09T08:34:56.235122Z,0.03031065501
phase2_regularization,training_aggregate,train/avg_acc_top1,9000,2026-09-09T08:35:55.417018Z,0.03360702842
phase2_regularization,training_aggregate,train/avg_acc_top1,10000,2026-09-09T08:36:52.654556Z,0.03591783717
phase2_regularization,training_aggregate,train/avg_acc_top1,11000,2026-09-09T08:37:46.974035Z,0.03729334846
phase2_regularization,training_aggregate,train/avg_acc_top1,12000,2026-09-09T08:38:47.202397Z,0.04109993204
phase2_regularization,training_aggregate,train/avg_acc_top1,13000,2026-09-09T08:39:44.269772Z,0.04204329103
phase2_regularization,training_aggregate,train/avg_acc_top1,14000,2026-09-09T08:40:39.614695Z,0.04270323366
phase2_regularization,training_aggregate,train/avg_acc_top1,15000,2026-09-09T08:41:38.735578Z,0.04461885616
phase2_regularization,training_aggregate,train/avg_acc_top1,16000,2026-09-09T08:42:38.945967Z,0.04528327286
phase2_regularization,training_aggregate,train/avg_acc_top1,17000,2026-09-09T08:43:38.876736Z,0.04702505842
phase2_regularization,training_aggregate,train/avg_acc_top1,18000,2026-09-09T08:44:36.303462Z,0.04895910621
phase2_regularization,training_aggregate,train/avg_acc_top1,19000,2026-09-09T08:45:32.111077Z,0.04944030941
phase2_regularization,training_aggregate,train/avg_acc_top1,20000,2026-09-09T08:46:32.369747Z,0.05056007951
phase2_regularization,training_aggregate,train/avg_acc_top1,21000,2026-09-09T08:47:29.206237Z,0.05202904716
phase2_regularization,training_aggregate,train/avg_acc_top1,22000,2026-09-09T08:48:23.751766Z,0.05393166095
phase2_regularization,training_aggregate,train/avg_acc_top1,23000,2026-09-09T08:49:21.232824Z,0.05428055301
phase2_regularization,training_aggregate,train/avg_acc_top1,24000,2026-09-09T08:50:16.518502Z,0.05607836694
phase2_regularization,training_aggregate,train/avg_acc_top1,25000,2026-09-09T08:51:15.536066Z,0.05591239035
phase2_regularization,training_aggregate,train/avg_acc_top1,26000,2026-09-09T08:52:32.360964Z,0.05705101043
phase2_regularization,training_aggregate,train/avg_acc_top1,27000,2026-09-09T08:53:25.574634Z,0.05796585977
phase2_regularization,training_aggregate,train/avg_acc_top1,28000,2026-09-09T08:54:25.329170Z,0.0589190647
phase2_regularization,training_aggregate,train/avg_acc_top1,29000,2026-09-09T08:55:24.613220Z,0.05964501575
phase2_regularization,training_aggregate,train/avg_acc_top1,30000,2026-09-09T08:56:22.610220Z,0.06194550544
phase2_regularization,training_aggregate,train/avg_acc_top1,31000,2026-09-09T08:57:22.647947Z,0.06158018485
phase2_regularization,training_aggregate,train/avg_acc_top1,32000,2026-09-09T08:58:21.594096Z,0.06280618906
phase2_regularization,training_aggregate,train/avg_acc_top1,33000,2026-09-09T08:59:14.930064Z,0.06516045332
phase2_regularization,training_aggregate,train/avg_acc_top1,34000,2026-09-09T09:00:12.492917Z,0.06425237656
phase2_regularization,training_aggregate,train/avg_acc_top1,35000,2026-09-09T09:01:09.068255Z,0.0650877282
phase2_regularization,training_aggregate,train/avg_acc_top1,36000,2026-09-09T09:02:09.197129Z,0.06625454873
phase2_regularization,training_aggregate,train/avg_acc_top1,37000,2026-09-09T09:03:06.783032Z,0.0662529543
phase2_regularization,training_aggregate,train/avg_acc_top1,38000,2026-09-09T09:04:02.430322Z,0.06825831532
phase2_regularization,training_aggregate,train/avg_acc_top1,39000,2026-09-09T09:04:59.884990Z,0.06914281845
phase2_regularization,training_aggregate,train/avg_acc_top1,40000,2026-09-09T09:05:55.747551Z,0.07035122812
phase2_regularization,training_aggregate,train/avg_acc_top1,41000,2026-09-09T09:06:52.231919Z,0.07022418082
phase2_regularization,training_aggregate,train/avg_acc_top1,42000,2026-09-09T09:07:49.075496Z,0.07197988778
phase2_regularization,training_aggregate,train/avg_acc_top1,43000,2026-09-09T09:08:48.076590Z,0.0713879019
phase2_regularization,training_aggregate,train/avg_acc_top1,44000,2026-09-09T09:09:48.829426Z,0.07297213376
phase2_regularization,training_aggregate,train/avg_acc_top1,45000,2026-09-09T09:10:45.994123Z,0.07392122597
phase2_regularization,training_aggregate,train/avg_acc_top1,46000,2026-09-09T09:11:46.864528Z,0.07439319789
phase2_regularization,training_aggregate,train/avg_acc_top1,47000,2026-09-09T09:12:46.210883Z,0.07555512339
phase2_regularization,training_aggregate,train/avg_acc_top1,48000,2026-09-09T09:13:45.413776Z,0.07674901187
phase2_regularization,training_aggregate,train/avg_acc_top1,49000,2026-09-09T09:14:44.003034Z,0.07710593939
phase2_regularization,training_aggregate,train/avg_acc_top1,50000,2026-09-09T09:15:37.175277Z,0.07741476595
phase2_regularization,training_aggregate,train/avg_acc_top1,51000,2026-09-09T09:16:58.293827Z,0.07698871195
phase2_regularization,training_aggregate,train/avg_acc_top1,52000,2026-09-09T09:17:58.453605Z,0.07928784192
phase2_regularization,training_aggregate,train/avg_acc_top1,53000,2026-09-09T09:18:53.910173Z,0.07878290862
phase2_regularization,training_aggregate,train/avg_acc_top1,54000,2026-09-09T09:19:50.715865Z,0.08069639653
phase2_regularization,training_aggregate,train/avg_acc_top1,55000,2026-09-09T09:20:51.221851Z,0.08060503751
phase2_regularization,training_aggregate,train/avg_acc_top1,56000,2026-09-09T09:21:47.376302Z,0.08162881434
phase2_regularization,training_aggregate,train/avg_acc_top1,57000,2026-09-09T09:22:45.199119Z,0.08238266408
phase2_regularization,training_aggregate,train/avg_acc_top1,58000,2026-09-09T09:23:42.262293Z,0.08216433227
phase2_regularization,training_aggregate,train/avg_acc_top1,59000,2026-09-09T09:24:36.469046Z,0.0842429623
phase2_regularization,training_aggregate,train/avg_acc_top1,60000,2026-09-09T09:25:32.391010Z,0.08461295813
phase2_regularization,training_aggregate,train/avg_acc_top1,61000,2026-09-09T09:26:30.950051Z,0.08500574529
phase2_regularization,training_aggregate,train/avg_acc_top1,62000,2026-09-09T09:27:28.889728Z,0.08616815507
phase2_regularization,training_aggregate,train/avg_acc_top1,63000,2026-09-09T09:28:31.857242Z,0.08771248907
phase2_regularization,training_aggregate,train/avg_acc_top1,64000,2026-09-09T09:29:27.053972Z,0.08781180531
phase2_regularization,training_aggregate,train/avg_acc_top1,65000,2026-09-09T09:30:29.013507Z,0.08883716166
phase2_regularization,training_aggregate,train/avg_acc_top1,66000,2026-09-09T09:31:28.942671Z,0.08959190547
phase2_regularization,training_aggregate,train/avg_acc_top1,67000,2026-09-09T09:32:24.537549Z,0.08971502632
phase2_regularization,training_aggregate,train/avg_acc_top1,68000,2026-09-09T09:33:18.506409Z,0.09228947014
phase2_regularization,training_aggregate,train/avg_acc_top1,69000,2026-09-09T09:34:18.095397Z,0.09269222617
phase2_regularization,training_aggregate,train/avg_acc_top1,70000,2026-09-09T09:35:19.219485Z,0.09259865433
phase2_regularization,training_aggregate,train/avg_acc_top1,71000,2026-09-09T09:36:19.731425Z,0.09467781335
phase2_regularization,training_aggregate,train/avg_acc_top1,72000,2026-09-09T09:37:20.015546Z,0.09627085924
phase2_regularization,training_aggregate,train/avg_acc_top1,73000,2026-09-09T09:38:21.733945Z,0.09559426457
phase2_regularization,training_aggregate,train/avg_acc_top1,74000,2026-09-09T09:39:19.350315Z,0.09723418206
phase2_regularization,training_aggregate,train/avg_acc_top1,75000,2026-09-09T09:40:20.207178Z,0.09704647958
phase2_regularization,training_aggregate,train/avg_acc_top1,76000,2026-09-09T09:41:37.140330Z,0.09685600549
phase2_regularization,training_aggregate,train/avg_acc_top1,77000,2026-09-09T09:42:32.745128Z,0.09901741147
phase2_regularization,training_aggregate,train/avg_acc_top1,78000,2026-09-09T09:43:31.212365Z,0.09935417026
phase2_regularization,training_aggregate,train/avg_acc_top1,79000,2026-09-09T09:44:28.948502Z,0.1000736207
phase2_regularization,training_aggregate,train/avg_acc_top1,80000,2026-09-09T09:45:23.589627Z,0.0999545455
phase2_regularization,training_aggregate,train/avg_acc_top1,81000,2026-09-09T09:46:21.499894Z,0.1003227457
phase2_regularization,training_aggregate,train/avg_acc_top1,82000,2026-09-09T09:47:21.571863Z,0.1016046703
phase2_regularization,training_aggregate,train/avg_acc_top1,83000,2026-09-09T09:48:21.620107Z,0.1011130214
phase2_regularization,training_aggregate,train/avg_acc_top1,84000,2026-09-09T09:49:18.743662Z,0.1039924026
phase2_regularization,training_aggregate,train/avg_acc_top1,85000,2026-09-09T09:50:17.975269Z,0.1044506431
phase2_regularization,training_aggregate,train/avg_acc_top1,86000,2026-09-09T09:51:13.352686Z,0.1045792028
phase2_regularization,training_aggregate,train/avg_acc_top1,87000,2026-09-09T09:52:09.312871Z,0.1051166728
phase2_regularization,training_aggregate,train/avg_acc_top1,88000,2026-09-09T09:53:06.404111Z,0.1069413275
phase2_regularization,training_aggregate,train/avg_acc_top1,89000,2026-09-09T09:54:04.552654Z,0.1063904911
phase2_regularization,training_aggregate,train/avg_acc_top1,90000,2026-09-09T09:54:58.559233Z,0.1069110483
phase2_regularization,training_aggregate,train/avg_acc_top1,91000,2026-09-09T09:55:53.681574Z,0.1089691669
phase2_regularization,training_aggregate,train/avg_acc_top1,92000,2026-09-09T09:56:52.683524Z,0.1095349267
phase2_regularization,training_aggregate,train/avg_acc_top1,93000,2026-09-09T09:57:50.627791Z,0.1093379557
phase2_regularization,training_aggregate,train/avg_acc_top1,94000,2026-09-09T09:58:52.726939Z,0.110800609
phase2_regularization,training_aggregate,train/avg_acc_top1,95000,2026-09-09T09:59:50.918052Z,0.11116907
phase2_regularization,training_aggregate,train/avg_acc_top1,96000,2026-09-09T10:00:50.171989Z,0.1116860062
phase2_regularization,training_aggregate,train/avg_acc_top1,97000,2026-09-09T10:01:45.546682Z,0.1120120212
phase2_regularization,training_aggregate,train/avg_acc_top1,98000,2026-09-09T10:02:43.469792Z,0.1128683612
phase2_regularization,training_aggregate,train/avg_acc_top1,99000,2026-09-09T10:03:41.990106Z,0.1129189134
phase2_regularization,training_aggregate,train/avg_acc_top1,100000,2026-09-09T10:04:36.947437Z,0.1143301204
phase2_regularization,training_aggregate,train/avg_acc_top1,101000,2026-09-09T10:05:58.508639Z,0.1148819402
phase2_regularization,training_aggregate,train/avg_acc_top1,102000,2026-09-09T10:06:55.502324Z,0.1148103625
phase2_regularization,training_aggregate,train/avg_acc_top1,103000,2026-09-09T10:07:51.749491Z,0.1158864424
phase2_regularization,training_aggregate,train/avg_acc_top1,104000,2026-09-09T10:08:50.331261Z,0.1152194887
phase2_regularization,training_aggregate,train/avg_acc_top1,105000,2026-09-09T10:09:48.345494Z,0.1161812544
phase2_regularization,training_aggregate,train/avg_acc_top1,106000,2026-09-09T10:10:44.594181Z,0.1172606274
phase2_regularization,training_aggregate,train/avg_acc_top1,107000,2026-09-09T10:11:41.307703Z,0.1178798676
phase2_regularization,training_aggregate,train/avg_acc_top1,108000,2026-09-09T10:12:40.200371Z,0.1185339987
phase2_regularization,training_aggregate,train/avg_acc_top1,109000,2026-09-09T10:13:32.349060Z,0.1180171892
phase2_regularization,training_aggregate,train/avg_acc_top1,110000,2026-09-09T10:14:33.748595Z,0.1191889793
phase2_regularization,training_aggregate,train/avg_acc_top1,111000,2026-09-09T10:15:32.088199Z,0.1192320585
phase2_regularization,training_aggregate,train/avg_acc_top1,112000,2026-09-09T10:16:27.624168Z,0.1192774624
phase2_regularization,training_aggregate,train/avg_acc_top1,113000,2026-09-09T10:17:25.649908Z,0.1194687635
phase2_regularization,training_aggregate,train/avg_acc_top1,114000,2026-09-09T10:18:22.393219Z,0.1192319691
phase2_regularization,training_aggregate,train/avg_acc_top1,115000,2026-09-09T10:19:22.007575Z,0.1195465922
phase2_regularization,training_aggregate,train/avg_acc_top1,116000,2026-09-09T10:20:19.267676Z,0.121773228
phase2_regularization,training_aggregate,train/avg_acc_top1,117000,2026-09-09T10:21:19.687250Z,0.1219064221
phase2_regularization,training_aggregate,train/avg_acc_top1,118000,2026-09-09T10:22:15.309970Z,0.1219519749
phase2_regularization,training_aggregate,train/avg_acc_top1,119000,2026-09-09T10:23:14.353100Z,0.1214257404
phase2_regularization,training_aggregate,train/avg_acc_top1,120000,2026-09-09T10:24:11.438936Z,0.1208748966
phase2_regularization,training_aggregate,train/avg_acc_top1,121000,2026-09-09T10:25:04.895081Z,0.1222047359
phase2_regularization,training_aggregate,train/avg_acc_top1,122000,2026-09-09T10:26:00.949237Z,0.1225982308
phase2_regularization,training_aggregate,train/avg_acc_top1,123000,2026-09-09T10:27:01.379345Z,0.1241618618
phase2_regularization,training_aggregate,train/avg_acc_top1,124000,2026-09-09T10:28:01.847892Z,0.1234745085
phase2_regularization,training_aggregate,train/avg_acc_top1,125000,2026-09-09T10:28:57.719534Z,0.1224899217
phase2_regularization,training_aggregate,train/avg_acc_top1,126000,2026-09-09T10:30:15.688266Z,0.1228737012
phase2_regularization,training_aggregate,train/avg_acc_top1,127000,2026-09-09T10:31:13.177988Z,0.1244543642
phase2_regularization,training_aggregate,train/avg_acc_top1,128000,2026-09-09T10:32:10.602906Z,0.1254516989
phase2_regularization,training_aggregate,train/avg_acc_top1,129000,2026-09-09T10:33:10.389790Z,0.1258986443
phase2_regularization,training_aggregate,train/avg_acc_top1,130000,2026-09-09T10:34:11.258250Z,0.1254492849
phase2_regularization,training_aggregate,train/avg_acc_top1,131000,2026-09-09T10:35:05.125030Z,0.1254858673
phase2_regularization,training_aggregate,train/avg_acc_top1,132000,2026-09-09T10:36:02.200871Z,0.1261040121
phase2_regularization,training_aggregate,train/avg_acc_top1,133000,2026-09-09T10:37:01.152326Z,0.1259509623
phase2_regularization,training_aggregate,train/avg_acc_top1,134000,2026-09-09T10:37:59.722671Z,0.125067085
phase2_regularization,training_aggregate,train/avg_acc_top1,135000,2026-09-09T10:38:59.393937Z,0.1274764389
phase2_regularization,training_aggregate,train/avg_acc_top1,136000,2026-09-09T10:40:00.676396Z,0.127585113
phase2_regularization,training_aggregate,train/avg_acc_top1,137000,2026-09-09T10:40:59.470152Z,0.1280231625
phase2_regularization,training_aggregate,train/avg_acc_top1,138000,2026-09-09T10:41:58.518406Z,0.1271851659
phase2_regularization,training_aggregate,train/avg_acc_top1,139000,2026-09-09T10:42:57.762386Z,0.1281673014
phase2_regularization,training_aggregate,train/avg_acc_top1,140000,2026-09-09T10:43:55.085423Z,0.1285088509
phase2_regularization,training_aggregate,train/avg_acc_top1,141000,2026-09-09T10:44:53.151185Z,0.1287923008
phase2_regularization,training_aggregate,train/avg_acc_top1,142000,2026-09-09T10:45:53.150490Z,0.1292090118
phase2_regularization,training_aggregate,train/avg_acc_top1,143000,2026-09-09T10:46:50.496676Z,0.129134357
phase2_regularization,training_aggregate,train/avg_acc_top1,144000,2026-09-09T10:47:44.338118Z,0.1292697638
phase2_regularization,training_aggregate,train/avg_acc_top1,145000,2026-09-09T10:48:36.610885Z,0.1294049025
phase2_regularization,training_aggregate,train/avg_acc_top1,146000,2026-09-09T10:49:36.450615Z,0.1284466237
phase2_regularization,training_aggregate,train/avg_acc_top1,147000,2026-09-09T10:50:41.182727Z,0.1305465847
phase2_regularization,training_aggregate,train/avg_acc_top1,148000,2026-09-09T10:51:43.640395Z,0.1306751519
phase2_regularization,training_aggregate,train/avg_acc_top1,149000,2026-09-09T10:52:47.420064Z,0.1297505051
phase2_regularization,training_aggregate,train/avg_acc_top1,150000,2026-09-09T10:53:52.144452Z,0.1312268376
phase2_regularization,training_aggregate,train/avg_acc_top1,151000,2026-09-09T10:55:21.785827Z,0.1311924309
phase2_regularization,training_aggregate,train/avg_acc_top1,152000,2026-09-09T10:56:22.616223Z,0.1305334568
phase2_regularization,training_aggregate,train/avg_acc_top1,153000,2026-09-09T10:57:24.590342Z,0.1300278753
phase2_regularization,training_aggregate,train/avg_acc_top1,154000,2026-09-09T10:58:23.524160Z,0.1302157789
phase2_regularization,training_aggregate,train/avg_acc_top1,155000,2026-09-09T10:59:22.579032Z,0.1306331158
phase2_regularization,training_aggregate,train/avg_acc_top1,156000,2026-09-09T11:00:21.069009Z,0.1297847331
phase2_regularization,training_aggregate,train/avg_acc_top1,157000,2026-09-09T11:01:26.147749Z,0.1308191419
phase2_regularization,training_aggregate,train/avg_acc_top1,158000,2026-09-09T11:02:30.274194Z,0.1316521317
phase2_regularization,training_aggregate,train/avg_acc_top1,159000,2026-09-09T11:03:29.778215Z,0.1322167665
phase2_regularization,training_aggregate,train/avg_acc_top1,160000,2026-09-09T11:04:29.816995Z,0.132297188
phase2_regularization,training_aggregate,train/avg_acc_top1,161000,2026-09-09T11:05:29.571698Z,0.1313651651
phase2_regularization,training_aggregate,train/avg_acc_top1,162000,2026-09-09T11:06:28.335889Z,0.1333187819
phase2_regularization,training_aggregate,train/avg_acc_top1,163000,2026-09-09T11:07:28.655607Z,0.1345533282
phase2_regularization,training_aggregate,train/avg_acc_top1,164000,2026-09-09T11:08:29.953403Z,0.1345400661
phase2_regularization,training_aggregate,train/avg_acc_top1,165000,2026-09-09T11:09:31.767775Z,0.1349656135
phase2_regularization,training_aggregate,train/avg_acc_top1,166000,2026-09-09T11:10:33.616472Z,0.133908689
phase2_regularization,training_aggregate,train/avg_acc_top1,167000,2026-09-09T11:11:33.717373Z,0.1339385509
phase2_regularization,training_aggregate,train/avg_acc_top1,168000,2026-09-09T11:12:36.077503Z,0.1343216002
phase2_regularization,training_aggregate,train/avg_acc_top1,169000,2026-09-09T11:13:36.901476Z,0.1346562505
phase2_regularization,training_aggregate,train/avg_acc_top1,170000,2026-09-09T11:14:39.877380Z,0.1358986795
phase2_regularization,training_aggregate,train/avg_acc_top1,171000,2026-09-09T11:15:39.910842Z,0.1367585659
phase2_regularization,training_aggregate,train/avg_acc_top1,172000,2026-09-09T11:16:40.566217Z,0.1357856244
phase2_regularization,training_aggregate,train/avg_acc_top1,173000,2026-09-09T11:17:40.560001Z,0.1345230639
phase2_regularization,training_aggregate,train/avg_acc_top1,174000,2026-09-09T11:18:40.317012Z,0.1355899125
phase2_regularization,training_aggregate,train/avg_acc_top1,175000,2026-09-09T11:19:41.642731Z,0.1334639788
phase2_regularization,training_aggregate,train/avg_acc_top1,176000,2026-09-09T11:21:03.922671Z,0.1357518286
phase2_regularization,training_aggregate,train/avg_acc_top1,177000,2026-09-09T11:22:03.750748Z,0.1355147213
phase2_regularization,training_aggregate,train/avg_acc_top1,178000,2026-09-09T11:23:05.227440Z,0.1369940042
phase2_regularization,training_aggregate,train/avg_acc_top1,179000,2026-09-09T11:24:03.198641Z,0.1364210397
phase2_regularization,training_aggregate,train/avg_acc_top1,180000,2026-09-09T11:25:05.693138Z,0.1351759732
phase2_regularization,training_aggregate,train/avg_acc_top1,181000,2026-09-09T11:26:06.068042Z,0.1365567893
phase2_regularization,training_aggregate,train/avg_acc_top1,182000,2026-09-09T11:27:07.674838Z,0.1366085112
phase2_regularization,training_aggregate,train/avg_acc_top1,183000,2026-09-09T11:28:07.315078Z,0.1369204074
phase2_regularization,training_aggregate,train/avg_acc_top1,184000,2026-09-09T11:29:08.670127Z,0.1377474517
phase2_regularization,training_aggregate,train/avg_acc_top1,185000,2026-09-09T11:30:07.057024Z,0.1383605748
phase2_regularization,training_aggregate,train/avg_acc_top1,186000,2026-09-09T11:31:09.830705Z,0.1375262439
phase2_regularization,training_aggregate,train/avg_acc_top1,187000,2026-09-09T11:32:11.851201Z,0.1387876123
phase2_regularization,training_aggregate,train/avg_acc_top1,188000,2026-09-09T11:33:14.537907Z,0.1360056102
phase2_regularization,training_aggregate,train/avg_acc_top1,189000,2026-09-09T11:34:19.097825Z,0.1378423274
phase2_regularization,training_aggregate,train/avg_acc_top1,190000,2026-09-09T11:35:22.328606Z,0.1369542927
phase2_regularization,training_aggregate,train/avg_acc_top1,191000,2026-09-09T11:36:25.025486Z,0.1392474622
phase2_regularization,training_aggregate,train/avg_acc_top1,192000,2026-09-09T11:37:26.969440Z,0.1389501393
phase2_regularization,training_aggregate,train/avg_acc_top1,193000,2026-09-09T11:38:28.448968Z,0.1381884515
phase2_regularization,training_aggregate,train/avg_acc_top1,194000,2026-09-09T11:39:32.409882Z,0.139117077
phase2_regularization,training_aggregate,train/avg_acc_top1,195000,2026-09-09T11:40:34.870108Z,0.139738068
phase2_regularization,training_aggregate,train/avg_acc_top1,196000,2026-09-09T11:41:36.749028Z,0.1385828853
phase2_regularization,training_aggregate,train/avg_acc_top1,197000,2026-09-09T11:42:37.449495Z,0.1394222975
phase2_regularization,training_aggregate,train/avg_acc_top1,198000,2026-09-09T11:43:39.718321Z,0.1386137009
phase2_regularization,training_aggregate,train/avg_acc_top1,199000,2026-09-09T11:44:40.640241Z,0.1400012672
phase2_regularization,training_aggregate,train/avg_acc_top1,200000,2026-09-09T11:45:39.504884Z,0.1403740197
phase2_regularization,training_aggregate,train/avg_acc_top1,201000,2026-09-09T11:47:05.800253Z,0.139771983
phase2_regularization,training_aggregate,train/avg_acc_top1,202000,2026-09-09T11:48:09.891554Z,0.1410734504
phase2_regularization,training_aggregate,train/avg_acc_top1,203000,2026-09-09T11:49:13.758109Z,0.1402988136
phase2_regularization,training_aggregate,train/avg_acc_top1,204000,2026-09-09T11:50:14.654724Z,0.1404252946
phase2_regularization,training_aggregate,train/avg_acc_top1,205000,2026-09-09T11:51:12.262591Z,0.1409193426
phase2_regularization,training_aggregate,train/avg_acc_top1,206000,2026-09-09T11:52:11.079943Z,0.1396155059
phase2_regularization,training_aggregate,train/avg_acc_top1,207000,2026-09-09T11:53:13.454994Z,0.1409552246
phase2_regularization,training_aggregate,train/avg_acc_top1,208000,2026-09-09T11:54:10.911520Z,0.1422688365
phase2_regularization,training_aggregate,train/avg_acc_top1,209000,2026-09-09T11:55:11.700511Z,0.1414740384
phase2_regularization,training_aggregate,train/avg_acc_top1,210000,2026-09-09T11:56:15.396107Z,0.1412037313
phase2_regularization,training_aggregate,train/avg_acc_top1,211000,2026-09-09T11:57:19.801816Z,0.1414423585
phase2_regularization,training_aggregate,train/avg_acc_top1,212000,2026-09-09T11:58:19.797310Z,0.1414977759
phase2_regularization,training_aggregate,train/avg_acc_top1,213000,2026-09-09T11:59:21.984269Z,0.1416089535
phase2_regularization,training_aggregate,train/avg_acc_top1,214000,2026-09-09T12:00:21.122223Z,0.1417783797
phase2_regularization,training_aggregate,train/avg_acc_top1,215000,2026-09-09T12:01:22.261353Z,0.1416613609
phase2_regularization,training_aggregate,train/avg_acc_top1,216000,2026-09-09T12:02:24.965236Z,0.1439119428
phase2_regularization,training_aggregate,train/avg_acc_top1,217000,2026-09-09T12:03:27.461971Z,0.1424151957
phase2_regularization,training_aggregate,train/avg_acc_top1,218000,2026-09-09T12:04:25.588228Z,0.141431421
phase2_regularization,training_aggregate,train/avg_acc_top1,219000,2026-09-09T12:05:26.877623Z,0.1422734708
phase2_regularization,training_aggregate,train/avg_acc_top1,220000,2026-09-09T12:06:27.568760Z,0.1433725357
phase2_regularization,training_aggregate,train/avg_acc_top1,221000,2026-09-09T12:07:28.425735Z,0.1429483443
phase2_regularization,training_aggregate,train/avg_acc_top1,222000,2026-09-09T12:08:30.117990Z,0.1425521672
phase2_regularization,training_aggregate,train/avg_acc_top1,223000,2026-09-09T12:09:27.628836Z,0.1432664692
phase2_regularization,training_aggregate,train/avg_acc_top1,224000,2026-09-09T12:10:29.843181Z,0.1422521174
phase2_regularization,training_aggregate,train/avg_acc_top1,225000,2026-09-09T12:11:27.365723Z,0.1427825689
phase2_regularization,training_aggregate,train/avg_acc_top1,226000,2026-09-09T12:12:46.503925Z,0.1442166567
phase2_regularization,training_aggregate,train/avg_acc_top1,227000,2026-09-09T12:13:50.494207Z,0.1446967423
phase2_regularization,training_aggregate,train/avg_acc_top1,228000,2026-09-09T12:14:54.629469Z,0.1439037323
phase2_regularization,training_aggregate,train/avg_acc_top1,229000,2026-09-09T12:15:55.616825Z,0.1450695246
phase2_regularization,training_aggregate,train/avg_acc_top1,230000,2026-09-09T12:16:57.042861Z,0.1446609497
phase2_regularization,training_aggregate,train/avg_acc_top1,231000,2026-09-09T12:18:02.627320Z,0.1440530717
phase2_regularization,training_aggregate,train/avg_acc_top1,232000,2026-09-09T12:19:05.448124Z,0.144685477
phase2_regularization,training_aggregate,train/avg_acc_top1,233000,2026-09-09T12:20:10.414738Z,0.1450833827
phase2_regularization,training_aggregate,train/avg_acc_top1,234000,2026-09-09T12:21:10.265294Z,0.1447758079
phase2_regularization,training_aggregate,train/avg_acc_top1,235000,2026-09-09T12:22:14.500642Z,0.1441891044
phase2_regularization,training_aggregate,train/avg_acc_top1,236000,2026-09-09T12:23:19.449895Z,0.1452168822
phase2_regularization,training_aggregate,train/avg_acc_top1,237000,2026-09-09T12:24:19.989429Z,0.1446460187
phase2_regularization,training_aggregate,train/avg_acc_top1,238000,2026-09-09T12:25:17.107122Z,0.1454487443
phase2_regularization,training_aggregate,train/avg_acc_top1,239000,2026-09-09T12:26:15.624157Z,0.1446872056
phase2_regularization,training_aggregate,train/avg_acc_top1,240000,2026-09-09T12:27:16.106228Z,0.1455911994
phase2_regularization,training_aggregate,train/avg_acc_top1,241000,2026-09-09T12:28:16.105804Z,0.1460313797
phase2_regularization,training_aggregate,train/avg_acc_top1,242000,2026-09-09T12:29:20.606479Z,0.1458926052
phase2_regularization,training_aggregate,train/avg_acc_top1,243000,2026-09-09T12:30:22.799520Z,0.1464729756
phase2_regularization,training_aggregate,train/avg_acc_top1,244000,2026-09-09T12:31:23.396342Z,0.146018222
phase2_regularization,training_aggregate,train/avg_acc_top1,245000,2026-09-09T12:32:23.072544Z,0.1465550065
phase2_regularization,training_aggregate,train/avg_acc_top1,246000,2026-09-09T12:33:16.743738Z,0.1458098888
phase2_regularization,training_aggregate,train/avg_acc_top1,247000,2026-09-09T12:34:16.215566Z,0.1452325732
phase2_regularization,training_aggregate,train/avg_acc_top1,248000,2026-09-09T12:35:14.626630Z,0.1457370222
phase2_regularization,training_aggregate,train/avg_acc_top1,249000,2026-09-09T12:36:13.720157Z,0.1460431963
phase2_regularization,training_aggregate,train/avg_acc_top1,250000,2026-09-09T12:37:14.622945Z,0.1485179663
phase2_regularization,training_aggregate,train/avg_acc_top1,251000,2026-09-09T12:38:37.881263Z,0.1467658728
phase2_regularization,training_aggregate,train/avg_acc_top1,252000,2026-09-09T12:39:32.934471Z,0.1453235149
phase2_regularization,training_aggregate,train/avg_acc_top1,253000,2026-09-09T12:40:32.478916Z,0.1465480477
phase2_regularization,training_aggregate,train/avg_acc_top1,254000,2026-09-09T12:41:33.082135Z,0.1472039223
phase2_regularization,training_aggregate,train/avg_acc_top1,255000,2026-09-09T12:42:31.068479Z,0.1493634433
phase2_regularization,training_aggregate,train/avg_acc_top1,256000,2026-09-09T12:43:31.266587Z,0.1479577571
phase2_regularization,training_aggregate,train/avg_acc_top1,257000,2026-09-09T12:44:28.992015Z,0.148198083
phase2_regularization,training_aggregate,train/avg_acc_top1,258000,2026-09-09T12:45:26.672378Z,0.1489195675
phase2_regularization,training_aggregate,train/avg_acc_top1,259000,2026-09-09T12:46:26.916914Z,0.1489404589
phase2_regularization,training_aggregate,train/avg_acc_top1,260000,2026-09-09T12:47:26.324460Z,0.1480920464
phase2_regularization,training_aggregate,train/avg_acc_top1,261000,2026-09-09T12:48:28.051190Z,0.1502793431
phase2_regularization,training_aggregate,train/avg_acc_top1,262000,2026-09-09T12:49:27.071445Z,0.1481359154
phase2_regularization,training_aggregate,train/avg_acc_top1,263000,2026-09-09T12:50:24.800103Z,0.1483860165
phase2_regularization,training_aggregate,train/avg_acc_top1,264000,2026-09-09T12:51:25.340333Z,0.1496156156
phase2_regularization,training_aggregate,train/avg_acc_top1,265000,2026-09-09T12:52:26.016753Z,0.149436608
phase2_regularization,training_aggregate,train/avg_acc_top1,266000,2026-09-09T12:53:23.198011Z,0.1508717388
phase2_regularization,training_aggregate,train/avg_acc_top1,267000,2026-09-09T12:54:22.159254Z,0.1483699083
phase2_regularization,training_aggregate,train/avg_acc_top1,268000,2026-09-09T12:55:24.234484Z,0.1501450986
phase2_regularization,training_aggregate,train/avg_acc_top1,269000,2026-09-09T12:56:25.112962Z,0.1512423456
phase2_regularization,training_aggregate,train/avg_acc_top1,270000,2026-09-09T12:57:25.487223Z,0.149185434
phase2_regularization,training_aggregate,train/avg_acc_top1,271000,2026-09-09T12:58:20.597552Z,0.1503342688
phase2_regularization,training_aggregate,train/avg_acc_top1,272000,2026-09-09T12:59:18.124101Z,0.1496851146
phase2_regularization,training_aggregate,train/avg_acc_top1,273000,2026-09-09T13:00:16.729176Z,0.1517607719
phase2_regularization,training_aggregate,train/avg_acc_top1,274000,2026-09-09T13:01:17.847522Z,0.1512260735
phase2_regularization,training_aggregate,train/avg_acc_top1,275000,2026-09-09T13:02:16.556823Z,0.1508669108
phase2_regularization,training_aggregate,train/avg_acc_top1,276000,2026-09-09T13:03:33.728715Z,0.1514737159
phase2_regularization,training_aggregate,train/avg_acc_top1,277000,2026-09-09T13:04:29.691172Z,0.1518971324
phase2_regularization,training_aggregate,train/avg_acc_top1,278000,2026-09-09T13:05:28.540345Z,0.151046589
phase2_regularization,training_aggregate,train/avg_acc_top1,279000,2026-09-09T13:06:24.198428Z,0.1511323154
phase2_regularization,training_aggregate,train/avg_acc_top1,280000,2026-09-09T13:07:18.330470Z,0.1524621695
phase2_regularization,training_aggregate,train/avg_acc_top1,281000,2026-09-09T13:08:17.548447Z,0.1512566358
phase2_regularization,training_aggregate,train/avg_acc_top1,282000,2026-09-09T13:09:17.683514Z,0.1509258747
phase2_regularization,training_aggregate,train/avg_acc_top1,283000,2026-09-09T13:10:15.434094Z,0.1510131806
phase2_regularization,training_aggregate,train/avg_acc_top1,284000,2026-09-09T13:11:09.769362Z,0.1523870677
phase2_regularization,training_aggregate,train/avg_acc_top1,285000,2026-09-09T13:12:03.361918Z,0.1541578919
phase2_regularization,training_aggregate,train/avg_acc_top1,286000,2026-09-09T13:13:01.820938Z,0.1538991779
phase2_regularization,training_aggregate,train/avg_acc_top1,287000,2026-09-09T13:13:59.887324Z,0.1518999934
phase2_regularization,training_aggregate,train/avg_acc_top1,288000,2026-09-09T13:14:54.376005Z,0.1543139964
phase2_regularization,training_aggregate,train/avg_acc_top1,289000,2026-09-09T13:15:56.319520Z,0.1539329439
phase2_regularization,training_aggregate,train/avg_acc_top1,290000,2026-09-09T13:16:59.361909Z,0.1530648619
phase2_regularization,training_aggregate,train/avg_acc_top1,291000,2026-09-09T13:18:00.037127Z,0.1540898979
phase2_regularization,training_aggregate,train/avg_acc_top1,292000,2026-09-09T13:18:57.616857Z,0.1538401693
phase2_regularization,training_aggregate,train/avg_acc_top1,293000,2026-09-09T13:19:55.334962Z,0.1539452523
phase2_regularization,training_aggregate,train/avg_acc_top1,294000,2026-09-09T13:20:53.302479Z,0.1566269994
phase2_regularization,training_aggregate,train/avg_acc_top1,295000,2026-09-09T13:21:53.998792Z,0.1545814723
phase2_regularization,training_aggregate,train/avg_acc_top1,296000,2026-09-09T13:22:54.303262Z,0.1556841284
phase2_regularization,training_aggregate,train/avg_acc_top1,297000,2026-09-09T13:23:51.147799Z,0.1546690762
phase2_regularization,training_aggregate,train/avg_acc_top1,298000,2026-09-09T13:24:50.918977Z,0.1562132984
phase2_regularization,training_aggregate,train/avg_acc_top1,299000,2026-09-09T13:25:47.547020Z,0.1559347361
phase2_regularization,training_aggregate,train/avg_acc_top1,300000,2026-09-09T13:26:49.240301Z,0.156450972
phase2_regularization,training_aggregate,train/avg_acc_top1,301000,2026-09-09T13:28:11.925426Z,0.1564971656
phase2_regularization,training_aggregate,train/avg_acc_top1,302000,2026-09-09T13:29:15.950614Z,0.1556717008
phase2_regularization,training_aggregate,train/avg_acc_top1,303000,2026-09-09T13:30:15.935179Z,0.1570072174
phase2_regularization,training_aggregate,train/avg_acc_top1,304000,2026-09-09T13:31:20.410653Z,0.1574245095
phase2_regularization,training_aggregate,train/avg_acc_top1,305000,2026-09-09T13:32:22.320479Z,0.1572866738
phase2_regularization,training_aggregate,train/avg_acc_top1,306000,2026-09-09T13:33:23.381684Z,0.15786466
phase2_regularization,training_aggregate,train/avg_acc_top1,307000,2026-09-09T13:34:22.376784Z,0.1577850282
phase2_regularization,training_aggregate,train/avg_acc_top1,308000,2026-09-09T13:35:21.302542Z,0.1575348079
phase2_regularization,training_aggregate,train/avg_acc_top1,309000,2026-09-09T13:36:22.418410Z,0.1580311954
phase2_regularization,training_aggregate,train/avg_acc_top1,310000,2026-09-09T13:37:19.625845Z,0.1588647366
phase2_regularization,training_aggregate,train/avg_acc_top1,311000,2026-09-09T13:38:17.500297Z,0.1583920717
phase2_regularization,training_aggregate,train/avg_acc_top1,312000,2026-09-09T13:39:18.781739Z,0.1605100781
phase2_regularization,training_aggregate,train/avg_acc_top1,313000,2026-09-09T13:40:17.709817Z,0.1602120399
phase2_regularization,training_aggregate,train/avg_acc_top1,314000,2026-09-09T13:41:16.838266Z,0.1630046666
phase2_regularization,training_aggregate,train/avg_acc_top1,315000,2026-09-09T13:42:16.259792Z,0.1627029032
phase2_regularization,training_aggregate,train/avg_acc_top1,316000,2026-09-09T13:43:15.040675Z,0.1627456397
phase2_regularization,training_aggregate,train/avg_acc_top1,317000,2026-09-09T13:44:11.382661Z,0.1627657562
phase2_regularization,training_aggregate,train/avg_acc_top1,318000,2026-09-09T13:45:10.882241Z,0.1637578309
phase2_regularization,training_aggregate,train/avg_acc_top1,319000,2026-09-09T13:46:14.959951Z,0.1645842046
phase2_regularization,training_aggregate,train/avg_acc_top1,320000,2026-09-09T13:47:16.230011Z,0.1626409739
phase2_regularization,training_aggregate,train/avg_acc_top1,321000,2026-09-09T13:48:17.039272Z,0.1659212261
phase2_regularization,training_aggregate,train/avg_acc_top1,322000,2026-09-09T13:49:19.720232Z,0.1667678803
phase2_regularization,training_aggregate,train/avg_acc_top1,323000,2026-09-09T13:50:19.442386Z,0.1669112742
phase2_regularization,training_aggregate,train/avg_acc_top1,324000,2026-09-09T13:51:22.823097Z,0.1677454263
phase2_regularization,training_aggregate,train/avg_acc_top1,325000,2026-09-09T13:52:23.308782Z,0.168141678
phase2_regularization,training_aggregate,train/avg_acc_top1,326000,2026-09-09T13:53:43.882780Z,0.1692945808
phase2_regularization,training_aggregate,train/avg_acc_top1,327000,2026-09-09T13:54:45.990054Z,0.1705414206
phase2_regularization,training_aggregate,train/avg_acc_top1,328000,2026-09-09T13:55:46.246211Z,0.1715520918
phase2_regularization,training_aggregate,train/avg_acc_top1,329000,2026-09-09T13:56:47.025273Z,0.1704075933
phase2_regularization,training_aggregate,train/avg_acc_top1,330000,2026-09-09T13:57:49.378992Z,0.1707725078
phase2_regularization,training_aggregate,train/avg_acc_top1,331000,2026-09-09T13:58:44.598927Z,0.1710849404
phase2_regularization,training_aggregate,train/avg_acc_top1,332000,2026-09-09T13:59:46.678487Z,0.1719456166
phase2_regularization,training_aggregate,train/avg_acc_top1,333000,2026-09-09T14:00:49.535823Z,0.1737545729
phase2_regularization,training_aggregate,train/avg_acc_top1,334000,2026-09-09T14:01:52.964005Z,0.1743502021
phase2_regularization,training_aggregate,train/avg_acc_top1,335000,2026-09-09T14:02:57.189384Z,0.1751841903
phase2_regularization,training_aggregate,train/avg_acc_top1,336000,2026-09-09T14:03:55.983773Z,0.173697874
phase2_regularization,training_aggregate,train/avg_acc_top1,337000,2026-09-09T14:04:58.755549Z,0.1749728918
phase2_regularization,training_aggregate,train/avg_acc_top1,338000,2026-09-09T14:05:57.853040Z,0.1754810214
phase2_regularization,training_aggregate,train/avg_acc_top1,339000,2026-09-09T14:06:57.470201Z,0.1774927825
phase2_regularization,training_aggregate,train/avg_acc_top1,340000,2026-09-09T14:07:56.750954Z,0.1769946069
phase2_regularization,training_aggregate,train/avg_acc_top1,341000,2026-09-09T14:08:56.553721Z,0.1773588657
phase2_regularization,training_aggregate,train/avg_acc_top1,342000,2026-09-09T14:09:54.521455Z,0.1764135063
phase2_regularization,training_aggregate,train/avg_acc_top1,343000,2026-09-09T14:10:50.076346Z,0.1775861681
phase2_regularization,training_aggregate,train/avg_acc_top1,344000,2026-09-09T14:11:49.471857Z,0.1787828952
phase2_regularization,training_aggregate,train/avg_acc_top1,345000,2026-09-09T14:12:48.662136Z,0.1799749881
phase2_regularization,training_aggregate,train/avg_acc_top1,346000,2026-09-09T14:13:51.859144Z,0.1783951074
phase2_regularization,training_aggregate,train/avg_acc_top1,347000,2026-09-09T14:14:48.161202Z,0.1805504262
phase2_regularization,training_aggregate,train/avg_acc_top1,348000,2026-09-09T14:15:47.961873Z,0.1777206808
phase2_regularization,training_aggregate,train/avg_acc_top1,349000,2026-09-09T14:16:42.824829Z,0.1794019341
phase2_regularization,training_aggregate,train/avg_acc_top1,350000,2026-09-09T14:17:39.339124Z,0.1790911704
phase2_regularization,training_aggregate,train/avg_acc_top1,351000,2026-09-09T14:19:05.679914Z,0.1808837056
phase2_regularization,training_aggregate,train/avg_acc_top1,352000,2026-09-09T14:20:08.129525Z,0.1818234921
phase2_regularization,training_aggregate,train/avg_acc_top1,353000,2026-09-09T14:21:08.933318Z,0.1826960295
phase2_regularization,training_aggregate,train/avg_acc_top1,354000,2026-09-09T14:22:07.811681Z,0.1819204986
phase2_regularization,training_aggregate,train/avg_acc_top1,355000,2026-09-09T14:23:07.531655Z,0.1806168556
phase2_regularization,training_aggregate,train/avg_acc_top1,356000,2026-09-09T14:24:07.436544Z,0.1815371215
phase2_regularization,training_aggregate,train/avg_acc_top1,357000,2026-09-09T14:25:09.404456Z,0.1834771931
phase2_regularization,training_aggregate,train/avg_acc_top1,358000,2026-09-09T14:26:08.042549Z,0.1835256815
phase2_regularization,training_aggregate,train/avg_acc_top1,359000,2026-09-09T14:27:08.212678Z,0.184898138
phase2_regularization,training_aggregate,train/avg_acc_top1,360000,2026-09-09T14:28:09.544217Z,0.1836762875
phase2_regularization,training_aggregate,train/avg_acc_top1,361000,2026-09-09T14:29:09.226514Z,0.1825725585
phase2_regularization,training_aggregate,train/avg_acc_top1,362000,2026-09-09T14:30:09.861908Z,0.186531812
phase2_regularization,training_aggregate,train/avg_acc_top1,363000,2026-09-09T14:31:11.952145Z,0.1871402413
phase2_regularization,training_aggregate,train/avg_acc_top1,364000,2026-09-09T14:32:09.020980Z,0.186473459
phase2_regularization,training_aggregate,train/avg_acc_top1,365000,2026-09-09T14:33:08.836557Z,0.1857502609
phase2_regularization,training_aggregate,train/avg_acc_top1,366000,2026-09-09T14:34:06.606030Z,0.1871615797
phase2_regularization,training_aggregate,train/avg_acc_top1,367000,2026-09-09T14:35:08.499442Z,0.1885659248
phase2_regularization,training_aggregate,train/avg_acc_top1,368000,2026-09-09T14:36:10.174322Z,0.1863151044
phase2_regularization,training_aggregate,train/avg_acc_top1,369000,2026-09-09T14:37:05.903900Z,0.1875703335
phase2_regularization,training_aggregate,train/avg_acc_top1,370000,2026-09-09T14:38:06.362342Z,0.1886245161
phase2_regularization,training_aggregate,train/avg_acc_top1,371000,2026-09-09T14:39:05.033805Z,0.1868441105
phase2_regularization,training_aggregate,train/avg_acc_top1,372000,2026-09-09T14:40:05.259948Z,0.1896041483
phase2_regularization,training_aggregate,train/avg_acc_top1,373000,2026-09-09T14:41:02.823380Z,0.1881782711
phase2_regularization,training_aggregate,train/avg_acc_top1,374000,2026-09-09T14:42:03.759499Z,0.1889505535
phase2_regularization,training_aggregate,train/avg_acc_top1,375000,2026-09-09T14:43:04.096159Z,0.1896376759
phase2_regularization,training_aggregate,train/avg_acc_top1,376000,2026-09-09T14:44:27.323840Z,0.1915109307
phase2_regularization,training_aggregate,train/avg_acc_top1,377000,2026-09-09T14:45:28.381119Z,0.1911725998
phase2_regularization,training_aggregate,train/avg_acc_top1,378000,2026-09-09T14:46:31.184220Z,0.191418469
phase2_regularization,training_aggregate,train/avg_acc_top1,379000,2026-09-09T14:47:32.853686Z,0.1906879693
phase2_regularization,training_aggregate,train/avg_acc_top1,380000,2026-09-09T14:48:31.882539Z,0.1905655265
phase2_regularization,training_aggregate,train/avg_acc_top1,381000,2026-09-09T14:49:33.161342Z,0.1921012551
phase2_regularization,training_aggregate,train/avg_acc_top1,382000,2026-09-09T14:50:32.023583Z,0.1918248385
phase2_regularization,training_aggregate,train/avg_acc_top1,383000,2026-09-09T14:51:32.057034Z,0.1929135472
phase2_regularization,training_aggregate,train/avg_acc_top1,384000,2026-09-09T14:52:32.046836Z,0.1939160228
phase2_regularization,training_aggregate,train/avg_acc_top1,385000,2026-09-09T14:53:29.986592Z,0.194195345
phase2_regularization,training_aggregate,train/avg_acc_top1,386000,2026-09-09T14:54:32.563504Z,0.1958744526
phase2_regularization,training_aggregate,train/avg_acc_top1,387000,2026-09-09T14:55:32.796018Z,0.1965682358
phase2_regularization,training_aggregate,train/avg_acc_top1,388000,2026-09-09T14:56:30.730016Z,0.1958048046
phase2_regularization,training_aggregate,train/avg_acc_top1,389000,2026-09-09T14:57:29.320085Z,0.1956938207
phase2_regularization,training_aggregate,train/avg_acc_top1,390000,2026-09-09T14:58:24.771242Z,0.1948633641
phase2_regularization,training_aggregate,train/avg_acc_top1,391000,2026-09-09T14:59:25.707768Z,0.1949612498
phase2_regularization,training_aggregate,train/avg_acc_top1,392000,2026-09-09T15:00:26.379157Z,0.1944112182
phase2_regularization,training_aggregate,train/avg_acc_top1,393000,2026-09-09T15:01:28.798498Z,0.1965254843
phase2_regularization,training_aggregate,train/avg_acc_top1,394000,2026-09-09T15:02:27.874245Z,0.19789958
phase2_regularization,training_aggregate,train/avg_acc_top1,395000,2026-09-09T15:03:26.963438Z,0.1977107823
phase2_regularization,training_aggregate,train/avg_acc_top1,396000,2026-09-09T15:04:28.847408Z,0.1970303357
phase2_regularization,training_aggregate,train/avg_acc_top1,397000,2026-09-09T15:05:29.433919Z,0.2002968192
phase2_regularization,training_aggregate,train/avg_acc_top1,398000,2026-09-09T15:06:30.791707Z,0.1983347982
phase2_regularization,training_aggregate,train/avg_acc_top1,399000,2026-09-09T15:07:28.002041Z,0.2004742622
phase2_regularization,training_aggregate,train/avg_acc_top1,400000,2026-09-09T15:08:26.647974Z,0.2005322874
phase2_regularization,training_aggregate,train/avg_acc_top1,401000,2026-09-09T15:09:52.431907Z,0.1992973238
phase2_regularization,training_aggregate,train/avg_acc_top1,402000,2026-09-09T15:10:53.993629Z,0.2008427233
phase2_regularization,training_aggregate,train/avg_acc_top1,403000,2026-09-09T15:11:54.987479Z,0.2021702081
phase2_regularization,training_aggregate,train/avg_acc_top1,404000,2026-09-09T15:12:54.944021Z,0.200417757
phase2_regularization,training_aggregate,train/avg_acc_top1,405000,2026-09-09T15:13:53.066649Z,0.2004547715
phase2_regularization,training_aggregate,train/avg_acc_top1,406000,2026-09-09T15:14:54.663894Z,0.2007068098
phase2_regularization,training_aggregate,train/avg_acc_top1,407000,2026-09-09T15:15:55.312229Z,0.2018895745
phase2_regularization,training_aggregate,train/avg_acc_top1,408000,2026-09-09T15:16:58.255412Z,0.2023476064
phase2_regularization,training_aggregate,train/avg_acc_top1,409000,2026-09-09T15:17:56.953054Z,0.2026984543
phase2_regularization,training_aggregate,train/avg_acc_top1,410000,2026-09-09T15:19:01.129166Z,0.2036899775
phase2_regularization,training_aggregate,train/avg_acc_top1,411000,2026-09-09T15:20:02.886744Z,0.2033937722
phase2_regularization,training_aggregate,train/avg_acc_top1,412000,2026-09-09T15:20:59.797652Z,0.2029132396
phase2_regularization,training_aggregate,train/avg_acc_top1,413000,2026-09-09T15:21:58.602873Z,0.2072428763
phase2_regularization,training_aggregate,train/avg_acc_top1,414000,2026-09-09T15:22:57.430870Z,0.2071066052
phase2_regularization,training_aggregate,train/avg_acc_top1,415000,2026-09-09T15:23:58.265321Z,0.2061719149
phase2_regularization,training_aggregate,train/avg_acc_top1,416000,2026-09-09T15:24:57.335083Z,0.2054445446
phase2_regularization,training_aggregate,train/avg_acc_top1,417000,2026-09-09T15:25:55.825744Z,0.2079682052
phase2_regularization,training_aggregate,train/avg_acc_top1,418000,2026-09-09T15:26:57.797915Z,0.2063019276
phase2_regularization,training_aggregate,train/avg_acc_top1,419000,2026-09-09T15:27:58.063668Z,0.208028242
phase2_regularization,training_aggregate,train/avg_acc_top1,420000,2026-09-09T15:28:56.254745Z,0.2075196356
phase2_regularization,training_aggregate,train/avg_acc_top1,421000,2026-09-09T15:29:51.447611Z,0.2068624794
phase2_regularization,training_aggregate,train/avg_acc_top1,422000,2026-09-09T15:30:49.622188Z,0.2070632279
phase2_regularization,training_aggregate,train/avg_acc_top1,423000,2026-09-09T15:31:50.301458Z,0.2075671256
phase2_regularization,training_aggregate,train/avg_acc_top1,424000,2026-09-09T15:32:47.878599Z,0.2090713978
phase2_regularization,training_aggregate,train/avg_acc_top1,425000,2026-09-09T15:33:47.250260Z,0.2087871134
phase2_regularization,training_aggregate,train/avg_acc_top1,426000,2026-09-09T15:35:07.606406Z,0.2115057707
phase2_regularization,training_aggregate,train/avg_acc_top1,427000,2026-09-09T15:36:05.342295Z,0.2104392499
phase2_regularization,training_aggregate,train/avg_acc_top1,428000,2026-09-09T15:37:06.735177Z,0.2094737589
phase2_regularization,training_aggregate,train/avg_acc_top1,429000,2026-09-09T15:38:09.276298Z,0.2111989856
phase2_regularization,training_aggregate,train/avg_acc_top1,430000,2026-09-09T15:39:06.072808Z,0.2110423595
phase2_regularization,training_aggregate,train/avg_acc_top1,431000,2026-09-09T15:40:04.622572Z,0.2115802914
phase2_regularization,training_aggregate,train/avg_acc_top1,432000,2026-09-09T15:41:01.526181Z,0.2126641273
phase2_regularization,training_aggregate,train/avg_acc_top1,433000,2026-09-09T15:41:59.541030Z,0.2119990736
phase2_regularization,training_aggregate,train/avg_acc_top1,434000,2026-09-09T15:42:56.978056Z,0.2134524733
phase2_regularization,training_aggregate,train/avg_acc_top1,435000,2026-09-09T15:43:52.429689Z,0.211240992
phase2_regularization,training_aggregate,train/avg_acc_top1,436000,2026-09-09T15:44:53.323396Z,0.2139904946
phase2_regularization,training_aggregate,train/avg_acc_top1,437000,2026-09-09T15:45:49.790535Z,0.2142023146
phase2_regularization,training_aggregate,train/avg_acc_top1,438000,2026-09-09T15:46:52.490526Z,0.2145959437
phase2_regularization,training_aggregate,train/avg_acc_top1,439000,2026-09-09T15:47:50.696733Z,0.2167485952
phase2_regularization,training_aggregate,train/avg_acc_top1,440000,2026-09-09T15:48:51.579012Z,0.217829451
phase2_regularization,training_aggregate,train/avg_acc_top1,441000,2026-09-09T15:49:53.054678Z,0.2159709632
phase2_regularization,training_aggregate,train/avg_acc_top1,442000,2026-09-09T15:50:51.098513Z,0.2164051235
phase2_regularization,training_aggregate,train/avg_acc_top1,443000,2026-09-09T15:51:51.950009Z,0.2168771178
phase2_regularization,training_aggregate,train/avg_acc_top1,444000,2026-09-09T15:52:54.783112Z,0.2174331993
phase2_regularization,training_aggregate,train/avg_acc_top1,445000,2026-09-09T15:53:55.400750Z,0.2179650813
phase2_regularization,training_aggregate,train/avg_acc_top1,446000,2026-09-09T15:54:56.968530Z,0.2184427679
phase2_regularization,training_aggregate,train/avg_acc_top1,447000,2026-09-09T15:55:56.518273Z,0.2187950611
phase2_regularization,training_aggregate,train/avg_acc_top1,448000,2026-09-09T15:56:56.885421Z,0.217381537
phase2_regularization,training_aggregate,train/avg_acc_top1,449000,2026-09-09T15:57:54.350053Z,0.2196401656
phase2_regularization,training_aggregate,train/avg_acc_top1,450000,2026-09-09T15:58:54.851165Z,0.2203554809
phase2_regularization,training_aggregate,train/avg_acc_top1,451000,2026-09-09T16:00:17.416544Z,0.2224449664
phase2_regularization,training_aggregate,train/avg_acc_top1,452000,2026-09-09T16:01:19.050363Z,0.2214802951
phase2_regularization,training_aggregate,train/avg_acc_top1,453000,2026-09-09T16:02:21.006252Z,0.2203966528
phase2_regularization,training_aggregate,train/avg_acc_top1,454000,2026-09-09T16:03:21.592601Z,0.220899418
phase2_regularization,training_aggregate,train/avg_acc_top1,455000,2026-09-09T16:04:21.266142Z,0.2227244973
phase2_regularization,training_aggregate,train/avg_acc_top1,456000,2026-09-09T16:05:20.412107Z,0.2217233479
phase2_regularization,training_aggregate,train/avg_acc_top1,457000,2026-09-09T16:06:22.538493Z,0.2243773639
phase2_regularization,training_aggregate,train/avg_acc_top1,458000,2026-09-09T16:07:21.544434Z,0.2230789363
phase2_regularization,training_aggregate,train/avg_acc_top1,459000,2026-09-09T16:08:17.765290Z,0.2217987478
phase2_regularization,training_aggregate,train/avg_acc_top1,460000,2026-09-09T16:09:17.375135Z,0.2239558101
phase2_regularization,training_aggregate,train/avg_acc_top1,461000,2026-09-09T16:10:14.915537Z,0.2265769392
phase2_regularization,training_aggregate,train/avg_acc_top1,462000,2026-09-09T16:11:13.451508Z,0.2255369276
phase2_regularization,training_aggregate,train/avg_acc_top1,463000,2026-09-09T16:12:16.694067Z,0.2263190448
phase2_regularization,training_aggregate,train/avg_acc_top1,464000,2026-09-09T16:13:10.477912Z,0.2263547331
phase2_regularization,training_aggregate,train/avg_acc_top1,465000,2026-09-09T16:14:11.098665Z,0.2266359031
phase2_regularization,training_aggregate,train/avg_acc_top1,466000,2026-09-09T16:15:10.993232Z,0.2260877937
phase2_regularization,training_aggregate,train/avg_acc_top1,467000,2026-09-09T16:16:06.574298Z,0.2262400538
phase2_regularization,training_aggregate,train/avg_acc_top1,468000,2026-09-09T16:17:04.708679Z,0.2277316004
phase2_regularization,training_aggregate,train/avg_acc_top1,469000,2026-09-09T16:18:01.472981Z,0.228441149
phase2_regularization,training_aggregate,train/avg_acc_top1,470000,2026-09-09T16:19:00.901921Z,0.2270679325
phase2_regularization,training_aggregate,train/avg_acc_top1,471000,2026-09-09T16:20:00.806786Z,0.2274570614
phase2_regularization,training_aggregate,train/avg_acc_top1,472000,2026-09-09T16:21:00.872967Z,0.2278739661
phase2_regularization,training_aggregate,train/avg_acc_top1,473000,2026-09-09T16:21:58.938527Z,0.2272682339
phase2_regularization,training_aggregate,train/avg_acc_top1,474000,2026-09-09T16:23:00.438777Z,0.2289987803
phase2_regularization,training_aggregate,train/avg_acc_top1,475000,2026-09-09T16:23:59.089266Z,0.2309425771
phase2_regularization,training_aggregate,train/avg_acc_top1,476000,2026-09-09T16:25:23.638808Z,0.2307143807
phase2_regularization,training_aggregate,train/avg_acc_top1,477000,2026-09-09T16:26:26.125427Z,0.2299020141
phase2_regularization,training_aggregate,train/avg_acc_top1,478000,2026-09-09T16:27:26.073618Z,0.2311131209
phase2_regularization,training_aggregate,train/avg_acc_top1,479000,2026-09-09T16:28:25.025724Z,0.2305788845
phase2_regularization,training_aggregate,train/avg_acc_top1,480000,2026-09-09T16:29:22.070317Z,0.2318427414
phase2_regularization,training_aggregate,train/avg_acc_top1,481000,2026-09-09T16:30:20.982667Z,0.2308049649
phase2_regularization,training_aggregate,train/avg_acc_top1,482000,2026-09-09T16:31:22.728925Z,0.2310540229
phase2_regularization,training_aggregate,train/avg_acc_top1,483000,2026-09-09T16:32:22.826077Z,0.2321979702
phase2_regularization,training_aggregate,train/avg_acc_top1,484000,2026-09-09T16:33:21.162673Z,0.2354555726
phase2_regularization,training_aggregate,train/avg_acc_top1,485000,2026-09-09T16:34:22.180137Z,0.2350528985
phase2_regularization,training_aggregate,train/avg_acc_top1,486000,2026-09-09T16:35:20.566997Z,0.2334322333
phase2_regularization,training_aggregate,train/avg_acc_top1,487000,2026-09-09T16:36:21.056751Z,0.2341041714
phase2_regularization,training_aggregate,train/avg_acc_top1,488000,2026-09-09T16:37:21.213748Z,0.236396566
phase2_regularization,training_aggregate,train/avg_acc_top1,489000,2026-09-09T16:38:24.489359Z,0.2360494137
phase2_regularization,training_aggregate,train/avg_acc_top1,490000,2026-09-09T16:39:21.087972Z,0.2338738889
phase2_regularization,training_aggregate,train/avg_acc_top1,491000,2026-09-09T16:40:17.771899Z,0.2364978045
phase2_regularization,training_aggregate,train/avg_acc_top1,492000,2026-09-09T16:41:17.182687Z,0.2359643728
phase2_regularization,training_aggregate,train/avg_acc_top1,493000,2026-09-09T16:42:12.110110Z,0.2349175513
phase2_regularization,training_aggregate,train/avg_acc_top1,494000,2026-09-09T16:43:09.367553Z,0.2359971255
phase2_regularization,training_aggregate,train/avg_acc_top1,495000,2026-09-09T16:44:07.807174Z,0.2367785424
phase2_regularization,training_aggregate,train/avg_acc_top1,496000,2026-09-09T16:45:10.007175Z,0.2382090837
phase2_regularization,training_aggregate,train/avg_acc_top1,497000,2026-09-09T16:46:13.630632Z,0.2356372178
phase2_regularization,training_aggregate,train/avg_acc_top1,498000,2026-09-09T16:47:12.699811Z,0.2364249825
phase2_regularization,training_aggregate,train/avg_acc_top1,499000,2026-09-09T16:48:14.165734Z,0.2375824302
phase2_regularization,training_aggregate,train/avg_acc_top1,500000,2026-09-09T16:49:14.967465Z,0.2375372499
phase2_regularization,training_aggregate,train/avg_acc_top1,501000,2026-09-09T16:50:38.209285Z,0.2386947423
phase2_regularization,training_aggregate,train/avg_acc_top1,502000,2026-09-09T16:51:43.664287Z,0.2388267815
phase2_regularization,training_aggregate,train/avg_acc_top1,503000,2026-09-09T16:52:52.212850Z,0.2398100346
phase2_regularization,training_aggregate,train/avg_acc_top1,504000,2026-09-09T16:54:02.791137Z,0.239094764
phase2_regularization,training_aggregate,train/avg_acc_top1,505000,2026-09-09T16:55:14.510111Z,0.238821581
phase2_regularization,training_aggregate,train/avg_acc_top1,506000,2026-09-09T16:56:23.796111Z,0.2398157865
phase2_regularization,training_aggregate,train/avg_acc_top1,507000,2026-09-09T16:57:34.175436Z,0.2428711802
phase2_regularization,training_aggregate,train/avg_acc_top1,508000,2026-09-09T16:58:47.053149Z,0.2415405363
phase2_regularization,training_aggregate,train/avg_acc_top1,509000,2026-09-09T16:59:57.813096Z,0.2430059314
phase2_regularization,training_aggregate,train/avg_acc_top1,510000,2026-09-09T17:01:10.403086Z,0.2401766926
phase2_regularization,training_aggregate,train/avg_acc_top1,511000,2026-09-09T17:02:21.606246Z,0.2432513386
phase2_regularization,training_aggregate,train/avg_acc_top1,512000,2026-09-09T17:03:32.017104Z,0.2415559143
phase2_regularization,training_aggregate,train/avg_acc_top1,513000,2026-09-09T17:04:43.111104Z,0.2420016527
phase2_regularization,training_aggregate,train/avg_acc_top1,514000,2026-09-09T17:05:53.636537Z,0.2453003973
phase2_regularization,training_aggregate,train/avg_acc_top1,515000,2026-09-09T17:07:04.255098Z,0.2430280596
phase2_regularization,training_aggregate,train/avg_acc_top1,516000,2026-09-09T17:08:14.821812Z,0.2432617694
phase2_regularization,training_aggregate,train/avg_acc_top1,517000,2026-09-09T17:09:25.723179Z,0.2446439117
phase2_regularization,training_aggregate,train/avg_acc_top1,518000,2026-09-09T17:10:36.951878Z,0.2443116903
phase2_regularization,training_aggregate,train/avg_acc_top1,519000,2026-09-09T17:11:48.252629Z,0.2431488782
phase2_regularization,training_aggregate,train/avg_acc_top1,520000,2026-09-09T17:12:59.043364Z,0.2454158366
phase2_regularization,training_aggregate,train/avg_acc_top1,521000,2026-09-09T17:14:09.636176Z,0.2434351295
phase2_regularization,training_aggregate,train/avg_acc_top1,522000,2026-09-09T17:15:20.616610Z,0.2420292199
phase2_regularization,training_aggregate,train/avg_acc_top1,523000,2026-09-09T17:16:30.623319Z,0.2459587604
phase2_regularization,training_aggregate,train/avg_acc_top1,524000,2026-09-09T17:17:41.592622Z,0.2435593307
phase2_regularization,training_aggregate,train/avg_acc_top1,525000,2026-09-09T17:18:52.078912Z,0.2436586916
phase2_regularization,training_aggregate,train/avg_acc_top1,526000,2026-09-09T17:20:52.582096Z,0.2441692501
phase2_regularization,training_aggregate,train/avg_acc_top1,527000,2026-09-09T17:22:03.155660Z,0.245600611
phase2_regularization,training_aggregate,train/avg_acc_top1,528000,2026-09-09T17:23:13.530406Z,0.2466837764
phase2_regularization,training_aggregate,train/avg_acc_top1,529000,2026-09-09T17:24:25.340097Z,0.2458138168
phase2_regularization,training_aggregate,train/avg_acc_top1,530000,2026-09-09T17:25:35.182379Z,0.2463863194
phase2_regularization,training_aggregate,train/avg_acc_top1,531000,2026-09-09T17:26:47.036801Z,0.2480080277
phase2_regularization,training_aggregate,train/avg_acc_top1,532000,2026-09-09T17:27:59.066948Z,0.24496454
phase2_regularization,training_aggregate,train/avg_acc_top1,533000,2026-09-09T17:29:09.478438Z,0.2484782785
phase2_regularization,training_aggregate,train/avg_acc_top1,534000,2026-09-09T17:30:20.509097Z,0.2457054853
phase2_regularization,training_aggregate,train/avg_acc_top1,535000,2026-09-09T17:31:30.322343Z,0.2490640134
phase2_regularization,training_aggregate,train/avg_acc_top1,536000,2026-09-09T17:32:41.978820Z,0.2481739372
phase2_regularization,training_aggregate,train/avg_acc_top1,537000,2026-09-09T17:33:52.567092Z,0.2459832728
phase2_regularization,training_aggregate,train/avg_acc_top1,538000,2026-09-09T17:35:02.923101Z,0.2487785518
phase2_regularization,training_aggregate,train/avg_acc_top1,539000,2026-09-09T17:36:14.971718Z,0.2464103699
phase2_regularization,training_aggregate,train/avg_acc_top1,540000,2026-09-09T17:37:26.914838Z,0.2482285351
phase2_regularization,training_aggregate,train/avg_acc_top1,541000,2026-09-09T17:38:38.428944Z,0.2494690716
phase2_regularization,training_aggregate,train/avg_acc_top1,542000,2026-09-09T17:39:49.522132Z,0.2477934062
phase2_regularization,training_aggregate,train/avg_acc_top1,543000,2026-09-09T17:41:00.767768Z,0.2480584681
phase2_regularization,training_aggregate,train/avg_acc_top1,544000,2026-09-09T17:42:12.151308Z,0.2484162748
phase2_regularization,training_aggregate,train/avg_acc_top1,545000,2026-09-09T17:43:23.241857Z,0.2495686114
phase2_regularization,training_aggregate,train/avg_acc_top1,546000,2026-09-09T17:44:33.281092Z,0.2490630895
phase2_regularization,training_aggregate,train/avg_acc_top1,547000,2026-09-09T17:45:44.303697Z,0.2494493127
phase2_regularization,training_aggregate,train/avg_acc_top1,548000,2026-09-09T17:46:56.969209Z,0.2495143265
phase2_regularization,training_aggregate,train/avg_acc_top1,549000,2026-09-09T17:48:07.978130Z,0.2485012263
phase2_regularization,training_aggregate,train/avg_acc_top1,550000,2026-09-09T17:49:20.091705Z,0.2504321337
phase2_regularization,training_aggregate,train/avg_acc_top1,551000,2026-09-09T17:51:22.303461Z,0.2501356006
phase2_regularization,training_aggregate,train/avg_acc_top1,552000,2026-09-09T17:52:34.103175Z,0.2508325279
phase2_regularization,training_aggregate,train/avg_acc_top1,553000,2026-09-09T17:53:45.577665Z,0.2500332892
phase2_regularization,training_aggregate,train/avg_acc_top1,554000,2026-09-09T17:54:56.958376Z,0.2501987219
phase2_regularization,training_aggregate,train/avg_acc_top1,555000,2026-09-09T17:56:08.613122Z,0.2497310936
phase2_regularization,training_aggregate,train/avg_acc_top1,556000,2026-09-09T17:57:19.625208Z,0.2519411147
phase2_regularization,training_aggregate,train/avg_acc_top1,557000,2026-09-09T17:58:31.579234Z,0.2511714697
phase2_regularization,training_aggregate,train/avg_acc_top1,558000,2026-09-09T17:59:42.454987Z,0.2513604462
phase2_regularization,training_aggregate,train/avg_acc_top1,559000,2026-09-09T18:00:53.354612Z,0.2511642575
phase2_regularization,training_aggregate,train/avg_acc_top1,560000,2026-09-09T18:02:04.203518Z,0.2520753145
phase2_regularization,training_aggregate,train/avg_acc_top1,561000,2026-09-09T18:03:14.688117Z,0.2496534735
phase2_regularization,training_aggregate,train/avg_acc_top1,562000,2026-09-09T18:04:26.948113Z,0.2507683337
phase2_regularization,training_aggregate,train/avg_acc_top1,563000,2026-09-09T18:05:36.958559Z,0.2516819239
phase2_regularization,training_aggregate,train/avg_acc_top1,564000,2026-09-09T18:06:49.015944Z,0.2538911998
phase2_regularization,training_aggregate,train/avg_acc_top1,565000,2026-09-09T18:07:59.651445Z,0.2534530759
phase2_regularization,training_aggregate,train/avg_acc_top1,566000,2026-09-09T18:09:10.329115Z,0.2526371181
phase2_regularization,training_aggregate,train/avg_acc_top1,567000,2026-09-09T18:10:21.062205Z,0.2534140348
phase2_regularization,training_aggregate,train/avg_acc_top1,568000,2026-09-09T18:11:32.644481Z,0.2527318895
phase2_regularization,training_aggregate,train/avg_acc_top1,569000,2026-09-09T18:12:43.658994Z,0.2526116669
phase2_regularization,training_aggregate,train/avg_acc_top1,570000,2026-09-09T18:13:49.346322Z,0.2541324496
phase2_regularization,training_aggregate,train/avg_acc_top1,571000,2026-09-09T18:14:51.138666Z,0.2543334365
phase2_regularization,training_aggregate,train/avg_acc_top1,572000,2026-09-09T18:15:53.022968Z,0.2534810305
phase2_regularization,training_aggregate,train/avg_acc_top1,573000,2026-09-09T18:16:51.731734Z,0.254825294
phase2_regularization,training_aggregate,train/avg_acc_top1,574000,2026-09-09T18:17:54.330007Z,0.253608942
phase2_regularization,training_aggregate,train/avg_acc_top1,575000,2026-09-09T18:18:54.276347Z,0.2553153634
phase2_regularization,training_aggregate,train/avg_acc_top1,576000,2026-09-09T18:20:14.672839Z,0.2539225221
phase2_regularization,training_aggregate,train/avg_acc_top1,577000,2026-09-09T18:21:14.129400Z,0.2556073964
phase2_regularization,training_aggregate,train/avg_acc_top1,578000,2026-09-09T18:22:16.104039Z,0.2566241324
phase2_regularization,training_aggregate,train/avg_acc_top1,579000,2026-09-09T18:23:14.782966Z,0.2553778291
phase2_regularization,training_aggregate,train/avg_acc_top1,580000,2026-09-09T18:24:17.319066Z,0.2548464239
phase2_regularization,training_aggregate,train/avg_acc_top1,581000,2026-09-09T18:25:20.649302Z,0.2565257847
phase2_regularization,training_aggregate,train/avg_acc_top1,582000,2026-09-09T18:26:16.509238Z,0.257027626
phase2_regularization,training_aggregate,train/avg_acc_top1,583000,2026-09-09T18:27:16.887453Z,0.2565763593
phase2_regularization,training_aggregate,train/avg_acc_top1,584000,2026-09-09T18:28:18.906889Z,0.2558091879
phase2_regularization,training_aggregate,train/avg_acc_top1,585000,2026-09-09T18:29:21.689149Z,0.2549916804
phase2_regularization,training_aggregate,train/avg_acc_top1,586000,2026-09-09T18:30:19.972018Z,0.2559008896
phase2_regularization,training_aggregate,train/avg_acc_top1,587000,2026-09-09T18:31:19.355054Z,0.2565707564
phase2_regularization,training_aggregate,train/avg_acc_top1,588000,2026-09-09T18:32:18.639216Z,0.2550254166
phase2_regularization,training_aggregate,train/avg_acc_top1,589000,2026-09-09T18:33:20.286619Z,0.2585749924
phase2_regularization,training_aggregate,train/avg_acc_top1,590000,2026-09-09T18:34:22.233757Z,0.2583066821
phase2_regularization,training_aggregate,train/avg_acc_top1,591000,2026-09-09T18:35:26.121050Z,0.2568668723
phase2_regularization,training_aggregate,train/avg_acc_top1,592000,2026-09-09T18:36:20.623993Z,0.2566556633
phase2_regularization,training_aggregate,train/avg_acc_top1,593000,2026-09-09T18:37:22.059214Z,0.2590774298
phase2_regularization,training_aggregate,train/avg_acc_top1,594000,2026-09-09T18:38:24.634769Z,0.2591698766
phase2_regularization,training_aggregate,train/avg_acc_top1,595000,2026-09-09T18:39:21.175287Z,0.258194387
phase2_regularization,training_aggregate,train/avg_acc_top1,596000,2026-09-09T18:40:21.816015Z,0.2582416832
phase2_regularization,training_aggregate,train/avg_acc_top1,597000,2026-09-09T18:41:24.422451Z,0.2592722476
phase2_regularization,training_aggregate,train/avg_acc_top1,598000,2026-09-09T18:42:25.980118Z,0.2591230869
phase2_regularization,training_aggregate,train/avg_acc_top1,599000,2026-09-09T18:43:26.706077Z,0.2581438124
phase2_regularization,training_aggregate,train/avg_acc_top1,600000,2026-09-09T18:44:23.009908Z,0.2596119344
phase2_regularization,training_aggregate,train/avg_acc_top5,1000,2026-09-09T08:28:52.761869Z,0.008163833059
phase2_regularization,training_aggregate,train/avg_acc_top5,2000,2026-09-09T08:29:42.653859Z,0.03170784935
phase2_regularization,training_aggregate,train/avg_acc_top5,3000,2026-09-09T08:30:32.750482Z,0.05331891775
phase2_regularization,training_aggregate,train/avg_acc_top5,4000,2026-09-09T08:31:22.731820Z,0.07267702371
phase2_regularization,training_aggregate,train/avg_acc_top5,5000,2026-09-09T08:32:17.116371Z,0.08393918723
phase2_regularization,training_aggregate,train/avg_acc_top5,6000,2026-09-09T08:33:06.553232Z,0.09357683361
phase2_regularization,training_aggregate,train/avg_acc_top5,7000,2026-09-09T08:33:57.695297Z,0.1018876657
phase2_regularization,training_aggregate,train/avg_acc_top5,8000,2026-09-09T08:34:56.235199Z,0.1080770865
phase2_regularization,training_aggregate,train/avg_acc_top5,9000,2026-09-09T08:35:55.417069Z,0.1166378334
phase2_regularization,training_aggregate,train/avg_acc_top5,10000,2026-09-09T08:36:52.654662Z,0.1237150207
phase2_regularization,training_aggregate,train/avg_acc_top5,11000,2026-09-09T08:37:46.974076Z,0.1277985722
phase2_regularization,training_aggregate,train/avg_acc_top5,12000,2026-09-09T08:38:47.202510Z,0.1370450854
phase2_regularization,training_aggregate,train/avg_acc_top5,13000,2026-09-09T08:39:44.269839Z,0.1411940902
phase2_regularization,training_aggregate,train/avg_acc_top5,14000,2026-09-09T08:40:39.614743Z,0.143073827
phase2_regularization,training_aggregate,train/avg_acc_top5,15000,2026-09-09T08:41:38.735643Z,0.1496320367
phase2_regularization,training_aggregate,train/avg_acc_top5,16000,2026-09-09T08:42:38.946064Z,0.1531924009
phase2_regularization,training_aggregate,train/avg_acc_top5,17000,2026-09-09T08:43:38.876847Z,0.1561441869
phase2_regularization,training_aggregate,train/avg_acc_top5,18000,2026-09-09T08:44:36.303545Z,0.1609798074
phase2_regularization,training_aggregate,train/avg_acc_top5,19000,2026-09-09T08:45:32.111177Z,0.1634633541
phase2_regularization,training_aggregate,train/avg_acc_top5,20000,2026-09-09T08:46:32.369804Z,0.1668016911
phase2_regularization,training_aggregate,train/avg_acc_top5,21000,2026-09-09T08:47:29.206331Z,0.1706786752
phase2_regularization,training_aggregate,train/avg_acc_top5,22000,2026-09-09T08:48:23.751891Z,0.1753189564
phase2_regularization,training_aggregate,train/avg_acc_top5,23000,2026-09-09T08:49:21.232875Z,0.1775287986
phase2_regularization,training_aggregate,train/avg_acc_top5,24000,2026-09-09T08:50:16.518597Z,0.1817135513
phase2_regularization,training_aggregate,train/avg_acc_top5,25000,2026-09-09T08:51:15.536173Z,0.1827428043
phase2_regularization,training_aggregate,train/avg_acc_top5,26000,2026-09-09T08:52:32.360995Z,0.1856501848
phase2_regularization,training_aggregate,train/avg_acc_top5,27000,2026-09-09T08:53:25.574722Z,0.189129293
phase2_regularization,training_aggregate,train/avg_acc_top5,28000,2026-09-09T08:54:25.329313Z,0.1926880479
phase2_regularization,training_aggregate,train/avg_acc_top5,29000,2026-09-09T08:55:24.613313Z,0.1947164387
phase2_regularization,training_aggregate,train/avg_acc_top5,30000,2026-09-09T08:56:22.610310Z,0.1988015026
phase2_regularization,training_aggregate,train/avg_acc_top5,31000,2026-09-09T08:57:22.647999Z,0.2011608183
phase2_regularization,training_aggregate,train/avg_acc_top5,32000,2026-09-09T08:58:21.594154Z,0.2024639249
phase2_regularization,training_aggregate,train/avg_acc_top5,33000,2026-09-09T08:59:14.930093Z,0.2079333216
phase2_regularization,training_aggregate,train/avg_acc_top5,34000,2026-09-09T09:00:12.493016Z,0.2086736262
phase2_regularization,training_aggregate,train/avg_acc_top5,35000,2026-09-09T09:01:09.068377Z,0.2100981176
phase2_regularization,training_aggregate,train/avg_acc_top5,36000,2026-09-09T09:02:09.197224Z,0.2139919102
phase2_regularization,training_aggregate,train/avg_acc_top5,37000,2026-09-09T09:03:06.783127Z,0.2140404284
phase2_regularization,training_aggregate,train/avg_acc_top5,38000,2026-09-09T09:04:02.430416Z,0.2182902694
phase2_regularization,training_aggregate,train/avg_acc_top5,39000,2026-09-09T09:04:59.885031Z,0.2226027548
phase2_regularization,training_aggregate,train/avg_acc_top5,40000,2026-09-09T09:05:55.747645Z,0.2256921679
phase2_regularization,training_aggregate,train/avg_acc_top5,41000,2026-09-09T09:06:52.231980Z,0.2253046185
phase2_regularization,training_aggregate,train/avg_acc_top5,42000,2026-09-09T09:07:49.075583Z,0.2300248295
phase2_regularization,training_aggregate,train/avg_acc_top5,43000,2026-09-09T09:08:48.076683Z,0.2302546054
phase2_regularization,training_aggregate,train/avg_acc_top5,44000,2026-09-09T09:09:48.829526Z,0.231689021
phase2_regularization,training_aggregate,train/avg_acc_top5,45000,2026-09-09T09:10:45.994234Z,0.2351833731
phase2_regularization,training_aggregate,train/avg_acc_top5,46000,2026-09-09T09:11:46.864579Z,0.2354866564
phase2_regularization,training_aggregate,train/avg_acc_top5,47000,2026-09-09T09:12:46.210937Z,0.2378380597
phase2_regularization,training_aggregate,train/avg_acc_top5,48000,2026-09-09T09:13:45.413876Z,0.2419950962
phase2_regularization,training_aggregate,train/avg_acc_top5,49000,2026-09-09T09:14:44.003103Z,0.2428790182
phase2_regularization,training_aggregate,train/avg_acc_top5,50000,2026-09-09T09:15:37.175328Z,0.2449388653
phase2_regularization,training_aggregate,train/avg_acc_top5,51000,2026-09-09T09:16:58.293942Z,0.2448793501
phase2_regularization,training_aggregate,train/avg_acc_top5,52000,2026-09-09T09:17:58.453655Z,0.2487787604
phase2_regularization,training_aggregate,train/avg_acc_top5,53000,2026-09-09T09:18:53.910223Z,0.248039633
phase2_regularization,training_aggregate,train/avg_acc_top5,54000,2026-09-09T09:19:50.715913Z,0.2511046827
phase2_regularization,training_aggregate,train/avg_acc_top5,55000,2026-09-09T09:20:51.221941Z,0.2520596981
phase2_regularization,training_aggregate,train/avg_acc_top5,56000,2026-09-09T09:21:47.376362Z,0.2545180917
phase2_regularization,training_aggregate,train/avg_acc_top5,57000,2026-09-09T09:22:45.199214Z,0.2556607425
phase2_regularization,training_aggregate,train/avg_acc_top5,58000,2026-09-09T09:23:42.262388Z,0.2549727261
phase2_regularization,training_aggregate,train/avg_acc_top5,59000,2026-09-09T09:24:36.469142Z,0.2619477808
phase2_regularization,training_aggregate,train/avg_acc_top5,60000,2026-09-09T09:25:32.391101Z,0.261788547
phase2_regularization,training_aggregate,train/avg_acc_top5,61000,2026-09-09T09:26:30.950148Z,0.2619303763
phase2_regularization,training_aggregate,train/avg_acc_top5,62000,2026-09-09T09:27:28.889836Z,0.2660246193
phase2_regularization,training_aggregate,train/avg_acc_top5,63000,2026-09-09T09:28:31.857356Z,0.2663130462
phase2_regularization,training_aggregate,train/avg_acc_top5,64000,2026-09-09T09:29:27.054058Z,0.2675515115
phase2_regularization,training_aggregate,train/avg_acc_top5,65000,2026-09-09T09:30:29.013599Z,0.2712735534
phase2_regularization,training_aggregate,train/avg_acc_top5,66000,2026-09-09T09:31:28.942837Z,0.2716109455
phase2_regularization,training_aggregate,train/avg_acc_top5,67000,2026-09-09T09:32:24.537616Z,0.2740116417
phase2_regularization,training_aggregate,train/avg_acc_top5,68000,2026-09-09T09:33:18.506519Z,0.2764100432
phase2_regularization,training_aggregate,train/avg_acc_top5,69000,2026-09-09T09:34:18.095510Z,0.2776873708
phase2_regularization,training_aggregate,train/avg_acc_top5,70000,2026-09-09T09:35:19.219578Z,0.2773781717
phase2_regularization,training_aggregate,train/avg_acc_top5,71000,2026-09-09T09:36:19.731517Z,0.282079339
phase2_regularization,training_aggregate,train/avg_acc_top5,72000,2026-09-09T09:37:20.015649Z,0.2869512737
phase2_regularization,training_aggregate,train/avg_acc_top5,73000,2026-09-09T09:38:21.734026Z,0.2880286872
phase2_regularization,training_aggregate,train/avg_acc_top5,74000,2026-09-09T09:39:19.350418Z,0.2889366746
phase2_regularization,training_aggregate,train/avg_acc_top5,75000,2026-09-09T09:40:20.207246Z,0.2895083427
phase2_regularization,training_aggregate,train/avg_acc_top5,76000,2026-09-09T09:41:37.140385Z,0.288769871
phase2_regularization,training_aggregate,train/avg_acc_top5,77000,2026-09-09T09:42:32.745178Z,0.2931625843
phase2_regularization,training_aggregate,train/avg_acc_top5,78000,2026-09-09T09:43:31.212459Z,0.2931687832
phase2_regularization,training_aggregate,train/avg_acc_top5,79000,2026-09-09T09:44:28.948568Z,0.2954704762
phase2_regularization,training_aggregate,train/avg_acc_top5,80000,2026-09-09T09:45:23.589730Z,0.2957902253
phase2_regularization,training_aggregate,train/avg_acc_top5,81000,2026-09-09T09:46:21.499990Z,0.2962737679
phase2_regularization,training_aggregate,train/avg_acc_top5,82000,2026-09-09T09:47:21.571981Z,0.29839468
phase2_regularization,training_aggregate,train/avg_acc_top5,83000,2026-09-09T09:48:21.620200Z,0.3000066876
phase2_regularization,training_aggregate,train/avg_acc_top5,84000,2026-09-09T09:49:18.743750Z,0.3036655486
phase2_regularization,training_aggregate,train/avg_acc_top5,85000,2026-09-09T09:50:17.975355Z,0.304757148
phase2_regularization,training_aggregate,train/avg_acc_top5,86000,2026-09-09T09:51:13.352778Z,0.3071482182
phase2_regularization,training_aggregate,train/avg_acc_top5,87000,2026-09-09T09:52:09.312966Z,0.3071828485
phase2_regularization,training_aggregate,train/avg_acc_top5,88000,2026-09-09T09:53:06.404230Z,0.3110421002
phase2_regularization,training_aggregate,train/avg_acc_top5,89000,2026-09-09T09:54:04.552753Z,0.3095998466
phase2_regularization,training_aggregate,train/avg_acc_top5,90000,2026-09-09T09:54:58.559326Z,0.3107189238
phase2_regularization,training_aggregate,train/avg_acc_top5,91000,2026-09-09T09:55:53.681675Z,0.3145867288
phase2_regularization,training_aggregate,train/avg_acc_top5,92000,2026-09-09T09:56:52.683618Z,0.3157244325
phase2_regularization,training_aggregate,train/avg_acc_top5,93000,2026-09-09T09:57:50.627893Z,0.3163909614
phase2_regularization,training_aggregate,train/avg_acc_top5,94000,2026-09-09T09:58:52.727054Z,0.3183034062
phase2_regularization,training_aggregate,train/avg_acc_top5,95000,2026-09-09T09:59:50.918160Z,0.3193376958
phase2_regularization,training_aggregate,train/avg_acc_top5,96000,2026-09-09T10:00:50.172076Z,0.3210783303
phase2_regularization,training_aggregate,train/avg_acc_top5,97000,2026-09-09T10:01:45.546765Z,0.320133239
phase2_regularization,training_aggregate,train/avg_acc_top5,98000,2026-09-09T10:02:43.469894Z,0.324305445
phase2_regularization,training_aggregate,train/avg_acc_top5,99000,2026-09-09T10:03:41.990167Z,0.3238716125
phase2_regularization,training_aggregate,train/avg_acc_top5,100000,2026-09-09T10:04:36.947522Z,0.3262134194
phase2_regularization,training_aggregate,train/avg_acc_top5,101000,2026-09-09T10:05:58.508745Z,0.3274385631
phase2_regularization,training_aggregate,train/avg_acc_top5,102000,2026-09-09T10:06:55.502373Z,0.3263659477
phase2_regularization,training_aggregate,train/avg_acc_top5,103000,2026-09-09T10:07:51.749559Z,0.3297808766
phase2_regularization,training_aggregate,train/avg_acc_top5,104000,2026-09-09T10:08:50.331309Z,0.3300319314
phase2_regularization,training_aggregate,train/avg_acc_top5,105000,2026-09-09T10:09:48.345589Z,0.3317238092
phase2_regularization,training_aggregate,train/avg_acc_top5,106000,2026-09-09T10:10:44.594272Z,0.3312443495
phase2_regularization,training_aggregate,train/avg_acc_top5,107000,2026-09-09T10:11:41.307772Z,0.3344010115
phase2_regularization,training_aggregate,train/avg_acc_top5,108000,2026-09-09T10:12:40.200463Z,0.3359822035
phase2_regularization,training_aggregate,train/avg_acc_top5,109000,2026-09-09T10:13:32.349152Z,0.3343347013
phase2_regularization,training_aggregate,train/avg_acc_top5,110000,2026-09-09T10:14:33.748657Z,0.3369627893
phase2_regularization,training_aggregate,train/avg_acc_top5,111000,2026-09-09T10:15:32.088291Z,0.3365519345
phase2_regularization,training_aggregate,train/avg_acc_top5,112000,2026-09-09T10:16:27.624246Z,0.338870734
phase2_regularization,training_aggregate,train/avg_acc_top5,113000,2026-09-09T10:17:25.650045Z,0.3378317952
phase2_regularization,training_aggregate,train/avg_acc_top5,114000,2026-09-09T10:18:22.393313Z,0.3368971348
phase2_regularization,training_aggregate,train/avg_acc_top5,115000,2026-09-09T10:19:22.007662Z,0.3373929262
phase2_regularization,training_aggregate,train/avg_acc_top5,116000,2026-09-09T10:20:19.267803Z,0.3383045793
phase2_regularization,training_aggregate,train/avg_acc_top5,117000,2026-09-09T10:21:19.687299Z,0.341263473
phase2_regularization,training_aggregate,train/avg_acc_top5,118000,2026-09-09T10:22:15.310037Z,0.3439121842
phase2_regularization,training_aggregate,train/avg_acc_top5,119000,2026-09-09T10:23:14.353201Z,0.3412421048
phase2_regularization,training_aggregate,train/avg_acc_top5,120000,2026-09-09T10:24:11.439034Z,0.3428879678
phase2_regularization,training_aggregate,train/avg_acc_top5,121000,2026-09-09T10:25:04.895128Z,0.3428145051
phase2_regularization,training_aggregate,train/avg_acc_top5,122000,2026-09-09T10:26:00.949373Z,0.3441602588
phase2_regularization,training_aggregate,train/avg_acc_top5,123000,2026-09-09T10:27:01.379444Z,0.3446947336
phase2_regularization,training_aggregate,train/avg_acc_top5,124000,2026-09-09T10:28:01.847941Z,0.3460677564
phase2_regularization,training_aggregate,train/avg_acc_top5,125000,2026-09-09T10:28:57.719583Z,0.3439772129
phase2_regularization,training_aggregate,train/avg_acc_top5,126000,2026-09-09T10:30:15.688390Z,0.3466925323
phase2_regularization,training_aggregate,train/avg_acc_top5,127000,2026-09-09T10:31:13.178081Z,0.3490105867
phase2_regularization,training_aggregate,train/avg_acc_top5,128000,2026-09-09T10:32:10.602955Z,0.3491405845
phase2_regularization,training_aggregate,train/avg_acc_top5,129000,2026-09-09T10:33:10.389946Z,0.3501419425
phase2_regularization,training_aggregate,train/avg_acc_top5,130000,2026-09-09T10:34:11.258347Z,0.3485116661
phase2_regularization,training_aggregate,train/avg_acc_top5,131000,2026-09-09T10:35:05.125126Z,0.349409163
phase2_regularization,training_aggregate,train/avg_acc_top5,132000,2026-09-09T10:36:02.200925Z,0.3482738733
phase2_regularization,training_aggregate,train/avg_acc_top5,133000,2026-09-09T10:37:01.152425Z,0.3515309691
phase2_regularization,training_aggregate,train/avg_acc_top5,134000,2026-09-09T10:37:59.722765Z,0.3492803276
phase2_regularization,training_aggregate,train/avg_acc_top5,135000,2026-09-09T10:38:59.393988Z,0.3543395102
phase2_regularization,training_aggregate,train/avg_acc_top5,136000,2026-09-09T10:40:00.676492Z,0.3532339334
phase2_regularization,training_aggregate,train/avg_acc_top5,137000,2026-09-09T10:40:59.470205Z,0.3557595015
phase2_regularization,training_aggregate,train/avg_acc_top5,138000,2026-09-09T10:41:58.518515Z,0.3530753851
phase2_regularization,training_aggregate,train/avg_acc_top5,139000,2026-09-09T10:42:57.762492Z,0.35488832
phase2_regularization,training_aggregate,train/avg_acc_top5,140000,2026-09-09T10:43:55.085529Z,0.3558601141
phase2_regularization,training_aggregate,train/avg_acc_top5,141000,2026-09-09T10:44:53.151245Z,0.3569330871
phase2_regularization,training_aggregate,train/avg_acc_top5,142000,2026-09-09T10:45:53.150588Z,0.357709527
phase2_regularization,training_aggregate,train/avg_acc_top5,143000,2026-09-09T10:46:50.496774Z,0.3573729098
phase2_regularization,training_aggregate,train/avg_acc_top5,144000,2026-09-09T10:47:44.338223Z,0.3556941748
phase2_regularization,training_aggregate,train/avg_acc_top5,145000,2026-09-09T10:48:36.610982Z,0.3577191532
phase2_regularization,training_aggregate,train/avg_acc_top5,146000,2026-09-09T10:49:36.450711Z,0.3572509587
phase2_regularization,training_aggregate,train/avg_acc_top5,147000,2026-09-09T10:50:41.182862Z,0.3590508103
phase2_regularization,training_aggregate,train/avg_acc_top5,148000,2026-09-09T10:51:43.640525Z,0.3598105609
phase2_regularization,training_aggregate,train/avg_acc_top5,149000,2026-09-09T10:52:47.420130Z,0.3610107601
phase2_regularization,training_aggregate,train/avg_acc_top5,150000,2026-09-09T10:53:52.144548Z,0.3603497148
phase2_regularization,training_aggregate,train/avg_acc_top5,151000,2026-09-09T10:55:21.785926Z,0.3606369197
phase2_regularization,training_aggregate,train/avg_acc_top5,152000,2026-09-09T10:56:22.616322Z,0.3595514297
phase2_regularization,training_aggregate,train/avg_acc_top5,153000,2026-09-09T10:57:24.590438Z,0.3573122025
phase2_regularization,training_aggregate,train/avg_acc_top5,154000,2026-09-09T10:58:23.524266Z,0.3572821915
phase2_regularization,training_aggregate,train/avg_acc_top5,155000,2026-09-09T10:59:22.579143Z,0.3600876927
phase2_regularization,training_aggregate,train/avg_acc_top5,156000,2026-09-09T11:00:21.069113Z,0.3583650291
phase2_regularization,training_aggregate,train/avg_acc_top5,157000,2026-09-09T11:01:26.147843Z,0.3579992652
phase2_regularization,training_aggregate,train/avg_acc_top5,158000,2026-09-09T11:02:30.274292Z,0.3618205488
phase2_regularization,training_aggregate,train/avg_acc_top5,159000,2026-09-09T11:03:29.778355Z,0.3609314859
phase2_regularization,training_aggregate,train/avg_acc_top5,160000,2026-09-09T11:04:29.817103Z,0.3641871512
phase2_regularization,training_aggregate,train/avg_acc_top5,161000,2026-09-09T11:05:29.571804Z,0.3622401655
phase2_regularization,training_aggregate,train/avg_acc_top5,162000,2026-09-09T11:06:28.335995Z,0.3641299307
phase2_regularization,training_aggregate,train/avg_acc_top5,163000,2026-09-09T11:07:28.655670Z,0.3655679524
phase2_regularization,training_aggregate,train/avg_acc_top5,164000,2026-09-09T11:08:29.953502Z,0.3661296368
phase2_regularization,training_aggregate,train/avg_acc_top5,165000,2026-09-09T11:09:31.767916Z,0.3665676713
phase2_regularization,training_aggregate,train/avg_acc_top5,166000,2026-09-09T11:10:33.616557Z,0.3663688302
phase2_regularization,training_aggregate,train/avg_acc_top5,167000,2026-09-09T11:11:33.717472Z,0.3657180965
phase2_regularization,training_aggregate,train/avg_acc_top5,168000,2026-09-09T11:12:36.077604Z,0.3642756343
phase2_regularization,training_aggregate,train/avg_acc_top5,169000,2026-09-09T11:13:36.901560Z,0.3663175702
phase2_regularization,training_aggregate,train/avg_acc_top5,170000,2026-09-09T11:14:39.877479Z,0.3685749471
phase2_regularization,training_aggregate,train/avg_acc_top5,171000,2026-09-09T11:15:39.910946Z,0.3702600896
phase2_regularization,training_aggregate,train/avg_acc_top5,172000,2026-09-09T11:16:40.566321Z,0.3689117134
phase2_regularization,training_aggregate,train/avg_acc_top5,173000,2026-09-09T11:17:40.560101Z,0.3663871586
phase2_regularization,training_aggregate,train/avg_acc_top5,174000,2026-09-09T11:18:40.317127Z,0.3699275553
phase2_regularization,training_aggregate,train/avg_acc_top5,175000,2026-09-09T11:19:41.642828Z,0.3653592765
phase2_regularization,training_aggregate,train/avg_acc_top5,176000,2026-09-09T11:21:03.922775Z,0.3700021505
phase2_regularization,training_aggregate,train/avg_acc_top5,177000,2026-09-09T11:22:03.750897Z,0.3690911233
phase2_regularization,training_aggregate,train/avg_acc_top5,178000,2026-09-09T11:23:05.227559Z,0.3713225424
phase2_regularization,training_aggregate,train/avg_acc_top5,179000,2026-09-09T11:24:03.198754Z,0.3707894385
phase2_regularization,training_aggregate,train/avg_acc_top5,180000,2026-09-09T11:25:05.693238Z,0.3693467081
phase2_regularization,training_aggregate,train/avg_acc_top5,181000,2026-09-09T11:26:06.068165Z,0.3712165356
phase2_regularization,training_aggregate,train/avg_acc_top5,182000,2026-09-09T11:27:07.674946Z,0.3719869256
phase2_regularization,training_aggregate,train/avg_acc_top5,183000,2026-09-09T11:28:07.315170Z,0.3712955713
phase2_regularization,training_aggregate,train/avg_acc_top5,184000,2026-09-09T11:29:08.670225Z,0.3689138293
phase2_regularization,training_aggregate,train/avg_acc_top5,185000,2026-09-09T11:30:07.057155Z,0.3747442961
phase2_regularization,training_aggregate,train/avg_acc_top5,186000,2026-09-09T11:31:09.830809Z,0.3726089895
phase2_regularization,training_aggregate,train/avg_acc_top5,187000,2026-09-09T11:32:11.851297Z,0.3750970662
phase2_regularization,training_aggregate,train/avg_acc_top5,188000,2026-09-09T11:33:14.538018Z,0.3701148927
phase2_regularization,training_aggregate,train/avg_acc_top5,189000,2026-09-09T11:34:19.097927Z,0.3730705976
phase2_regularization,training_aggregate,train/avg_acc_top5,190000,2026-09-09T11:35:22.328691Z,0.3730326295
phase2_regularization,training_aggregate,train/avg_acc_top5,191000,2026-09-09T11:36:25.025584Z,0.3768466413
phase2_regularization,training_aggregate,train/avg_acc_top5,192000,2026-09-09T11:37:26.969555Z,0.374368012
phase2_regularization,training_aggregate,train/avg_acc_top5,193000,2026-09-09T11:38:28.449101Z,0.3739203811
phase2_regularization,training_aggregate,train/avg_acc_top5,194000,2026-09-09T11:39:32.410010Z,0.376023978
phase2_regularization,training_aggregate,train/avg_acc_top5,195000,2026-09-09T11:40:34.870209Z,0.3752276897
phase2_regularization,training_aggregate,train/avg_acc_top5,196000,2026-09-09T11:41:36.749127Z,0.3740854859
phase2_regularization,training_aggregate,train/avg_acc_top5,197000,2026-09-09T11:42:37.449642Z,0.3773387074
phase2_regularization,training_aggregate,train/avg_acc_top5,198000,2026-09-09T11:43:39.718447Z,0.3750673831
phase2_regularization,training_aggregate,train/avg_acc_top5,199000,2026-09-09T11:44:40.640368Z,0.3777754903
phase2_regularization,training_aggregate,train/avg_acc_top5,200000,2026-09-09T11:45:39.504994Z,0.3763529658
phase2_regularization,training_aggregate,train/avg_acc_top5,201000,2026-09-09T11:47:05.800315Z,0.3741671741
phase2_regularization,training_aggregate,train/avg_acc_top5,202000,2026-09-09T11:48:09.891636Z,0.3809371591
phase2_regularization,training_aggregate,train/avg_acc_top5,203000,2026-09-09T11:49:13.758209Z,0.3772285283
phase2_regularization,training_aggregate,train/avg_acc_top5,204000,2026-09-09T11:50:14.654821Z,0.3784663677
phase2_regularization,training_aggregate,train/avg_acc_top5,205000,2026-09-09T11:51:12.262711Z,0.3775547445
phase2_regularization,training_aggregate,train/avg_acc_top5,206000,2026-09-09T11:52:11.080040Z,0.3767174184
phase2_regularization,training_aggregate,train/avg_acc_top5,207000,2026-09-09T11:53:13.455052Z,0.3782708645
phase2_regularization,training_aggregate,train/avg_acc_top5,208000,2026-09-09T11:54:10.911647Z,0.3798799515
phase2_regularization,training_aggregate,train/avg_acc_top5,209000,2026-09-09T11:55:11.700608Z,0.3804475963
phase2_regularization,training_aggregate,train/avg_acc_top5,210000,2026-09-09T11:56:15.396165Z,0.3788465858
phase2_regularization,training_aggregate,train/avg_acc_top5,211000,2026-09-09T11:57:19.801904Z,0.3802993
phase2_regularization,training_aggregate,train/avg_acc_top5,212000,2026-09-09T11:58:19.797412Z,0.3801441491
phase2_regularization,training_aggregate,train/avg_acc_top5,213000,2026-09-09T11:59:21.984375Z,0.3806465566
phase2_regularization,training_aggregate,train/avg_acc_top5,214000,2026-09-09T12:00:21.122343Z,0.3784202337
phase2_regularization,training_aggregate,train/avg_acc_top5,215000,2026-09-09T12:01:22.261456Z,0.3790513873
phase2_regularization,training_aggregate,train/avg_acc_top5,216000,2026-09-09T12:02:24.965436Z,0.3833036125
phase2_regularization,training_aggregate,train/avg_acc_top5,217000,2026-09-09T12:03:27.462094Z,0.3828239143
phase2_regularization,training_aggregate,train/avg_acc_top5,218000,2026-09-09T12:04:25.588280Z,0.3820205033
phase2_regularization,training_aggregate,train/avg_acc_top5,219000,2026-09-09T12:05:26.877739Z,0.3830288947
phase2_regularization,training_aggregate,train/avg_acc_top5,220000,2026-09-09T12:06:27.568829Z,0.3830921054
phase2_regularization,training_aggregate,train/avg_acc_top5,221000,2026-09-09T12:07:28.425852Z,0.3831676245
phase2_regularization,training_aggregate,train/avg_acc_top5,222000,2026-09-09T12:08:30.118124Z,0.3807997108
phase2_regularization,training_aggregate,train/avg_acc_top5,223000,2026-09-09T12:09:27.629111Z,0.3811234236
phase2_regularization,training_aggregate,train/avg_acc_top5,224000,2026-09-09T12:10:29.843285Z,0.381491363
phase2_regularization,training_aggregate,train/avg_acc_top5,225000,2026-09-09T12:11:27.365790Z,0.3831193149
phase2_regularization,training_aggregate,train/avg_acc_top5,226000,2026-09-09T12:12:46.504061Z,0.383903563
phase2_regularization,training_aggregate,train/avg_acc_top5,227000,2026-09-09T12:13:50.494288Z,0.3844242692
phase2_regularization,training_aggregate,train/avg_acc_top5,228000,2026-09-09T12:14:54.629570Z,0.3838576674
phase2_regularization,training_aggregate,train/avg_acc_top5,229000,2026-09-09T12:15:55.616962Z,0.3857595026
phase2_regularization,training_aggregate,train/avg_acc_top5,230000,2026-09-09T12:16:57.042979Z,0.3862698674
phase2_regularization,training_aggregate,train/avg_acc_top5,231000,2026-09-09T12:18:02.627419Z,0.385718435
phase2_regularization,training_aggregate,train/avg_acc_top5,232000,2026-09-09T12:19:05.448265Z,0.3851832747
phase2_regularization,training_aggregate,train/avg_acc_top5,233000,2026-09-09T12:20:10.414852Z,0.3860927224
phase2_regularization,training_aggregate,train/avg_acc_top5,234000,2026-09-09T12:21:10.265400Z,0.3869882226
phase2_regularization,training_aggregate,train/avg_acc_top5,235000,2026-09-09T12:22:14.500754Z,0.3832159638
phase2_regularization,training_aggregate,train/avg_acc_top5,236000,2026-09-09T12:23:19.450013Z,0.3853063583
phase2_regularization,training_aggregate,train/avg_acc_top5,237000,2026-09-09T12:24:19.989552Z,0.3852929473
phase2_regularization,training_aggregate,train/avg_acc_top5,238000,2026-09-09T12:25:17.107234Z,0.3856523931
phase2_regularization,training_aggregate,train/avg_acc_top5,239000,2026-09-09T12:26:15.624228Z,0.3857295513
phase2_regularization,training_aggregate,train/avg_acc_top5,240000,2026-09-09T12:27:16.106281Z,0.388002336
phase2_regularization,training_aggregate,train/avg_acc_top5,241000,2026-09-09T12:28:16.105922Z,0.3888935149
phase2_regularization,training_aggregate,train/avg_acc_top5,242000,2026-09-09T12:29:20.606597Z,0.3887480497
phase2_regularization,training_aggregate,train/avg_acc_top5,243000,2026-09-09T12:30:22.799635Z,0.3888939619
phase2_regularization,training_aggregate,train/avg_acc_top5,244000,2026-09-09T12:31:23.396453Z,0.3886622787
phase2_regularization,training_aggregate,train/avg_acc_top5,245000,2026-09-09T12:32:23.072641Z,0.3882722557
phase2_regularization,training_aggregate,train/avg_acc_top5,246000,2026-09-09T12:33:16.743843Z,0.3876332641
phase2_regularization,training_aggregate,train/avg_acc_top5,247000,2026-09-09T12:34:16.215674Z,0.3876697123
phase2_regularization,training_aggregate,train/avg_acc_top5,248000,2026-09-09T12:35:14.626747Z,0.388320148
phase2_regularization,training_aggregate,train/avg_acc_top5,249000,2026-09-09T12:36:13.720210Z,0.3878774643
phase2_regularization,training_aggregate,train/avg_acc_top5,250000,2026-09-09T12:37:14.622998Z,0.3917216957
phase2_regularization,training_aggregate,train/avg_acc_top5,251000,2026-09-09T12:38:37.881391Z,0.3891294301
phase2_regularization,training_aggregate,train/avg_acc_top5,252000,2026-09-09T12:39:32.934572Z,0.3861352503
phase2_regularization,training_aggregate,train/avg_acc_top5,253000,2026-09-09T12:40:32.479018Z,0.3896452785
phase2_regularization,training_aggregate,train/avg_acc_top5,254000,2026-09-09T12:41:33.082245Z,0.3911607862
phase2_regularization,training_aggregate,train/avg_acc_top5,255000,2026-09-09T12:42:31.068560Z,0.3949216902
phase2_regularization,training_aggregate,train/avg_acc_top5,256000,2026-09-09T12:43:31.266683Z,0.3901229203
phase2_regularization,training_aggregate,train/avg_acc_top5,257000,2026-09-09T12:44:28.992136Z,0.3921026886
phase2_regularization,training_aggregate,train/avg_acc_top5,258000,2026-09-09T12:45:26.672446Z,0.3933298886
phase2_regularization,training_aggregate,train/avg_acc_top5,259000,2026-09-09T12:46:26.916968Z,0.3942478597
phase2_regularization,training_aggregate,train/avg_acc_top5,260000,2026-09-09T12:47:26.324566Z,0.3933509886
phase2_regularization,training_aggregate,train/avg_acc_top5,261000,2026-09-09T12:48:28.051298Z,0.3960294724
phase2_regularization,training_aggregate,train/avg_acc_top5,262000,2026-09-09T12:49:27.071543Z,0.393579334
phase2_regularization,training_aggregate,train/avg_acc_top5,263000,2026-09-09T12:50:24.800167Z,0.3935599327
phase2_regularization,training_aggregate,train/avg_acc_top5,264000,2026-09-09T12:51:25.340433Z,0.3976213336
phase2_regularization,training_aggregate,train/avg_acc_top5,265000,2026-09-09T12:52:26.016851Z,0.3934167624
phase2_regularization,training_aggregate,train/avg_acc_top5,266000,2026-09-09T12:53:23.198135Z,0.3966158032
phase2_regularization,training_aggregate,train/avg_acc_top5,267000,2026-09-09T12:54:22.159353Z,0.3928993046
phase2_regularization,training_aggregate,train/avg_acc_top5,268000,2026-09-09T12:55:24.234547Z,0.3950691819
phase2_regularization,training_aggregate,train/avg_acc_top5,269000,2026-09-09T12:56:25.113025Z,0.3968025744
phase2_regularization,training_aggregate,train/avg_acc_top5,270000,2026-09-09T12:57:25.487291Z,0.3936663568
phase2_regularization,training_aggregate,train/avg_acc_top5,271000,2026-09-09T12:58:20.597611Z,0.3974013925
phase2_regularization,training_aggregate,train/avg_acc_top5,272000,2026-09-09T12:59:18.124233Z,0.3943417966
phase2_regularization,training_aggregate,train/avg_acc_top5,273000,2026-09-09T13:00:16.729275Z,0.3998524547
phase2_regularization,training_aggregate,train/avg_acc_top5,274000,2026-09-09T13:01:17.847577Z,0.3984306157
phase2_regularization,training_aggregate,train/avg_acc_top5,275000,2026-09-09T13:02:16.556911Z,0.3952158988
phase2_regularization,training_aggregate,train/avg_acc_top5,276000,2026-09-09T13:03:33.728879Z,0.3969708085
phase2_regularization,training_aggregate,train/avg_acc_top5,277000,2026-09-09T13:04:29.691273Z,0.3985697031
phase2_regularization,training_aggregate,train/avg_acc_top5,278000,2026-09-09T13:05:28.540420Z,0.3993554413
phase2_regularization,training_aggregate,train/avg_acc_top5,279000,2026-09-09T13:06:24.198529Z,0.3964210451
phase2_regularization,training_aggregate,train/avg_acc_top5,280000,2026-09-09T13:07:18.330567Z,0.3988650143
phase2_regularization,training_aggregate,train/avg_acc_top5,281000,2026-09-09T13:08:17.548540Z,0.3988828957
phase2_regularization,training_aggregate,train/avg_acc_top5,282000,2026-09-09T13:09:17.683580Z,0.3974209428
phase2_regularization,training_aggregate,train/avg_acc_top5,283000,2026-09-09T13:10:15.434178Z,0.3954926133
phase2_regularization,training_aggregate,train/avg_acc_top5,284000,2026-09-09T13:11:09.769452Z,0.3991799057
phase2_regularization,training_aggregate,train/avg_acc_top5,285000,2026-09-09T13:12:03.362030Z,0.401563257
phase2_regularization,training_aggregate,train/avg_acc_top5,286000,2026-09-09T13:13:01.821039Z,0.4008876681
phase2_regularization,training_aggregate,train/avg_acc_top5,287000,2026-09-09T13:13:59.887416Z,0.3994932473
phase2_regularization,training_aggregate,train/avg_acc_top5,288000,2026-09-09T13:14:54.376074Z,0.4019954205
phase2_regularization,training_aggregate,train/avg_acc_top5,289000,2026-09-09T13:15:56.319624Z,0.4014833868
phase2_regularization,training_aggregate,train/avg_acc_top5,290000,2026-09-09T13:16:59.362049Z,0.4006515741
phase2_regularization,training_aggregate,train/avg_acc_top5,291000,2026-09-09T13:18:00.037236Z,0.4023826122
phase2_regularization,training_aggregate,train/avg_acc_top5,292000,2026-09-09T13:18:57.616961Z,0.4019770324
phase2_regularization,training_aggregate,train/avg_acc_top5,293000,2026-09-09T13:19:55.335016Z,0.4012588263
phase2_regularization,training_aggregate,train/avg_acc_top5,294000,2026-09-09T13:20:53.302589Z,0.406490922
phase2_regularization,training_aggregate,train/avg_acc_top5,295000,2026-09-09T13:21:53.998876Z,0.4021392167
phase2_regularization,training_aggregate,train/avg_acc_top5,296000,2026-09-09T13:22:54.303360Z,0.4058028758
phase2_regularization,training_aggregate,train/avg_acc_top5,297000,2026-09-09T13:23:51.147918Z,0.4032170773
phase2_regularization,training_aggregate,train/avg_acc_top5,298000,2026-09-09T13:24:50.919076Z,0.4057189524
phase2_regularization,training_aggregate,train/avg_acc_top5,299000,2026-09-09T13:25:47.547063Z,0.4038409591
phase2_regularization,training_aggregate,train/avg_acc_top5,300000,2026-09-09T13:26:49.240401Z,0.4040783942
phase2_regularization,training_aggregate,train/avg_acc_top5,301000,2026-09-09T13:28:11.925535Z,0.4063265324
phase2_regularization,training_aggregate,train/avg_acc_top5,302000,2026-09-09T13:29:15.950712Z,0.4045259356
phase2_regularization,training_aggregate,train/avg_acc_top5,303000,2026-09-09T13:30:15.935279Z,0.4069376588
phase2_regularization,training_aggregate,train/avg_acc_top5,304000,2026-09-09T13:31:20.410760Z,0.4066625237
phase2_regularization,training_aggregate,train/avg_acc_top5,305000,2026-09-09T13:32:22.320533Z,0.4079308212
phase2_regularization,training_aggregate,train/avg_acc_top5,306000,2026-09-09T13:33:23.381745Z,0.4084035158
phase2_regularization,training_aggregate,train/avg_acc_top5,307000,2026-09-09T13:34:22.376894Z,0.4057614207
phase2_regularization,training_aggregate,train/avg_acc_top5,308000,2026-09-09T13:35:21.302604Z,0.4082430899
phase2_regularization,training_aggregate,train/avg_acc_top5,309000,2026-09-09T13:36:22.418462Z,0.4073960185
phase2_regularization,training_aggregate,train/avg_acc_top5,310000,2026-09-09T13:37:19.625994Z,0.4089680314
phase2_regularization,training_aggregate,train/avg_acc_top5,311000,2026-09-09T13:38:17.500412Z,0.4075092971
phase2_regularization,training_aggregate,train/avg_acc_top5,312000,2026-09-09T13:39:18.781805Z,0.4120883942
phase2_regularization,training_aggregate,train/avg_acc_top5,313000,2026-09-09T13:40:17.709894Z,0.4116920829
phase2_regularization,training_aggregate,train/avg_acc_top5,314000,2026-09-09T13:41:16.838361Z,0.4135762751
phase2_regularization,training_aggregate,train/avg_acc_top5,315000,2026-09-09T13:42:16.259896Z,0.4124298394
phase2_regularization,training_aggregate,train/avg_acc_top5,316000,2026-09-09T13:43:15.040780Z,0.4142858088
phase2_regularization,training_aggregate,train/avg_acc_top5,317000,2026-09-09T13:44:11.382760Z,0.412989974
phase2_regularization,training_aggregate,train/avg_acc_top5,318000,2026-09-09T13:45:10.882349Z,0.4139098525
phase2_regularization,training_aggregate,train/avg_acc_top5,319000,2026-09-09T13:46:14.960099Z,0.4161440134
phase2_regularization,training_aggregate,train/avg_acc_top5,320000,2026-09-09T13:47:16.230067Z,0.414293319
phase2_regularization,training_aggregate,train/avg_acc_top5,321000,2026-09-09T13:48:17.039372Z,0.4179747105
phase2_regularization,training_aggregate,train/avg_acc_top5,322000,2026-09-09T13:49:19.720316Z,0.4177737534
phase2_regularization,training_aggregate,train/avg_acc_top5,323000,2026-09-09T13:50:19.442486Z,0.4173400402
phase2_regularization,training_aggregate,train/avg_acc_top5,324000,2026-09-09T13:51:22.823203Z,0.4201726913
phase2_regularization,training_aggregate,train/avg_acc_top5,325000,2026-09-09T13:52:23.308945Z,0.4200869203
phase2_regularization,training_aggregate,train/avg_acc_top5,326000,2026-09-09T13:53:43.882904Z,0.4201143384
phase2_regularization,training_aggregate,train/avg_acc_top5,327000,2026-09-09T13:54:45.990105Z,0.4228156507
phase2_regularization,training_aggregate,train/avg_acc_top5,328000,2026-09-09T13:55:46.246318Z,0.4229807258
phase2_regularization,training_aggregate,train/avg_acc_top5,329000,2026-09-09T13:56:47.025399Z,0.4225435853
phase2_regularization,training_aggregate,train/avg_acc_top5,330000,2026-09-09T13:57:49.379054Z,0.4226604402
phase2_regularization,training_aggregate,train/avg_acc_top5,331000,2026-09-09T13:58:44.599034Z,0.4229423702
phase2_regularization,training_aggregate,train/avg_acc_top5,332000,2026-09-09T13:59:46.678587Z,0.4235587716
phase2_regularization,training_aggregate,train/avg_acc_top5,333000,2026-09-09T14:00:49.535923Z,0.4273851812
phase2_regularization,training_aggregate,train/avg_acc_top5,334000,2026-09-09T14:01:52.964105Z,0.4259557724
phase2_regularization,training_aggregate,train/avg_acc_top5,335000,2026-09-09T14:02:57.189519Z,0.426912874
phase2_regularization,training_aggregate,train/avg_acc_top5,336000,2026-09-09T14:03:55.983837Z,0.4277411997
phase2_regularization,training_aggregate,train/avg_acc_top5,337000,2026-09-09T14:04:58.755610Z,0.4285309017
phase2_regularization,training_aggregate,train/avg_acc_top5,338000,2026-09-09T14:05:57.853103Z,0.4257711768
phase2_regularization,training_aggregate,train/avg_acc_top5,339000,2026-09-09T14:06:57.470277Z,0.430763483
phase2_regularization,training_aggregate,train/avg_acc_top5,340000,2026-09-09T14:07:56.751007Z,0.4301842749
phase2_regularization,training_aggregate,train/avg_acc_top5,341000,2026-09-09T14:08:56.553837Z,0.4294316769
phase2_regularization,training_aggregate,train/avg_acc_top5,342000,2026-09-09T14:09:54.521501Z,0.4293631613
phase2_regularization,training_aggregate,train/avg_acc_top5,343000,2026-09-09T14:10:50.076431Z,0.4298257232
phase2_regularization,training_aggregate,train/avg_acc_top5,344000,2026-09-09T14:11:49.472002Z,0.4315936267
phase2_regularization,training_aggregate,train/avg_acc_top5,345000,2026-09-09T14:12:48.662223Z,0.4348401427
phase2_regularization,training_aggregate,train/avg_acc_top5,346000,2026-09-09T14:13:51.859242Z,0.4342784882
phase2_regularization,training_aggregate,train/avg_acc_top5,347000,2026-09-09T14:14:48.161322Z,0.4354836047
phase2_regularization,training_aggregate,train/avg_acc_top5,348000,2026-09-09T14:15:47.961926Z,0.4298868477
phase2_regularization,training_aggregate,train/avg_acc_top5,349000,2026-09-09T14:16:42.824929Z,0.4314186573
phase2_regularization,training_aggregate,train/avg_acc_top5,350000,2026-09-09T14:17:39.339223Z,0.4319489896
phase2_regularization,training_aggregate,train/avg_acc_top5,351000,2026-09-09T14:19:05.680027Z,0.4328110814
phase2_regularization,training_aggregate,train/avg_acc_top5,352000,2026-09-09T14:20:08.129669Z,0.434653461
phase2_regularization,training_aggregate,train/avg_acc_top5,353000,2026-09-09T14:21:08.933422Z,0.4370936155
phase2_regularization,training_aggregate,train/avg_acc_top5,354000,2026-09-09T14:22:07.811762Z,0.4346314669
phase2_regularization,training_aggregate,train/avg_acc_top5,355000,2026-09-09T14:23:07.531738Z,0.4338633716
phase2_regularization,training_aggregate,train/avg_acc_top5,356000,2026-09-09T14:24:07.436556Z,0.4362587035
phase2_regularization,training_aggregate,train/avg_acc_top5,357000,2026-09-09T14:25:09.404593Z,0.4372424483
phase2_regularization,training_aggregate,train/avg_acc_top5,358000,2026-09-09T14:26:08.042645Z,0.4379662275
phase2_regularization,training_aggregate,train/avg_acc_top5,359000,2026-09-09T14:27:08.212775Z,0.4383871555
phase2_regularization,training_aggregate,train/avg_acc_top5,360000,2026-09-09T14:28:09.544286Z,0.4369927943
phase2_regularization,training_aggregate,train/avg_acc_top5,361000,2026-09-09T14:29:09.226607Z,0.4359634817
phase2_regularization,training_aggregate,train/avg_acc_top5,362000,2026-09-09T14:30:09.861957Z,0.4401476085
phase2_regularization,training_aggregate,train/avg_acc_top5,363000,2026-09-09T14:31:11.952209Z,0.4414564371
phase2_regularization,training_aggregate,train/avg_acc_top5,364000,2026-09-09T14:32:09.021079Z,0.4400624335
phase2_regularization,training_aggregate,train/avg_acc_top5,365000,2026-09-09T14:33:08.836686Z,0.4390493333
phase2_regularization,training_aggregate,train/avg_acc_top5,366000,2026-09-09T14:34:06.606157Z,0.4426263571
phase2_regularization,training_aggregate,train/avg_acc_top5,367000,2026-09-09T14:35:08.499541Z,0.4440339208
phase2_regularization,training_aggregate,train/avg_acc_top5,368000,2026-09-09T14:36:10.174421Z,0.4392702878
phase2_regularization,training_aggregate,train/avg_acc_top5,369000,2026-09-09T14:37:05.903984Z,0.4416798055
phase2_regularization,training_aggregate,train/avg_acc_top5,370000,2026-09-09T14:38:06.362442Z,0.442723006
phase2_regularization,training_aggregate,train/avg_acc_top5,371000,2026-09-09T14:39:05.033914Z,0.4400791526
phase2_regularization,training_aggregate,train/avg_acc_top5,372000,2026-09-09T14:40:05.260081Z,0.442130357
phase2_regularization,training_aggregate,train/avg_acc_top5,373000,2026-09-09T14:41:02.823489Z,0.441296488
phase2_regularization,training_aggregate,train/avg_acc_top5,374000,2026-09-09T14:42:03.759552Z,0.4426133335
phase2_regularization,training_aggregate,train/avg_acc_top5,375000,2026-09-09T14:43:04.096205Z,0.4433490634
phase2_regularization,training_aggregate,train/avg_acc_top5,376000,2026-09-09T14:44:27.323967Z,0.4460775256
phase2_regularization,training_aggregate,train/avg_acc_top5,377000,2026-09-09T14:45:28.381216Z,0.4466806054
phase2_regularization,training_aggregate,train/avg_acc_top5,378000,2026-09-09T14:46:31.184319Z,0.4435988069
phase2_regularization,training_aggregate,train/avg_acc_top5,379000,2026-09-09T14:47:32.853822Z,0.4449702203
phase2_regularization,training_aggregate,train/avg_acc_top5,380000,2026-09-09T14:48:31.882647Z,0.4442233741
phase2_regularization,training_aggregate,train/avg_acc_top5,381000,2026-09-09T14:49:33.161458Z,0.4452721477
phase2_regularization,training_aggregate,train/avg_acc_top5,382000,2026-09-09T14:50:32.023711Z,0.4472706616
phase2_regularization,training_aggregate,train/avg_acc_top5,383000,2026-09-09T14:51:32.057117Z,0.4483655095
phase2_regularization,training_aggregate,train/avg_acc_top5,384000,2026-09-09T14:52:32.046939Z,0.44867149
phase2_regularization,training_aggregate,train/avg_acc_top5,385000,2026-09-09T14:53:29.986651Z,0.4475878775
phase2_regularization,training_aggregate,train/avg_acc_top5,386000,2026-09-09T14:54:32.563599Z,0.4497877061
phase2_regularization,training_aggregate,train/avg_acc_top5,387000,2026-09-09T14:55:32.796150Z,0.4497676194
phase2_regularization,training_aggregate,train/avg_acc_top5,388000,2026-09-09T14:56:30.730137Z,0.4484402239
phase2_regularization,training_aggregate,train/avg_acc_top5,389000,2026-09-09T14:57:29.320183Z,0.4494889677
phase2_regularization,training_aggregate,train/avg_acc_top5,390000,2026-09-09T14:58:24.771382Z,0.4499299526
phase2_regularization,training_aggregate,train/avg_acc_top5,391000,2026-09-09T14:59:25.707890Z,0.4473574758
phase2_regularization,training_aggregate,train/avg_acc_top5,392000,2026-09-09T15:00:26.379256Z,0.4471886754
phase2_regularization,training_aggregate,train/avg_acc_top5,393000,2026-09-09T15:01:28.798599Z,0.4510648847
phase2_regularization,training_aggregate,train/avg_acc_top5,394000,2026-09-09T15:02:27.874373Z,0.4518871605
phase2_regularization,training_aggregate,train/avg_acc_top5,395000,2026-09-09T15:03:26.963546Z,0.4519207478
phase2_regularization,training_aggregate,train/avg_acc_top5,396000,2026-09-09T15:04:28.847525Z,0.4504501224
phase2_regularization,training_aggregate,train/avg_acc_top5,397000,2026-09-09T15:05:29.434042Z,0.4525342286
phase2_regularization,training_aggregate,train/avg_acc_top5,398000,2026-09-09T15:06:30.791800Z,0.4519868493
phase2_regularization,training_aggregate,train/avg_acc_top5,399000,2026-09-09T15:07:28.002135Z,0.4559339583
phase2_regularization,training_aggregate,train/avg_acc_top5,400000,2026-09-09T15:08:26.648072Z,0.4547478557
phase2_regularization,training_aggregate,train/avg_acc_top5,401000,2026-09-09T15:09:52.432051Z,0.4529994726
phase2_regularization,training_aggregate,train/avg_acc_top5,402000,2026-09-09T15:10:53.993731Z,0.4537062347
phase2_regularization,training_aggregate,train/avg_acc_top5,403000,2026-09-09T15:11:54.987592Z,0.455483228
phase2_regularization,training_aggregate,train/avg_acc_top5,404000,2026-09-09T15:12:54.944126Z,0.4546040595
phase2_regularization,training_aggregate,train/avg_acc_top5,405000,2026-09-09T15:13:53.066740Z,0.4526726305
phase2_regularization,training_aggregate,train/avg_acc_top5,406000,2026-09-09T15:14:54.663998Z,0.4540604949
phase2_regularization,training_aggregate,train/avg_acc_top5,407000,2026-09-09T15:15:55.312398Z,0.4557400942
phase2_regularization,training_aggregate,train/avg_acc_top5,408000,2026-09-09T15:16:58.255490Z,0.4550200403
phase2_regularization,training_aggregate,train/avg_acc_top5,409000,2026-09-09T15:17:56.953156Z,0.4557457566
phase2_regularization,training_aggregate,train/avg_acc_top5,410000,2026-09-09T15:19:01.129280Z,0.4546989202
phase2_regularization,training_aggregate,train/avg_acc_top5,411000,2026-09-09T15:20:02.886815Z,0.4553026259
phase2_regularization,training_aggregate,train/avg_acc_top5,412000,2026-09-09T15:20:59.797760Z,0.4572553039
phase2_regularization,training_aggregate,train/avg_acc_top5,413000,2026-09-09T15:21:58.602925Z,0.4591619372
phase2_regularization,training_aggregate,train/avg_acc_top5,414000,2026-09-09T15:22:57.430971Z,0.4602067769
phase2_regularization,training_aggregate,train/avg_acc_top5,415000,2026-09-09T15:23:58.265442Z,0.4578080177
phase2_regularization,training_aggregate,train/avg_acc_top5,416000,2026-09-09T15:24:57.335266Z,0.4574518204
phase2_regularization,training_aggregate,train/avg_acc_top5,417000,2026-09-09T15:25:55.825854Z,0.4627586007
phase2_regularization,training_aggregate,train/avg_acc_top5,418000,2026-09-09T15:26:57.797983Z,0.4571793973
phase2_regularization,training_aggregate,train/avg_acc_top5,419000,2026-09-09T15:27:58.063778Z,0.4615696967
phase2_regularization,training_aggregate,train/avg_acc_top5,420000,2026-09-09T15:28:56.254849Z,0.4602921009
phase2_regularization,training_aggregate,train/avg_acc_top5,421000,2026-09-09T15:29:51.447670Z,0.4596311748
phase2_regularization,training_aggregate,train/avg_acc_top5,422000,2026-09-09T15:30:49.622297Z,0.4602573812
phase2_regularization,training_aggregate,train/avg_acc_top5,423000,2026-09-09T15:31:50.301555Z,0.4602817595
phase2_regularization,training_aggregate,train/avg_acc_top5,424000,2026-09-09T15:32:47.878655Z,0.4605341852
phase2_regularization,training_aggregate,train/avg_acc_top5,425000,2026-09-09T15:33:47.250363Z,0.4605357051
phase2_regularization,training_aggregate,train/avg_acc_top5,426000,2026-09-09T15:35:07.606504Z,0.4643284082
phase2_regularization,training_aggregate,train/avg_acc_top5,427000,2026-09-09T15:36:05.342397Z,0.4624088705
phase2_regularization,training_aggregate,train/avg_acc_top5,428000,2026-09-09T15:37:06.735289Z,0.4608787
phase2_regularization,training_aggregate,train/avg_acc_top5,429000,2026-09-09T15:38:09.276386Z,0.4628219604
phase2_regularization,training_aggregate,train/avg_acc_top5,430000,2026-09-09T15:39:06.072886Z,0.4634170234
phase2_regularization,training_aggregate,train/avg_acc_top5,431000,2026-09-09T15:40:04.622643Z,0.4641320109
phase2_regularization,training_aggregate,train/avg_acc_top5,432000,2026-09-09T15:41:01.526290Z,0.4651337564
phase2_regularization,training_aggregate,train/avg_acc_top5,433000,2026-09-09T15:41:59.541132Z,0.4634453356
phase2_regularization,training_aggregate,train/avg_acc_top5,434000,2026-09-09T15:42:56.978146Z,0.4647434652
phase2_regularization,training_aggregate,train/avg_acc_top5,435000,2026-09-09T15:43:52.429829Z,0.4599371552
phase2_regularization,training_aggregate,train/avg_acc_top5,436000,2026-09-09T15:44:53.323492Z,0.465503931
phase2_regularization,training_aggregate,train/avg_acc_top5,437000,2026-09-09T15:45:49.790590Z,0.466442883
phase2_regularization,training_aggregate,train/avg_acc_top5,438000,2026-09-09T15:46:52.490602Z,0.4655518234
phase2_regularization,training_aggregate,train/avg_acc_top5,439000,2026-09-09T15:47:50.696866Z,0.4692396522
phase2_regularization,training_aggregate,train/avg_acc_top5,440000,2026-09-09T15:48:51.579123Z,0.4703273475
phase2_regularization,training_aggregate,train/avg_acc_top5,441000,2026-09-09T15:49:53.054718Z,0.4664222896
phase2_regularization,training_aggregate,train/avg_acc_top5,442000,2026-09-09T15:50:51.098584Z,0.4665306807
phase2_regularization,training_aggregate,train/avg_acc_top5,443000,2026-09-09T15:51:51.950077Z,0.4698508382
phase2_regularization,training_aggregate,train/avg_acc_top5,444000,2026-09-09T15:52:54.783225Z,0.4687595367
phase2_regularization,training_aggregate,train/avg_acc_top5,445000,2026-09-09T15:53:55.400850Z,0.4697373807
phase2_regularization,training_aggregate,train/avg_acc_top5,446000,2026-09-09T15:54:56.968637Z,0.4696115255
phase2_regularization,training_aggregate,train/avg_acc_top5,447000,2026-09-09T15:55:56.518378Z,0.4703977406
phase2_regularization,training_aggregate,train/avg_acc_top5,448000,2026-09-09T15:56:56.885538Z,0.4691509604
phase2_regularization,training_aggregate,train/avg_acc_top5,449000,2026-09-09T15:57:54.350144Z,0.4712714553
phase2_regularization,training_aggregate,train/avg_acc_top5,450000,2026-09-09T15:58:54.851183Z,0.471604526
phase2_regularization,training_aggregate,train/avg_acc_top5,451000,2026-09-09T16:00:17.416634Z,0.4726732075
phase2_regularization,training_aggregate,train/avg_acc_top5,452000,2026-09-09T16:01:19.050424Z,0.4728105962
phase2_regularization,training_aggregate,train/avg_acc_top5,453000,2026-09-09T16:02:21.006349Z,0.4709363282
phase2_regularization,training_aggregate,train/avg_acc_top5,454000,2026-09-09T16:03:21.592718Z,0.470813632
phase2_regularization,training_aggregate,train/avg_acc_top5,455000,2026-09-09T16:04:21.266241Z,0.471960187
phase2_regularization,training_aggregate,train/avg_acc_top5,456000,2026-09-09T16:05:20.412211Z,0.4710721672
phase2_regularization,training_aggregate,train/avg_acc_top5,457000,2026-09-09T16:06:22.538607Z,0.4739270508
phase2_regularization,training_aggregate,train/avg_acc_top5,458000,2026-09-09T16:07:21.544529Z,0.4743579924
phase2_regularization,training_aggregate,train/avg_acc_top5,459000,2026-09-09T16:08:17.765405Z,0.4718335271
phase2_regularization,training_aggregate,train/avg_acc_top5,460000,2026-09-09T16:09:17.375237Z,0.4747487605
phase2_regularization,training_aggregate,train/avg_acc_top5,461000,2026-09-09T16:10:14.915642Z,0.4745501578
phase2_regularization,training_aggregate,train/avg_acc_top5,462000,2026-09-09T16:11:13.451571Z,0.4752087295
phase2_regularization,training_aggregate,train/avg_acc_top5,463000,2026-09-09T16:12:16.694171Z,0.4785088897
phase2_regularization,training_aggregate,train/avg_acc_top5,464000,2026-09-09T16:13:10.477979Z,0.4773214757
phase2_regularization,training_aggregate,train/avg_acc_top5,465000,2026-09-09T16:14:11.098718Z,0.4762357771
phase2_regularization,training_aggregate,train/avg_acc_top5,466000,2026-09-09T16:15:10.993341Z,0.4747052491
phase2_regularization,training_aggregate,train/avg_acc_top5,467000,2026-09-09T16:16:06.574372Z,0.4773424268
phase2_regularization,training_aggregate,train/avg_acc_top5,468000,2026-09-09T16:17:04.708792Z,0.4769474268
phase2_regularization,training_aggregate,train/avg_acc_top5,469000,2026-09-09T16:18:01.473091Z,0.4783806503
phase2_regularization,training_aggregate,train/avg_acc_top5,470000,2026-09-09T16:19:00.901995Z,0.4771613479
phase2_regularization,training_aggregate,train/avg_acc_top5,471000,2026-09-09T16:20:00.806958Z,0.4757446647
phase2_regularization,training_aggregate,train/avg_acc_top5,472000,2026-09-09T16:21:00.873055Z,0.4767702222
phase2_regularization,training_aggregate,train/avg_acc_top5,473000,2026-09-09T16:21:58.938648Z,0.4778647423
phase2_regularization,training_aggregate,train/avg_acc_top5,474000,2026-09-09T16:23:00.438887Z,0.4786369205
phase2_regularization,training_aggregate,train/avg_acc_top5,475000,2026-09-09T16:23:59.089392Z,0.4792822599
phase2_regularization,training_aggregate,train/avg_acc_top5,476000,2026-09-09T16:25:23.639006Z,0.4799493253
phase2_regularization,training_aggregate,train/avg_acc_top5,477000,2026-09-09T16:26:26.125480Z,0.4786658883
phase2_regularization,training_aggregate,train/avg_acc_top5,478000,2026-09-09T16:27:26.073747Z,0.4809099734
phase2_regularization,training_aggregate,train/avg_acc_top5,479000,2026-09-09T16:28:25.025865Z,0.4780130088
phase2_regularization,training_aggregate,train/avg_acc_top5,480000,2026-09-09T16:29:22.070415Z,0.4808671176
phase2_regularization,training_aggregate,train/avg_acc_top5,481000,2026-09-09T16:30:20.982764Z,0.4790345728
phase2_regularization,training_aggregate,train/avg_acc_top5,482000,2026-09-09T16:31:22.729052Z,0.4790348411
phase2_regularization,training_aggregate,train/avg_acc_top5,483000,2026-09-09T16:32:22.826175Z,0.4825178981
phase2_regularization,training_aggregate,train/avg_acc_top5,484000,2026-09-09T16:33:21.162816Z,0.4821080863
phase2_regularization,training_aggregate,train/avg_acc_top5,485000,2026-09-09T16:34:22.180204Z,0.4839319289
phase2_regularization,training_aggregate,train/avg_acc_top5,486000,2026-09-09T16:35:20.567200Z,0.4816961884
phase2_regularization,training_aggregate,train/avg_acc_top5,487000,2026-09-09T16:36:21.056825Z,0.4817591906
phase2_regularization,training_aggregate,train/avg_acc_top5,488000,2026-09-09T16:37:21.213837Z,0.4852838218
phase2_regularization,training_aggregate,train/avg_acc_top5,489000,2026-09-09T16:38:24.489460Z,0.4827736914
phase2_regularization,training_aggregate,train/avg_acc_top5,490000,2026-09-09T16:39:21.088063Z,0.4827346802
phase2_regularization,training_aggregate,train/avg_acc_top5,491000,2026-09-09T16:40:17.772011Z,0.4839627743
phase2_regularization,training_aggregate,train/avg_acc_top5,492000,2026-09-09T16:41:17.182781Z,0.4829059541
phase2_regularization,training_aggregate,train/avg_acc_top5,493000,2026-09-09T16:42:12.110163Z,0.4816067815
phase2_regularization,training_aggregate,train/avg_acc_top5,494000,2026-09-09T16:43:09.367681Z,0.4830432534
phase2_regularization,training_aggregate,train/avg_acc_top5,495000,2026-09-09T16:44:07.807273Z,0.4842611551
phase2_regularization,training_aggregate,train/avg_acc_top5,496000,2026-09-09T16:45:10.007287Z,0.4854283929
phase2_regularization,training_aggregate,train/avg_acc_top5,497000,2026-09-09T16:46:13.630693Z,0.4828047454
phase2_regularization,training_aggregate,train/avg_acc_top5,498000,2026-09-09T16:47:12.699870Z,0.4836219847
phase2_regularization,training_aggregate,train/avg_acc_top5,499000,2026-09-09T16:48:14.165849Z,0.4844766855
phase2_regularization,training_aggregate,train/avg_acc_top5,500000,2026-09-09T16:49:14.967536Z,0.4845634699
phase2_regularization,training_aggregate,train/avg_acc_top5,501000,2026-09-09T16:50:38.209394Z,0.4869880378
phase2_regularization,training_aggregate,train/avg_acc_top5,502000,2026-09-09T16:51:43.664414Z,0.4856602848
phase2_regularization,training_aggregate,train/avg_acc_top5,503000,2026-09-09T16:52:52.212860Z,0.4859642386
phase2_regularization,training_aggregate,train/avg_acc_top5,504000,2026-09-09T16:54:02.791161Z,0.4859836698
phase2_regularization,training_aggregate,train/avg_acc_top5,505000,2026-09-09T16:55:14.510120Z,0.4867574871
phase2_regularization,training_aggregate,train/avg_acc_top5,506000,2026-09-09T16:56:23.796120Z,0.4842725694
phase2_regularization,training_aggregate,train/avg_acc_top5,507000,2026-09-09T16:57:34.175460Z,0.4892009199
phase2_regularization,training_aggregate,train/avg_acc_top5,508000,2026-09-09T16:58:47.053158Z,0.4881224036
phase2_regularization,training_aggregate,train/avg_acc_top5,509000,2026-09-09T16:59:57.813105Z,0.4893543124
phase2_regularization,training_aggregate,train/avg_acc_top5,510000,2026-09-09T17:01:10.403115Z,0.4867054224
phase2_regularization,training_aggregate,train/avg_acc_top5,511000,2026-09-09T17:02:21.606255Z,0.4884641171
phase2_regularization,training_aggregate,train/avg_acc_top5,512000,2026-09-09T17:03:32.017113Z,0.4885044992
phase2_regularization,training_aggregate,train/avg_acc_top5,513000,2026-09-09T17:04:43.111127Z,0.4883114696
phase2_regularization,training_aggregate,train/avg_acc_top5,514000,2026-09-09T17:05:53.636547Z,0.4915381968
phase2_regularization,training_aggregate,train/avg_acc_top5,515000,2026-09-09T17:07:04.255107Z,0.4897989035
phase2_regularization,training_aggregate,train/avg_acc_top5,516000,2026-09-09T17:08:14.821837Z,0.4908838272
phase2_regularization,training_aggregate,train/avg_acc_top5,517000,2026-09-09T17:09:25.723193Z,0.4913173318
phase2_regularization,training_aggregate,train/avg_acc_top5,518000,2026-09-09T17:10:36.951888Z,0.4912214875
phase2_regularization,training_aggregate,train/avg_acc_top5,519000,2026-09-09T17:11:48.252653Z,0.4909133315
phase2_regularization,training_aggregate,train/avg_acc_top5,520000,2026-09-09T17:12:59.043375Z,0.4899974763
phase2_regularization,training_aggregate,train/avg_acc_top5,521000,2026-09-09T17:14:09.636188Z,0.4895125329
phase2_regularization,training_aggregate,train/avg_acc_top5,522000,2026-09-09T17:15:20.616632Z,0.4863380194
phase2_regularization,training_aggregate,train/avg_acc_top5,523000,2026-09-09T17:16:30.623334Z,0.4915803075
phase2_regularization,training_aggregate,train/avg_acc_top5,524000,2026-09-09T17:17:41.592632Z,0.4896595776
phase2_regularization,training_aggregate,train/avg_acc_top5,525000,2026-09-09T17:18:52.078922Z,0.4887650907
phase2_regularization,training_aggregate,train/avg_acc_top5,526000,2026-09-09T17:20:52.582126Z,0.4898371696
phase2_regularization,training_aggregate,train/avg_acc_top5,527000,2026-09-09T17:22:03.155669Z,0.4919010699
phase2_regularization,training_aggregate,train/avg_acc_top5,528000,2026-09-09T17:23:13.530416Z,0.4905140102
phase2_regularization,training_aggregate,train/avg_acc_top5,529000,2026-09-09T17:24:25.340122Z,0.4922456741
phase2_regularization,training_aggregate,train/avg_acc_top5,530000,2026-09-09T17:25:35.182389Z,0.4921237528
phase2_regularization,training_aggregate,train/avg_acc_top5,531000,2026-09-09T17:26:47.036814Z,0.4928266704
phase2_regularization,training_aggregate,train/avg_acc_top5,532000,2026-09-09T17:27:59.066973Z,0.4906150401
phase2_regularization,training_aggregate,train/avg_acc_top5,533000,2026-09-09T17:29:09.478448Z,0.4941883683
phase2_regularization,training_aggregate,train/avg_acc_top5,534000,2026-09-09T17:30:20.509107Z,0.4918778837
phase2_regularization,training_aggregate,train/avg_acc_top5,535000,2026-09-09T17:31:30.322368Z,0.4953172803
phase2_regularization,training_aggregate,train/avg_acc_top5,536000,2026-09-09T17:32:41.978830Z,0.4938179553
phase2_regularization,training_aggregate,train/avg_acc_top5,537000,2026-09-09T17:33:52.567102Z,0.4923073351
phase2_regularization,training_aggregate,train/avg_acc_top5,538000,2026-09-09T17:35:02.923120Z,0.4943976402
phase2_regularization,training_aggregate,train/avg_acc_top5,539000,2026-09-09T17:36:14.971729Z,0.4921586514
phase2_regularization,training_aggregate,train/avg_acc_top5,540000,2026-09-09T17:37:26.914848Z,0.4944391549
phase2_regularization,training_aggregate,train/avg_acc_top5,541000,2026-09-09T17:38:38.428966Z,0.495231092
phase2_regularization,training_aggregate,train/avg_acc_top5,542000,2026-09-09T17:39:49.522144Z,0.4934906065
phase2_regularization,training_aggregate,train/avg_acc_top5,543000,2026-09-09T17:41:00.767778Z,0.4942232668
phase2_regularization,training_aggregate,train/avg_acc_top5,544000,2026-09-09T17:42:12.151374Z,0.4946914017
phase2_regularization,training_aggregate,train/avg_acc_top5,545000,2026-09-09T17:43:23.242851Z,0.494282186
phase2_regularization,training_aggregate,train/avg_acc_top5,546000,2026-09-09T17:44:33.281102Z,0.495588243
phase2_regularization,training_aggregate,train/avg_acc_top5,547000,2026-09-09T17:45:44.303724Z,0.495523572
phase2_regularization,training_aggregate,train/avg_acc_top5,548000,2026-09-09T17:46:56.969222Z,0.4944945276
phase2_regularization,training_aggregate,train/avg_acc_top5,549000,2026-09-09T17:48:07.978142Z,0.4937254786
phase2_regularization,training_aggregate,train/avg_acc_top5,550000,2026-09-09T17:49:20.091715Z,0.496494323
phase2_regularization,training_aggregate,train/avg_acc_top5,551000,2026-09-09T17:51:22.303488Z,0.4947477281
phase2_regularization,training_aggregate,train/avg_acc_top5,552000,2026-09-09T17:52:34.103186Z,0.4945403636
phase2_regularization,training_aggregate,train/avg_acc_top5,553000,2026-09-09T17:53:45.577675Z,0.4960615039
phase2_regularization,training_aggregate,train/avg_acc_top5,554000,2026-09-09T17:54:56.958397Z,0.4958116114
phase2_regularization,training_aggregate,train/avg_acc_top5,555000,2026-09-09T17:56:08.613131Z,0.4962407947
phase2_regularization,training_aggregate,train/avg_acc_top5,556000,2026-09-09T17:57:19.625222Z,0.4974300563
phase2_regularization,training_aggregate,train/avg_acc_top5,557000,2026-09-09T17:58:31.579253Z,0.4967097044
phase2_regularization,training_aggregate,train/avg_acc_top5,558000,2026-09-09T17:59:42.454998Z,0.4964659214
phase2_regularization,training_aggregate,train/avg_acc_top5,559000,2026-09-09T18:00:53.354623Z,0.4964041412
phase2_regularization,training_aggregate,train/avg_acc_top5,560000,2026-09-09T18:02:04.203548Z,0.4972611368
phase2_regularization,training_aggregate,train/avg_acc_top5,561000,2026-09-09T18:03:14.688127Z,0.496467948
phase2_regularization,training_aggregate,train/avg_acc_top5,562000,2026-09-09T18:04:26.948123Z,0.4968744218
phase2_regularization,training_aggregate,train/avg_acc_top5,563000,2026-09-09T18:05:36.958583Z,0.4979167581
phase2_regularization,training_aggregate,train/avg_acc_top5,564000,2026-09-09T18:06:49.015955Z,0.5004814863
phase2_regularization,training_aggregate,train/avg_acc_top5,565000,2026-09-09T18:07:59.651454Z,0.4998239875
phase2_regularization,training_aggregate,train/avg_acc_top5,566000,2026-09-09T18:09:10.329139Z,0.4980050921
phase2_regularization,training_aggregate,train/avg_acc_top5,567000,2026-09-09T18:10:21.062215Z,0.4986698031
phase2_regularization,training_aggregate,train/avg_acc_top5,568000,2026-09-09T18:11:32.644490Z,0.4991946816
phase2_regularization,training_aggregate,train/avg_acc_top5,569000,2026-09-09T18:12:43.659017Z,0.4979403913
phase2_regularization,training_aggregate,train/avg_acc_top5,570000,2026-09-09T18:13:49.346439Z,0.5000336766
phase2_regularization,training_aggregate,train/avg_acc_top5,571000,2026-09-09T18:14:51.138763Z,0.500115633
phase2_regularization,training_aggregate,train/avg_acc_top5,572000,2026-09-09T18:15:53.023030Z,0.4989620447
phase2_regularization,training_aggregate,train/avg_acc_top5,573000,2026-09-09T18:16:51.731843Z,0.5004817247
phase2_regularization,training_aggregate,train/avg_acc_top5,574000,2026-09-09T18:17:54.330070Z,0.5007725954
phase2_regularization,training_aggregate,train/avg_acc_top5,575000,2026-09-09T18:18:54.276444Z,0.5016941428
phase2_regularization,training_aggregate,train/avg_acc_top5,576000,2026-09-09T18:20:14.672940Z,0.5006277561
phase2_regularization,training_aggregate,train/avg_acc_top5,577000,2026-09-09T18:21:14.129500Z,0.5018372536
phase2_regularization,training_aggregate,train/avg_acc_top5,578000,2026-09-09T18:22:16.104140Z,0.5023536682
phase2_regularization,training_aggregate,train/avg_acc_top5,579000,2026-09-09T18:23:14.783079Z,0.5015630722
phase2_regularization,training_aggregate,train/avg_acc_top5,580000,2026-09-09T18:24:17.319165Z,0.5017835498
phase2_regularization,training_aggregate,train/avg_acc_top5,581000,2026-09-09T18:25:20.649404Z,0.500038743
phase2_regularization,training_aggregate,train/avg_acc_top5,582000,2026-09-09T18:26:16.509390Z,0.5048828721
phase2_regularization,training_aggregate,train/avg_acc_top5,583000,2026-09-09T18:27:16.887514Z,0.5025867224
phase2_regularization,training_aggregate,train/avg_acc_top5,584000,2026-09-09T18:28:18.906950Z,0.5019410253
phase2_regularization,training_aggregate,train/avg_acc_top5,585000,2026-09-09T18:29:21.689277Z,0.5008678436
phase2_regularization,training_aggregate,train/avg_acc_top5,586000,2026-09-09T18:30:19.972095Z,0.5017701983
phase2_regularization,training_aggregate,train/avg_acc_top5,587000,2026-09-09T18:31:19.355219Z,0.5026140213
phase2_regularization,training_aggregate,train/avg_acc_top5,588000,2026-09-09T18:32:18.639282Z,0.500200808
phase2_regularization,training_aggregate,train/avg_acc_top5,589000,2026-09-09T18:33:20.286721Z,0.5050904751
phase2_regularization,training_aggregate,train/avg_acc_top5,590000,2026-09-09T18:34:22.233839Z,0.5047731996
phase2_regularization,training_aggregate,train/avg_acc_top5,591000,2026-09-09T18:35:26.121157Z,0.5030832887
phase2_regularization,training_aggregate,train/avg_acc_top5,592000,2026-09-09T18:36:20.624096Z,0.5018241405
phase2_regularization,training_aggregate,train/avg_acc_top5,593000,2026-09-09T18:37:22.059339Z,0.5041649938
phase2_regularization,training_aggregate,train/avg_acc_top5,594000,2026-09-09T18:38:24.634934Z,0.5061022639
phase2_regularization,training_aggregate,train/avg_acc_top5,595000,2026-09-09T18:39:21.175411Z,0.5032263398
phase2_regularization,training_aggregate,train/avg_acc_top5,596000,2026-09-09T18:40:21.816077Z,0.5055055022
phase2_regularization,training_aggregate,train/avg_acc_top5,597000,2026-09-09T18:41:24.422540Z,0.505497396
phase2_regularization,training_aggregate,train/avg_acc_top5,598000,2026-09-09T18:42:25.980220Z,0.5037334561
phase2_regularization,training_aggregate,train/avg_acc_top5,599000,2026-09-09T18:43:26.706120Z,0.5044323802
phase2_regularization,training_aggregate,train/avg_acc_top5,600000,2026-09-09T18:44:23.009968Z,0.5074530244
phase2_regularization,training_aggregate,train/avg_accuracy,1000,2026-09-09T08:28:52.761833Z,0.00183350977
phase2_regularization,training_aggregate,train/avg_accuracy,2000,2026-09-09T08:29:42.653535Z,0.007575776894
phase2_regularization,training_aggregate,train/avg_accuracy,3000,2026-09-09T08:30:32.750378Z,0.01246648189
phase2_regularization,training_aggregate,train/avg_accuracy,4000,2026-09-09T08:31:22.731707Z,0.01820369065
phase2_regularization,training_aggregate,train/avg_accuracy,5000,2026-09-09T08:32:17.116268Z,0.02139193378
phase2_regularization,training_aggregate,train/avg_accuracy,6000,2026-09-09T08:33:06.553045Z,0.02568025142
phase2_regularization,training_aggregate,train/avg_accuracy,7000,2026-09-09T08:33:57.695102Z,0.02841425873
phase2_regularization,training_aggregate,train/avg_accuracy,8000,2026-09-09T08:34:56.235044Z,0.03031065501
phase2_regularization,training_aggregate,train/avg_accuracy,9000,2026-09-09T08:35:55.416954Z,0.03360702842
phase2_regularization,training_aggregate,train/avg_accuracy,10000,2026-09-09T08:36:52.654460Z,0.03591783717
phase2_regularization,training_aggregate,train/avg_accuracy,11000,2026-09-09T08:37:46.973992Z,0.03729334846
phase2_regularization,training_aggregate,train/avg_accuracy,12000,2026-09-09T08:38:47.202286Z,0.04109993204
phase2_regularization,training_aggregate,train/avg_accuracy,13000,2026-09-09T08:39:44.269720Z,0.04204329103
phase2_regularization,training_aggregate,train/avg_accuracy,14000,2026-09-09T08:40:39.614643Z,0.04270323366
phase2_regularization,training_aggregate,train/avg_accuracy,15000,2026-09-09T08:41:38.735510Z,0.04461885616
phase2_regularization,training_aggregate,train/avg_accuracy,16000,2026-09-09T08:42:38.945878Z,0.04528327286
phase2_regularization,training_aggregate,train/avg_accuracy,17000,2026-09-09T08:43:38.876640Z,0.04702505842
phase2_regularization,training_aggregate,train/avg_accuracy,18000,2026-09-09T08:44:36.303370Z,0.04895910621
phase2_regularization,training_aggregate,train/avg_accuracy,19000,2026-09-09T08:45:32.110980Z,0.04944030941
phase2_regularization,training_aggregate,train/avg_accuracy,20000,2026-09-09T08:46:32.369694Z,0.05056007951
phase2_regularization,training_aggregate,train/avg_accuracy,21000,2026-09-09T08:47:29.206140Z,0.05202904716
phase2_regularization,training_aggregate,train/avg_accuracy,22000,2026-09-09T08:48:23.751673Z,0.05393166095
phase2_regularization,training_aggregate,train/avg_accuracy,23000,2026-09-09T08:49:21.232759Z,0.05428055301
phase2_regularization,training_aggregate,train/avg_accuracy,24000,2026-09-09T08:50:16.518403Z,0.05607836694
phase2_regularization,training_aggregate,train/avg_accuracy,25000,2026-09-09T08:51:15.535955Z,0.05591239035
phase2_regularization,training_aggregate,train/avg_accuracy,26000,2026-09-09T08:52:32.360866Z,0.05705101043
phase2_regularization,training_aggregate,train/avg_accuracy,27000,2026-09-09T08:53:25.574542Z,0.05796585977
phase2_regularization,training_aggregate,train/avg_accuracy,28000,2026-09-09T08:54:25.329028Z,0.0589190647
phase2_regularization,training_aggregate,train/avg_accuracy,29000,2026-09-09T08:55:24.613134Z,0.05964501575
phase2_regularization,training_aggregate,train/avg_accuracy,30000,2026-09-09T08:56:22.610126Z,0.06194550544
phase2_regularization,training_aggregate,train/avg_accuracy,31000,2026-09-09T08:57:22.647883Z,0.06158018485
phase2_regularization,training_aggregate,train/avg_accuracy,32000,2026-09-09T08:58:21.594042Z,0.06280618906
phase2_regularization,training_aggregate,train/avg_accuracy,33000,2026-09-09T08:59:14.930020Z,0.06516045332
phase2_regularization,training_aggregate,train/avg_accuracy,34000,2026-09-09T09:00:12.492811Z,0.06425237656
phase2_regularization,training_aggregate,train/avg_accuracy,35000,2026-09-09T09:01:09.068142Z,0.0650877282
phase2_regularization,training_aggregate,train/avg_accuracy,36000,2026-09-09T09:02:09.197032Z,0.06625454873
phase2_regularization,training_aggregate,train/avg_accuracy,37000,2026-09-09T09:03:06.782935Z,0.0662529543
phase2_regularization,training_aggregate,train/avg_accuracy,38000,2026-09-09T09:04:02.430233Z,0.06825831532
phase2_regularization,training_aggregate,train/avg_accuracy,39000,2026-09-09T09:04:59.884951Z,0.06914281845
phase2_regularization,training_aggregate,train/avg_accuracy,40000,2026-09-09T09:05:55.747455Z,0.07035122812
phase2_regularization,training_aggregate,train/avg_accuracy,41000,2026-09-09T09:06:52.231852Z,0.07022418082
phase2_regularization,training_aggregate,train/avg_accuracy,42000,2026-09-09T09:07:49.075410Z,0.07197988778
phase2_regularization,training_aggregate,train/avg_accuracy,43000,2026-09-09T09:08:48.076495Z,0.0713879019
phase2_regularization,training_aggregate,train/avg_accuracy,44000,2026-09-09T09:09:48.829330Z,0.07297213376
phase2_regularization,training_aggregate,train/avg_accuracy,45000,2026-09-09T09:10:45.994006Z,0.07392122597
phase2_regularization,training_aggregate,train/avg_accuracy,46000,2026-09-09T09:11:46.864476Z,0.07439319789
phase2_regularization,training_aggregate,train/avg_accuracy,47000,2026-09-09T09:12:46.210824Z,0.07555512339
phase2_regularization,training_aggregate,train/avg_accuracy,48000,2026-09-09T09:13:45.413687Z,0.07674901187
phase2_regularization,training_aggregate,train/avg_accuracy,49000,2026-09-09T09:14:44.002965Z,0.07710593939
phase2_regularization,training_aggregate,train/avg_accuracy,50000,2026-09-09T09:15:37.175224Z,0.07741476595
phase2_regularization,training_aggregate,train/avg_accuracy,51000,2026-09-09T09:16:58.293709Z,0.07698871195
phase2_regularization,training_aggregate,train/avg_accuracy,52000,2026-09-09T09:17:58.453550Z,0.07928784192
phase2_regularization,training_aggregate,train/avg_accuracy,53000,2026-09-09T09:18:53.910119Z,0.07878290862
phase2_regularization,training_aggregate,train/avg_accuracy,54000,2026-09-09T09:19:50.715823Z,0.08069639653
phase2_regularization,training_aggregate,train/avg_accuracy,55000,2026-09-09T09:20:51.221750Z,0.08060503751
phase2_regularization,training_aggregate,train/avg_accuracy,56000,2026-09-09T09:21:47.376243Z,0.08162881434
phase2_regularization,training_aggregate,train/avg_accuracy,57000,2026-09-09T09:22:45.199035Z,0.08238266408
phase2_regularization,training_aggregate,train/avg_accuracy,58000,2026-09-09T09:23:42.262198Z,0.08216433227
phase2_regularization,training_aggregate,train/avg_accuracy,59000,2026-09-09T09:24:36.468946Z,0.0842429623
phase2_regularization,training_aggregate,train/avg_accuracy,60000,2026-09-09T09:25:32.390996Z,0.08461295813
phase2_regularization,training_aggregate,train/avg_accuracy,61000,2026-09-09T09:26:30.949952Z,0.08500574529
phase2_regularization,training_aggregate,train/avg_accuracy,62000,2026-09-09T09:27:28.889632Z,0.08616815507
phase2_regularization,training_aggregate,train/avg_accuracy,63000,2026-09-09T09:28:31.857138Z,0.08771248907
phase2_regularization,training_aggregate,train/avg_accuracy,64000,2026-09-09T09:29:27.053881Z,0.08781180531
phase2_regularization,training_aggregate,train/avg_accuracy,65000,2026-09-09T09:30:29.013411Z,0.08883716166
phase2_regularization,training_aggregate,train/avg_accuracy,66000,2026-09-09T09:31:28.942573Z,0.08959190547
phase2_regularization,training_aggregate,train/avg_accuracy,67000,2026-09-09T09:32:24.537482Z,0.08971502632
phase2_regularization,training_aggregate,train/avg_accuracy,68000,2026-09-09T09:33:18.506316Z,0.09228947014
phase2_regularization,training_aggregate,train/avg_accuracy,69000,2026-09-09T09:34:18.095330Z,0.09269222617
phase2_regularization,training_aggregate,train/avg_accuracy,70000,2026-09-09T09:35:19.219389Z,0.09259865433
phase2_regularization,training_aggregate,train/avg_accuracy,71000,2026-09-09T09:36:19.731328Z,0.09467781335
phase2_regularization,training_aggregate,train/avg_accuracy,72000,2026-09-09T09:37:20.015449Z,0.09627085924
phase2_regularization,training_aggregate,train/avg_accuracy,73000,2026-09-09T09:38:21.733858Z,0.09559426457
phase2_regularization,training_aggregate,train/avg_accuracy,74000,2026-09-09T09:39:19.350209Z,0.09723418206
phase2_regularization,training_aggregate,train/avg_accuracy,75000,2026-09-09T09:40:20.207108Z,0.09704647958
phase2_regularization,training_aggregate,train/avg_accuracy,76000,2026-09-09T09:41:37.140287Z,0.09685600549
phase2_regularization,training_aggregate,train/avg_accuracy,77000,2026-09-09T09:42:32.745075Z,0.09901741147
phase2_regularization,training_aggregate,train/avg_accuracy,78000,2026-09-09T09:43:31.212269Z,0.09935417026
phase2_regularization,training_aggregate,train/avg_accuracy,79000,2026-09-09T09:44:28.948443Z,0.1000736207
phase2_regularization,training_aggregate,train/avg_accuracy,80000,2026-09-09T09:45:23.589519Z,0.0999545455
phase2_regularization,training_aggregate,train/avg_accuracy,81000,2026-09-09T09:46:21.499782Z,0.1003227457
phase2_regularization,training_aggregate,train/avg_accuracy,82000,2026-09-09T09:47:21.571741Z,0.1016046703
phase2_regularization,training_aggregate,train/avg_accuracy,83000,2026-09-09T09:48:21.620011Z,0.1011130214
phase2_regularization,training_aggregate,train/avg_accuracy,84000,2026-09-09T09:49:18.743571Z,0.1039924026
phase2_regularization,training_aggregate,train/avg_accuracy,85000,2026-09-09T09:50:17.975246Z,0.1044506431
phase2_regularization,training_aggregate,train/avg_accuracy,86000,2026-09-09T09:51:13.352591Z,0.1045792028
phase2_regularization,training_aggregate,train/avg_accuracy,87000,2026-09-09T09:52:09.312764Z,0.1051166728
phase2_regularization,training_aggregate,train/avg_accuracy,88000,2026-09-09T09:53:06.404000Z,0.1069413275
phase2_regularization,training_aggregate,train/avg_accuracy,89000,2026-09-09T09:54:04.552537Z,0.1063904911
phase2_regularization,training_aggregate,train/avg_accuracy,90000,2026-09-09T09:54:58.559139Z,0.1069110483
phase2_regularization,training_aggregate,train/avg_accuracy,91000,2026-09-09T09:55:53.681480Z,0.1089691669
phase2_regularization,training_aggregate,train/avg_accuracy,92000,2026-09-09T09:56:52.683426Z,0.1095349267
phase2_regularization,training_aggregate,train/avg_accuracy,93000,2026-09-09T09:57:50.627697Z,0.1093379557
phase2_regularization,training_aggregate,train/avg_accuracy,94000,2026-09-09T09:58:52.726831Z,0.110800609
phase2_regularization,training_aggregate,train/avg_accuracy,95000,2026-09-09T09:59:50.917941Z,0.11116907
phase2_regularization,training_aggregate,train/avg_accuracy,96000,2026-09-09T10:00:50.171897Z,0.1116860062
phase2_regularization,training_aggregate,train/avg_accuracy,97000,2026-09-09T10:01:45.546655Z,0.1120120212
phase2_regularization,training_aggregate,train/avg_accuracy,98000,2026-09-09T10:02:43.469696Z,0.1128683612
phase2_regularization,training_aggregate,train/avg_accuracy,99000,2026-09-09T10:03:41.990030Z,0.1129189134
phase2_regularization,training_aggregate,train/avg_accuracy,100000,2026-09-09T10:04:36.947350Z,0.1143301204
phase2_regularization,training_aggregate,train/avg_accuracy,101000,2026-09-09T10:05:58.508539Z,0.1148819402
phase2_regularization,training_aggregate,train/avg_accuracy,102000,2026-09-09T10:06:55.502272Z,0.1148103625
phase2_regularization,training_aggregate,train/avg_accuracy,103000,2026-09-09T10:07:51.749421Z,0.1158864424
phase2_regularization,training_aggregate,train/avg_accuracy,104000,2026-09-09T10:08:50.331219Z,0.1152194887
phase2_regularization,training_aggregate,train/avg_accuracy,105000,2026-09-09T10:09:48.345398Z,0.1161812544
phase2_regularization,training_aggregate,train/avg_accuracy,106000,2026-09-09T10:10:44.594088Z,0.1172606274
phase2_regularization,training_aggregate,train/avg_accuracy,107000,2026-09-09T10:11:41.307644Z,0.1178798676
phase2_regularization,training_aggregate,train/avg_accuracy,108000,2026-09-09T10:12:40.200278Z,0.1185339987
phase2_regularization,training_aggregate,train/avg_accuracy,109000,2026-09-09T10:13:32.348964Z,0.1180171892
phase2_regularization,training_aggregate,train/avg_accuracy,110000,2026-09-09T10:14:33.748540Z,0.1191889793
phase2_regularization,training_aggregate,train/avg_accuracy,111000,2026-09-09T10:15:32.088103Z,0.1192320585
phase2_regularization,training_aggregate,train/avg_accuracy,112000,2026-09-09T10:16:27.624087Z,0.1192774624
phase2_regularization,training_aggregate,train/avg_accuracy,113000,2026-09-09T10:17:25.649769Z,0.1194687635
phase2_regularization,training_aggregate,train/avg_accuracy,114000,2026-09-09T10:18:22.393124Z,0.1192319691
phase2_regularization,training_aggregate,train/avg_accuracy,115000,2026-09-09T10:19:22.007484Z,0.1195465922
phase2_regularization,training_aggregate,train/avg_accuracy,116000,2026-09-09T10:20:19.267579Z,0.121773228
phase2_regularization,training_aggregate,train/avg_accuracy,117000,2026-09-09T10:21:19.687198Z,0.1219064221
phase2_regularization,training_aggregate,train/avg_accuracy,118000,2026-09-09T10:22:15.309896Z,0.1219519749
phase2_regularization,training_aggregate,train/avg_accuracy,119000,2026-09-09T10:23:14.353003Z,0.1214257404
phase2_regularization,training_aggregate,train/avg_accuracy,120000,2026-09-09T10:24:11.438829Z,0.1208748966
phase2_regularization,training_aggregate,train/avg_accuracy,121000,2026-09-09T10:25:04.895016Z,0.1222047359
phase2_regularization,training_aggregate,train/avg_accuracy,122000,2026-09-09T10:26:00.949112Z,0.1225982308
phase2_regularization,training_aggregate,train/avg_accuracy,123000,2026-09-09T10:27:01.379241Z,0.1241618618
phase2_regularization,training_aggregate,train/avg_accuracy,124000,2026-09-09T10:28:01.847836Z,0.1234745085
phase2_regularization,training_aggregate,train/avg_accuracy,125000,2026-09-09T10:28:57.719482Z,0.1224899217
phase2_regularization,training_aggregate,train/avg_accuracy,126000,2026-09-09T10:30:15.688152Z,0.1228737012
phase2_regularization,training_aggregate,train/avg_accuracy,127000,2026-09-09T10:31:13.177887Z,0.1244543642
phase2_regularization,training_aggregate,train/avg_accuracy,128000,2026-09-09T10:32:10.602862Z,0.1254516989
phase2_regularization,training_aggregate,train/avg_accuracy,129000,2026-09-09T10:33:10.389682Z,0.1258986443
phase2_regularization,training_aggregate,train/avg_accuracy,130000,2026-09-09T10:34:11.258152Z,0.1254492849
phase2_regularization,training_aggregate,train/avg_accuracy,131000,2026-09-09T10:35:05.124930Z,0.1254858673
phase2_regularization,training_aggregate,train/avg_accuracy,132000,2026-09-09T10:36:02.200861Z,0.1261040121
phase2_regularization,training_aggregate,train/avg_accuracy,133000,2026-09-09T10:37:01.152224Z,0.1259509623
phase2_regularization,training_aggregate,train/avg_accuracy,134000,2026-09-09T10:37:59.722643Z,0.125067085
phase2_regularization,training_aggregate,train/avg_accuracy,135000,2026-09-09T10:38:59.393930Z,0.1274764389
phase2_regularization,training_aggregate,train/avg_accuracy,136000,2026-09-09T10:40:00.676297Z,0.127585113
phase2_regularization,training_aggregate,train/avg_accuracy,137000,2026-09-09T10:40:59.470096Z,0.1280231625
phase2_regularization,training_aggregate,train/avg_accuracy,138000,2026-09-09T10:41:58.518304Z,0.1271851659
phase2_regularization,training_aggregate,train/avg_accuracy,139000,2026-09-09T10:42:57.762277Z,0.1281673014
phase2_regularization,training_aggregate,train/avg_accuracy,140000,2026-09-09T10:43:55.085310Z,0.1285088509
phase2_regularization,training_aggregate,train/avg_accuracy,141000,2026-09-09T10:44:53.151129Z,0.1287923008
phase2_regularization,training_aggregate,train/avg_accuracy,142000,2026-09-09T10:45:53.150389Z,0.1292090118
phase2_regularization,training_aggregate,train/avg_accuracy,143000,2026-09-09T10:46:50.496577Z,0.129134357
phase2_regularization,training_aggregate,train/avg_accuracy,144000,2026-09-09T10:47:44.338017Z,0.1292697638
phase2_regularization,training_aggregate,train/avg_accuracy,145000,2026-09-09T10:48:36.610782Z,0.1294049025
phase2_regularization,training_aggregate,train/avg_accuracy,146000,2026-09-09T10:49:36.450516Z,0.1284466237
phase2_regularization,training_aggregate,train/avg_accuracy,147000,2026-09-09T10:50:41.182620Z,0.1305465847
phase2_regularization,training_aggregate,train/avg_accuracy,148000,2026-09-09T10:51:43.640261Z,0.1306751519
phase2_regularization,training_aggregate,train/avg_accuracy,149000,2026-09-09T10:52:47.420052Z,0.1297505051
phase2_regularization,training_aggregate,train/avg_accuracy,150000,2026-09-09T10:53:52.144351Z,0.1312268376
phase2_regularization,training_aggregate,train/avg_accuracy,151000,2026-09-09T10:55:21.785726Z,0.1311924309
phase2_regularization,training_aggregate,train/avg_accuracy,152000,2026-09-09T10:56:22.616117Z,0.1305334568
phase2_regularization,training_aggregate,train/avg_accuracy,153000,2026-09-09T10:57:24.590242Z,0.1300278753
phase2_regularization,training_aggregate,train/avg_accuracy,154000,2026-09-09T10:58:23.524060Z,0.1302157789
phase2_regularization,training_aggregate,train/avg_accuracy,155000,2026-09-09T10:59:22.578916Z,0.1306331158
phase2_regularization,training_aggregate,train/avg_accuracy,156000,2026-09-09T11:00:21.068901Z,0.1297847331
phase2_regularization,training_aggregate,train/avg_accuracy,157000,2026-09-09T11:01:26.147702Z,0.1308191419
phase2_regularization,training_aggregate,train/avg_accuracy,158000,2026-09-09T11:02:30.274084Z,0.1316521317
phase2_regularization,training_aggregate,train/avg_accuracy,159000,2026-09-09T11:03:29.778037Z,0.1322167665
phase2_regularization,training_aggregate,train/avg_accuracy,160000,2026-09-09T11:04:29.816890Z,0.132297188
phase2_regularization,training_aggregate,train/avg_accuracy,161000,2026-09-09T11:05:29.571594Z,0.1313651651
phase2_regularization,training_aggregate,train/avg_accuracy,162000,2026-09-09T11:06:28.335773Z,0.1333187819
phase2_regularization,training_aggregate,train/avg_accuracy,163000,2026-09-09T11:07:28.655550Z,0.1345533282
phase2_regularization,training_aggregate,train/avg_accuracy,164000,2026-09-09T11:08:29.953301Z,0.1345400661
phase2_regularization,training_aggregate,train/avg_accuracy,165000,2026-09-09T11:09:31.767642Z,0.1349656135
phase2_regularization,training_aggregate,train/avg_accuracy,166000,2026-09-09T11:10:33.616397Z,0.133908689
phase2_regularization,training_aggregate,train/avg_accuracy,167000,2026-09-09T11:11:33.717272Z,0.1339385509
phase2_regularization,training_aggregate,train/avg_accuracy,168000,2026-09-09T11:12:36.077402Z,0.1343216002
phase2_regularization,training_aggregate,train/avg_accuracy,169000,2026-09-09T11:13:36.901404Z,0.1346562505
phase2_regularization,training_aggregate,train/avg_accuracy,170000,2026-09-09T11:14:39.877279Z,0.1358986795
phase2_regularization,training_aggregate,train/avg_accuracy,171000,2026-09-09T11:15:39.910725Z,0.1367585659
phase2_regularization,training_aggregate,train/avg_accuracy,172000,2026-09-09T11:16:40.566116Z,0.1357856244
phase2_regularization,training_aggregate,train/avg_accuracy,173000,2026-09-09T11:17:40.559898Z,0.1345230639
phase2_regularization,training_aggregate,train/avg_accuracy,174000,2026-09-09T11:18:40.316892Z,0.1355899125
phase2_regularization,training_aggregate,train/avg_accuracy,175000,2026-09-09T11:19:41.642640Z,0.1334639788
phase2_regularization,training_aggregate,train/avg_accuracy,176000,2026-09-09T11:21:03.922575Z,0.1357518286
phase2_regularization,training_aggregate,train/avg_accuracy,177000,2026-09-09T11:22:03.750640Z,0.1355147213
phase2_regularization,training_aggregate,train/avg_accuracy,178000,2026-09-09T11:23:05.227312Z,0.1369940042
phase2_regularization,training_aggregate,train/avg_accuracy,179000,2026-09-09T11:24:03.198537Z,0.1364210397
phase2_regularization,training_aggregate,train/avg_accuracy,180000,2026-09-09T11:25:05.693034Z,0.1351759732
phase2_regularization,training_aggregate,train/avg_accuracy,181000,2026-09-09T11:26:06.067907Z,0.1365567893
phase2_regularization,training_aggregate,train/avg_accuracy,182000,2026-09-09T11:27:07.674725Z,0.1366085112
phase2_regularization,training_aggregate,train/avg_accuracy,183000,2026-09-09T11:28:07.314977Z,0.1369204074
phase2_regularization,training_aggregate,train/avg_accuracy,184000,2026-09-09T11:29:08.670026Z,0.1377474517
phase2_regularization,training_aggregate,train/avg_accuracy,185000,2026-09-09T11:30:07.056899Z,0.1383605748
phase2_regularization,training_aggregate,train/avg_accuracy,186000,2026-09-09T11:31:09.830604Z,0.1375262439
phase2_regularization,training_aggregate,train/avg_accuracy,187000,2026-09-09T11:32:11.851104Z,0.1387876123
phase2_regularization,training_aggregate,train/avg_accuracy,188000,2026-09-09T11:33:14.537800Z,0.1360056102
phase2_regularization,training_aggregate,train/avg_accuracy,189000,2026-09-09T11:34:19.097695Z,0.1378423274
phase2_regularization,training_aggregate,train/avg_accuracy,190000,2026-09-09T11:35:22.328504Z,0.1369542927
phase2_regularization,training_aggregate,train/avg_accuracy,191000,2026-09-09T11:36:25.025395Z,0.1392474622
phase2_regularization,training_aggregate,train/avg_accuracy,192000,2026-09-09T11:37:26.969323Z,0.1389501393
phase2_regularization,training_aggregate,train/avg_accuracy,193000,2026-09-09T11:38:28.448823Z,0.1381884515
phase2_regularization,training_aggregate,train/avg_accuracy,194000,2026-09-09T11:39:32.409753Z,0.139117077
phase2_regularization,training_aggregate,train/avg_accuracy,195000,2026-09-09T11:40:34.870007Z,0.139738068
phase2_regularization,training_aggregate,train/avg_accuracy,196000,2026-09-09T11:41:36.748919Z,0.1385828853
phase2_regularization,training_aggregate,train/avg_accuracy,197000,2026-09-09T11:42:37.449365Z,0.1394222975
phase2_regularization,training_aggregate,train/avg_accuracy,198000,2026-09-09T11:43:39.718216Z,0.1386137009
phase2_regularization,training_aggregate,train/avg_accuracy,199000,2026-09-09T11:44:40.640126Z,0.1400012672
phase2_regularization,training_aggregate,train/avg_accuracy,200000,2026-09-09T11:45:39.504758Z,0.1403740197
phase2_regularization,training_aggregate,train/avg_accuracy,201000,2026-09-09T11:47:05.800198Z,0.139771983
phase2_regularization,training_aggregate,train/avg_accuracy,202000,2026-09-09T11:48:09.891469Z,0.1410734504
phase2_regularization,training_aggregate,train/avg_accuracy,203000,2026-09-09T11:49:13.758006Z,0.1402988136
phase2_regularization,training_aggregate,train/avg_accuracy,204000,2026-09-09T11:50:14.654647Z,0.1404252946
phase2_regularization,training_aggregate,train/avg_accuracy,205000,2026-09-09T11:51:12.262468Z,0.1409193426
phase2_regularization,training_aggregate,train/avg_accuracy,206000,2026-09-09T11:52:11.079842Z,0.1396155059
phase2_regularization,training_aggregate,train/avg_accuracy,207000,2026-09-09T11:53:13.454943Z,0.1409552246
phase2_regularization,training_aggregate,train/avg_accuracy,208000,2026-09-09T11:54:10.911388Z,0.1422688365
phase2_regularization,training_aggregate,train/avg_accuracy,209000,2026-09-09T11:55:11.700412Z,0.1414740384
phase2_regularization,training_aggregate,train/avg_accuracy,210000,2026-09-09T11:56:15.396066Z,0.1412037313
phase2_regularization,training_aggregate,train/avg_accuracy,211000,2026-09-09T11:57:19.801721Z,0.1414423585
phase2_regularization,training_aggregate,train/avg_accuracy,212000,2026-09-09T11:58:19.797207Z,0.1414977759
phase2_regularization,training_aggregate,train/avg_accuracy,213000,2026-09-09T11:59:21.984192Z,0.1416089535
phase2_regularization,training_aggregate,train/avg_accuracy,214000,2026-09-09T12:00:21.122102Z,0.1417783797
phase2_regularization,training_aggregate,train/avg_accuracy,215000,2026-09-09T12:01:22.261245Z,0.1416613609
phase2_regularization,training_aggregate,train/avg_accuracy,216000,2026-09-09T12:02:24.965106Z,0.1439119428
phase2_regularization,training_aggregate,train/avg_accuracy,217000,2026-09-09T12:03:27.461842Z,0.1424151957
phase2_regularization,training_aggregate,train/avg_accuracy,218000,2026-09-09T12:04:25.588173Z,0.141431421
phase2_regularization,training_aggregate,train/avg_accuracy,219000,2026-09-09T12:05:26.877518Z,0.1422734708
phase2_regularization,training_aggregate,train/avg_accuracy,220000,2026-09-09T12:06:27.568709Z,0.1433725357
phase2_regularization,training_aggregate,train/avg_accuracy,221000,2026-09-09T12:07:28.425636Z,0.1429483443
phase2_regularization,training_aggregate,train/avg_accuracy,222000,2026-09-09T12:08:30.117866Z,0.1425521672
phase2_regularization,training_aggregate,train/avg_accuracy,223000,2026-09-09T12:09:27.628706Z,0.1432664692
phase2_regularization,training_aggregate,train/avg_accuracy,224000,2026-09-09T12:10:29.843071Z,0.1422521174
phase2_regularization,training_aggregate,train/avg_accuracy,225000,2026-09-09T12:11:27.365634Z,0.1427825689
phase2_regularization,training_aggregate,train/avg_accuracy,226000,2026-09-09T12:12:46.503802Z,0.1442166567
phase2_regularization,training_aggregate,train/avg_accuracy,227000,2026-09-09T12:13:50.494121Z,0.1446967423
phase2_regularization,training_aggregate,train/avg_accuracy,228000,2026-09-09T12:14:54.629367Z,0.1439037323
phase2_regularization,training_aggregate,train/avg_accuracy,229000,2026-09-09T12:15:55.616689Z,0.1450695246
phase2_regularization,training_aggregate,train/avg_accuracy,230000,2026-09-09T12:16:57.042735Z,0.1446609497
phase2_regularization,training_aggregate,train/avg_accuracy,231000,2026-09-09T12:18:02.627219Z,0.1440530717
phase2_regularization,training_aggregate,train/avg_accuracy,232000,2026-09-09T12:19:05.447993Z,0.144685477
phase2_regularization,training_aggregate,train/avg_accuracy,233000,2026-09-09T12:20:10.414637Z,0.1450833827
phase2_regularization,training_aggregate,train/avg_accuracy,234000,2026-09-09T12:21:10.265181Z,0.1447758079
phase2_regularization,training_aggregate,train/avg_accuracy,235000,2026-09-09T12:22:14.500542Z,0.1441891044
phase2_regularization,training_aggregate,train/avg_accuracy,236000,2026-09-09T12:23:19.449764Z,0.1452168822
phase2_regularization,training_aggregate,train/avg_accuracy,237000,2026-09-09T12:24:19.989302Z,0.1446460187
phase2_regularization,training_aggregate,train/avg_accuracy,238000,2026-09-09T12:25:17.107017Z,0.1454487443
phase2_regularization,training_aggregate,train/avg_accuracy,239000,2026-09-09T12:26:15.624082Z,0.1446872056
phase2_regularization,training_aggregate,train/avg_accuracy,240000,2026-09-09T12:27:16.106170Z,0.1455911994
phase2_regularization,training_aggregate,train/avg_accuracy,241000,2026-09-09T12:28:16.105677Z,0.1460313797
phase2_regularization,training_aggregate,train/avg_accuracy,242000,2026-09-09T12:29:20.606358Z,0.1458926052
phase2_regularization,training_aggregate,train/avg_accuracy,243000,2026-09-09T12:30:22.799403Z,0.1464729756
phase2_regularization,training_aggregate,train/avg_accuracy,244000,2026-09-09T12:31:23.396239Z,0.146018222
phase2_regularization,training_aggregate,train/avg_accuracy,245000,2026-09-09T12:32:23.072445Z,0.1465550065
phase2_regularization,training_aggregate,train/avg_accuracy,246000,2026-09-09T12:33:16.743643Z,0.1458098888
phase2_regularization,training_aggregate,train/avg_accuracy,247000,2026-09-09T12:34:16.215462Z,0.1452325732
phase2_regularization,training_aggregate,train/avg_accuracy,248000,2026-09-09T12:35:14.626530Z,0.1457370222
phase2_regularization,training_aggregate,train/avg_accuracy,249000,2026-09-09T12:36:13.720099Z,0.1460431963
phase2_regularization,training_aggregate,train/avg_accuracy,250000,2026-09-09T12:37:14.622890Z,0.1485179663
phase2_regularization,training_aggregate,train/avg_accuracy,251000,2026-09-09T12:38:37.881144Z,0.1467658728
phase2_regularization,training_aggregate,train/avg_accuracy,252000,2026-09-09T12:39:32.934365Z,0.1453235149
phase2_regularization,training_aggregate,train/avg_accuracy,253000,2026-09-09T12:40:32.478808Z,0.1465480477
phase2_regularization,training_aggregate,train/avg_accuracy,254000,2026-09-09T12:41:33.082029Z,0.1472039223
phase2_regularization,training_aggregate,train/avg_accuracy,255000,2026-09-09T12:42:31.068394Z,0.1493634433
phase2_regularization,training_aggregate,train/avg_accuracy,256000,2026-09-09T12:43:31.266488Z,0.1479577571
phase2_regularization,training_aggregate,train/avg_accuracy,257000,2026-09-09T12:44:28.991905Z,0.148198083
phase2_regularization,training_aggregate,train/avg_accuracy,258000,2026-09-09T12:45:26.672297Z,0.1489195675
phase2_regularization,training_aggregate,train/avg_accuracy,259000,2026-09-09T12:46:26.916844Z,0.1489404589
phase2_regularization,training_aggregate,train/avg_accuracy,260000,2026-09-09T12:47:26.324359Z,0.1480920464
phase2_regularization,training_aggregate,train/avg_accuracy,261000,2026-09-09T12:48:28.051078Z,0.1502793431
phase2_regularization,training_aggregate,train/avg_accuracy,262000,2026-09-09T12:49:27.071344Z,0.1481359154
phase2_regularization,training_aggregate,train/avg_accuracy,263000,2026-09-09T12:50:24.800046Z,0.1483860165
phase2_regularization,training_aggregate,train/avg_accuracy,264000,2026-09-09T12:51:25.340230Z,0.1496156156
phase2_regularization,training_aggregate,train/avg_accuracy,265000,2026-09-09T12:52:26.016663Z,0.149436608
phase2_regularization,training_aggregate,train/avg_accuracy,266000,2026-09-09T12:53:23.197892Z,0.1508717388
phase2_regularization,training_aggregate,train/avg_accuracy,267000,2026-09-09T12:54:22.159151Z,0.1483699083
phase2_regularization,training_aggregate,train/avg_accuracy,268000,2026-09-09T12:55:24.234399Z,0.1501450986
phase2_regularization,training_aggregate,train/avg_accuracy,269000,2026-09-09T12:56:25.112905Z,0.1512423456
phase2_regularization,training_aggregate,train/avg_accuracy,270000,2026-09-09T12:57:25.487145Z,0.149185434
phase2_regularization,training_aggregate,train/avg_accuracy,271000,2026-09-09T12:58:20.597496Z,0.1503342688
phase2_regularization,training_aggregate,train/avg_accuracy,272000,2026-09-09T12:59:18.123979Z,0.1496851146
phase2_regularization,training_aggregate,train/avg_accuracy,273000,2026-09-09T13:00:16.729092Z,0.1517607719
phase2_regularization,training_aggregate,train/avg_accuracy,274000,2026-09-09T13:01:17.847472Z,0.1512260735
phase2_regularization,training_aggregate,train/avg_accuracy,275000,2026-09-09T13:02:16.556726Z,0.1508669108
phase2_regularization,training_aggregate,train/avg_accuracy,276000,2026-09-09T13:03:33.728581Z,0.1514737159
phase2_regularization,training_aggregate,train/avg_accuracy,277000,2026-09-09T13:04:29.691064Z,0.1518971324
phase2_regularization,training_aggregate,train/avg_accuracy,278000,2026-09-09T13:05:28.540277Z,0.151046589
phase2_regularization,training_aggregate,train/avg_accuracy,279000,2026-09-09T13:06:24.198335Z,0.1511323154
phase2_regularization,training_aggregate,train/avg_accuracy,280000,2026-09-09T13:07:18.330370Z,0.1524621695
phase2_regularization,training_aggregate,train/avg_accuracy,281000,2026-09-09T13:08:17.548341Z,0.1512566358
phase2_regularization,training_aggregate,train/avg_accuracy,282000,2026-09-09T13:09:17.683455Z,0.1509258747
phase2_regularization,training_aggregate,train/avg_accuracy,283000,2026-09-09T13:10:15.434009Z,0.1510131806
phase2_regularization,training_aggregate,train/avg_accuracy,284000,2026-09-09T13:11:09.769269Z,0.1523870677
phase2_regularization,training_aggregate,train/avg_accuracy,285000,2026-09-09T13:12:03.361812Z,0.1541578919
phase2_regularization,training_aggregate,train/avg_accuracy,286000,2026-09-09T13:13:01.820832Z,0.1538991779
phase2_regularization,training_aggregate,train/avg_accuracy,287000,2026-09-09T13:13:59.887227Z,0.1518999934
phase2_regularization,training_aggregate,train/avg_accuracy,288000,2026-09-09T13:14:54.375949Z,0.1543139964
phase2_regularization,training_aggregate,train/avg_accuracy,289000,2026-09-09T13:15:56.319414Z,0.1539329439
phase2_regularization,training_aggregate,train/avg_accuracy,290000,2026-09-09T13:16:59.361705Z,0.1530648619
phase2_regularization,training_aggregate,train/avg_accuracy,291000,2026-09-09T13:18:00.037022Z,0.1540898979
phase2_regularization,training_aggregate,train/avg_accuracy,292000,2026-09-09T13:18:57.616736Z,0.1538401693
phase2_regularization,training_aggregate,train/avg_accuracy,293000,2026-09-09T13:19:55.334906Z,0.1539452523
phase2_regularization,training_aggregate,train/avg_accuracy,294000,2026-09-09T13:20:53.302375Z,0.1566269994
phase2_regularization,training_aggregate,train/avg_accuracy,295000,2026-09-09T13:21:53.998718Z,0.1545814723
phase2_regularization,training_aggregate,train/avg_accuracy,296000,2026-09-09T13:22:54.303159Z,0.1556841284
phase2_regularization,training_aggregate,train/avg_accuracy,297000,2026-09-09T13:23:51.147684Z,0.1546690762
phase2_regularization,training_aggregate,train/avg_accuracy,298000,2026-09-09T13:24:50.918873Z,0.1562132984
phase2_regularization,training_aggregate,train/avg_accuracy,299000,2026-09-09T13:25:47.546975Z,0.1559347361
phase2_regularization,training_aggregate,train/avg_accuracy,300000,2026-09-09T13:26:49.240199Z,0.156450972
phase2_regularization,training_aggregate,train/avg_accuracy,301000,2026-09-09T13:28:11.925326Z,0.1564971656
phase2_regularization,training_aggregate,train/avg_accuracy,302000,2026-09-09T13:29:15.950515Z,0.1556717008
phase2_regularization,training_aggregate,train/avg_accuracy,303000,2026-09-09T13:30:15.935077Z,0.1570072174
phase2_regularization,training_aggregate,train/avg_accuracy,304000,2026-09-09T13:31:20.410555Z,0.1574245095
phase2_regularization,training_aggregate,train/avg_accuracy,305000,2026-09-09T13:32:22.320423Z,0.1572866738
phase2_regularization,training_aggregate,train/avg_accuracy,306000,2026-09-09T13:33:23.381622Z,0.15786466
phase2_regularization,training_aggregate,train/avg_accuracy,307000,2026-09-09T13:34:22.376682Z,0.1577850282
phase2_regularization,training_aggregate,train/avg_accuracy,308000,2026-09-09T13:35:21.302477Z,0.1575348079
phase2_regularization,training_aggregate,train/avg_accuracy,309000,2026-09-09T13:36:22.418354Z,0.1580311954
phase2_regularization,training_aggregate,train/avg_accuracy,310000,2026-09-09T13:37:19.625718Z,0.1588647366
phase2_regularization,training_aggregate,train/avg_accuracy,311000,2026-09-09T13:38:17.500178Z,0.1583920717
phase2_regularization,training_aggregate,train/avg_accuracy,312000,2026-09-09T13:39:18.781677Z,0.1605100781
phase2_regularization,training_aggregate,train/avg_accuracy,313000,2026-09-09T13:40:17.709742Z,0.1602120399
phase2_regularization,training_aggregate,train/avg_accuracy,314000,2026-09-09T13:41:16.838169Z,0.1630046666
phase2_regularization,training_aggregate,train/avg_accuracy,315000,2026-09-09T13:42:16.259694Z,0.1627029032
phase2_regularization,training_aggregate,train/avg_accuracy,316000,2026-09-09T13:43:15.040578Z,0.1627456397
phase2_regularization,training_aggregate,train/avg_accuracy,317000,2026-09-09T13:44:11.382558Z,0.1627657562
phase2_regularization,training_aggregate,train/avg_accuracy,318000,2026-09-09T13:45:10.882130Z,0.1637578309
phase2_regularization,training_aggregate,train/avg_accuracy,319000,2026-09-09T13:46:14.959733Z,0.1645842046
phase2_regularization,training_aggregate,train/avg_accuracy,320000,2026-09-09T13:47:16.229953Z,0.1626409739
phase2_regularization,training_aggregate,train/avg_accuracy,321000,2026-09-09T13:48:17.039167Z,0.1659212261
phase2_regularization,training_aggregate,train/avg_accuracy,322000,2026-09-09T13:49:19.720150Z,0.1667678803
phase2_regularization,training_aggregate,train/avg_accuracy,323000,2026-09-09T13:50:19.442285Z,0.1669112742
phase2_regularization,training_aggregate,train/avg_accuracy,324000,2026-09-09T13:51:22.822988Z,0.1677454263
phase2_regularization,training_aggregate,train/avg_accuracy,325000,2026-09-09T13:52:23.308650Z,0.168141678
phase2_regularization,training_aggregate,train/avg_accuracy,326000,2026-09-09T13:53:43.882679Z,0.1692945808
phase2_regularization,training_aggregate,train/avg_accuracy,327000,2026-09-09T13:54:45.989999Z,0.1705414206
phase2_regularization,training_aggregate,train/avg_accuracy,328000,2026-09-09T13:55:46.246101Z,0.1715520918
phase2_regularization,training_aggregate,train/avg_accuracy,329000,2026-09-09T13:56:47.025159Z,0.1704075933
phase2_regularization,training_aggregate,train/avg_accuracy,330000,2026-09-09T13:57:49.378928Z,0.1707725078
phase2_regularization,training_aggregate,train/avg_accuracy,331000,2026-09-09T13:58:44.598814Z,0.1710849404
phase2_regularization,training_aggregate,train/avg_accuracy,332000,2026-09-09T13:59:46.678395Z,0.1719456166
phase2_regularization,training_aggregate,train/avg_accuracy,333000,2026-09-09T14:00:49.535711Z,0.1737545729
phase2_regularization,training_aggregate,train/avg_accuracy,334000,2026-09-09T14:01:52.963900Z,0.1743502021
phase2_regularization,training_aggregate,train/avg_accuracy,335000,2026-09-09T14:02:57.189293Z,0.1751841903
phase2_regularization,training_aggregate,train/avg_accuracy,336000,2026-09-09T14:03:55.983718Z,0.173697874
phase2_regularization,training_aggregate,train/avg_accuracy,337000,2026-09-09T14:04:58.755485Z,0.1749728918
phase2_regularization,training_aggregate,train/avg_accuracy,338000,2026-09-09T14:05:57.852983Z,0.1754810214
phase2_regularization,training_aggregate,train/avg_accuracy,339000,2026-09-09T14:06:57.470123Z,0.1774927825
phase2_regularization,training_aggregate,train/avg_accuracy,340000,2026-09-09T14:07:56.750895Z,0.1769946069
phase2_regularization,training_aggregate,train/avg_accuracy,341000,2026-09-09T14:08:56.553623Z,0.1773588657
phase2_regularization,training_aggregate,train/avg_accuracy,342000,2026-09-09T14:09:54.521405Z,0.1764135063
phase2_regularization,training_aggregate,train/avg_accuracy,343000,2026-09-09T14:10:50.076251Z,0.1775861681
phase2_regularization,training_aggregate,train/avg_accuracy,344000,2026-09-09T14:11:49.471708Z,0.1787828952
phase2_regularization,training_aggregate,train/avg_accuracy,345000,2026-09-09T14:12:48.662046Z,0.1799749881
phase2_regularization,training_aggregate,train/avg_accuracy,346000,2026-09-09T14:13:51.859040Z,0.1783951074
phase2_regularization,training_aggregate,train/avg_accuracy,347000,2026-09-09T14:14:48.161089Z,0.1805504262
phase2_regularization,training_aggregate,train/avg_accuracy,348000,2026-09-09T14:15:47.961816Z,0.1777206808
phase2_regularization,training_aggregate,train/avg_accuracy,349000,2026-09-09T14:16:42.824718Z,0.1794019341
phase2_regularization,training_aggregate,train/avg_accuracy,350000,2026-09-09T14:17:39.339021Z,0.1790911704
phase2_regularization,training_aggregate,train/avg_accuracy,351000,2026-09-09T14:19:05.679808Z,0.1808837056
phase2_regularization,training_aggregate,train/avg_accuracy,352000,2026-09-09T14:20:08.129401Z,0.1818234921
phase2_regularization,training_aggregate,train/avg_accuracy,353000,2026-09-09T14:21:08.933213Z,0.1826960295
phase2_regularization,training_aggregate,train/avg_accuracy,354000,2026-09-09T14:22:07.811621Z,0.1819204986
phase2_regularization,training_aggregate,train/avg_accuracy,355000,2026-09-09T14:23:07.531571Z,0.1806168556
phase2_regularization,training_aggregate,train/avg_accuracy,356000,2026-09-09T14:24:07.436530Z,0.1815371215
phase2_regularization,training_aggregate,train/avg_accuracy,357000,2026-09-09T14:25:09.404330Z,0.1834771931
phase2_regularization,training_aggregate,train/avg_accuracy,358000,2026-09-09T14:26:08.042450Z,0.1835256815
phase2_regularization,training_aggregate,train/avg_accuracy,359000,2026-09-09T14:27:08.212579Z,0.184898138
phase2_regularization,training_aggregate,train/avg_accuracy,360000,2026-09-09T14:28:09.544200Z,0.1836762875
phase2_regularization,training_aggregate,train/avg_accuracy,361000,2026-09-09T14:29:09.226418Z,0.1825725585
phase2_regularization,training_aggregate,train/avg_accuracy,362000,2026-09-09T14:30:09.861863Z,0.186531812
phase2_regularization,training_aggregate,train/avg_accuracy,363000,2026-09-09T14:31:11.952089Z,0.1871402413
phase2_regularization,training_aggregate,train/avg_accuracy,364000,2026-09-09T14:32:09.020878Z,0.186473459
phase2_regularization,training_aggregate,train/avg_accuracy,365000,2026-09-09T14:33:08.836417Z,0.1857502609
phase2_regularization,training_aggregate,train/avg_accuracy,366000,2026-09-09T14:34:06.605908Z,0.1871615797
phase2_regularization,training_aggregate,train/avg_accuracy,367000,2026-09-09T14:35:08.499340Z,0.1885659248
phase2_regularization,training_aggregate,train/avg_accuracy,368000,2026-09-09T14:36:10.174221Z,0.1863151044
phase2_regularization,training_aggregate,train/avg_accuracy,369000,2026-09-09T14:37:05.903830Z,0.1875703335
phase2_regularization,training_aggregate,train/avg_accuracy,370000,2026-09-09T14:38:06.362240Z,0.1886245161
phase2_regularization,training_aggregate,train/avg_accuracy,371000,2026-09-09T14:39:05.033690Z,0.1868441105
phase2_regularization,training_aggregate,train/avg_accuracy,372000,2026-09-09T14:40:05.259819Z,0.1896041483
phase2_regularization,training_aggregate,train/avg_accuracy,373000,2026-09-09T14:41:02.823265Z,0.1881782711
phase2_regularization,training_aggregate,train/avg_accuracy,374000,2026-09-09T14:42:03.759449Z,0.1889505535
phase2_regularization,training_aggregate,train/avg_accuracy,375000,2026-09-09T14:43:04.096110Z,0.1896376759
phase2_regularization,training_aggregate,train/avg_accuracy,376000,2026-09-09T14:44:27.323717Z,0.1915109307
phase2_regularization,training_aggregate,train/avg_accuracy,377000,2026-09-09T14:45:28.381018Z,0.1911725998
phase2_regularization,training_aggregate,train/avg_accuracy,378000,2026-09-09T14:46:31.184119Z,0.191418469
phase2_regularization,training_aggregate,train/avg_accuracy,379000,2026-09-09T14:47:32.853588Z,0.1906879693
phase2_regularization,training_aggregate,train/avg_accuracy,380000,2026-09-09T14:48:31.882428Z,0.1905655265
phase2_regularization,training_aggregate,train/avg_accuracy,381000,2026-09-09T14:49:33.161223Z,0.1921012551
phase2_regularization,training_aggregate,train/avg_accuracy,382000,2026-09-09T14:50:32.023468Z,0.1918248385
phase2_regularization,training_aggregate,train/avg_accuracy,383000,2026-09-09T14:51:32.056946Z,0.1929135472
phase2_regularization,training_aggregate,train/avg_accuracy,384000,2026-09-09T14:52:32.046719Z,0.1939160228
phase2_regularization,training_aggregate,train/avg_accuracy,385000,2026-09-09T14:53:29.986544Z,0.194195345
phase2_regularization,training_aggregate,train/avg_accuracy,386000,2026-09-09T14:54:32.563407Z,0.1958744526
phase2_regularization,training_aggregate,train/avg_accuracy,387000,2026-09-09T14:55:32.795873Z,0.1965682358
phase2_regularization,training_aggregate,train/avg_accuracy,388000,2026-09-09T14:56:30.729902Z,0.1958048046
phase2_regularization,training_aggregate,train/avg_accuracy,389000,2026-09-09T14:57:29.319984Z,0.1956938207
phase2_regularization,training_aggregate,train/avg_accuracy,390000,2026-09-09T14:58:24.771120Z,0.1948633641
phase2_regularization,training_aggregate,train/avg_accuracy,391000,2026-09-09T14:59:25.707666Z,0.1949612498
phase2_regularization,training_aggregate,train/avg_accuracy,392000,2026-09-09T15:00:26.379053Z,0.1944112182
phase2_regularization,training_aggregate,train/avg_accuracy,393000,2026-09-09T15:01:28.798393Z,0.1965254843
phase2_regularization,training_aggregate,train/avg_accuracy,394000,2026-09-09T15:02:27.874125Z,0.19789958
phase2_regularization,training_aggregate,train/avg_accuracy,395000,2026-09-09T15:03:26.963326Z,0.1977107823
phase2_regularization,training_aggregate,train/avg_accuracy,396000,2026-09-09T15:04:28.847288Z,0.1970303357
phase2_regularization,training_aggregate,train/avg_accuracy,397000,2026-09-09T15:05:29.433788Z,0.2002968192
phase2_regularization,training_aggregate,train/avg_accuracy,398000,2026-09-09T15:06:30.791616Z,0.1983347982
phase2_regularization,training_aggregate,train/avg_accuracy,399000,2026-09-09T15:07:28.001946Z,0.2004742622
phase2_regularization,training_aggregate,train/avg_accuracy,400000,2026-09-09T15:08:26.647874Z,0.2005322874
phase2_regularization,training_aggregate,train/avg_accuracy,401000,2026-09-09T15:09:52.431756Z,0.1992973238
phase2_regularization,training_aggregate,train/avg_accuracy,402000,2026-09-09T15:10:53.993525Z,0.2008427233
phase2_regularization,training_aggregate,train/avg_accuracy,403000,2026-09-09T15:11:54.987364Z,0.2021702081
phase2_regularization,training_aggregate,train/avg_accuracy,404000,2026-09-09T15:12:54.943924Z,0.200417757
phase2_regularization,training_aggregate,train/avg_accuracy,405000,2026-09-09T15:13:53.066552Z,0.2004547715
phase2_regularization,training_aggregate,train/avg_accuracy,406000,2026-09-09T15:14:54.663772Z,0.2007068098
phase2_regularization,training_aggregate,train/avg_accuracy,407000,2026-09-09T15:15:55.312067Z,0.2018895745
phase2_regularization,training_aggregate,train/avg_accuracy,408000,2026-09-09T15:16:58.255327Z,0.2023476064
phase2_regularization,training_aggregate,train/avg_accuracy,409000,2026-09-09T15:17:56.952950Z,0.2026984543
phase2_regularization,training_aggregate,train/avg_accuracy,410000,2026-09-09T15:19:01.129061Z,0.2036899775
phase2_regularization,training_aggregate,train/avg_accuracy,411000,2026-09-09T15:20:02.886678Z,0.2033937722
phase2_regularization,training_aggregate,train/avg_accuracy,412000,2026-09-09T15:20:59.797544Z,0.2029132396
phase2_regularization,training_aggregate,train/avg_accuracy,413000,2026-09-09T15:21:58.602829Z,0.2072428763
phase2_regularization,training_aggregate,train/avg_accuracy,414000,2026-09-09T15:22:57.430735Z,0.2071066052
phase2_regularization,training_aggregate,train/avg_accuracy,415000,2026-09-09T15:23:58.265197Z,0.2061719149
phase2_regularization,training_aggregate,train/avg_accuracy,416000,2026-09-09T15:24:57.334976Z,0.2054445446
phase2_regularization,training_aggregate,train/avg_accuracy,417000,2026-09-09T15:25:55.825643Z,0.2079682052
phase2_regularization,training_aggregate,train/avg_accuracy,418000,2026-09-09T15:26:57.797861Z,0.2063019276
phase2_regularization,training_aggregate,train/avg_accuracy,419000,2026-09-09T15:27:58.063565Z,0.208028242
phase2_regularization,training_aggregate,train/avg_accuracy,420000,2026-09-09T15:28:56.254648Z,0.2075196356
phase2_regularization,training_aggregate,train/avg_accuracy,421000,2026-09-09T15:29:51.447547Z,0.2068624794
phase2_regularization,training_aggregate,train/avg_accuracy,422000,2026-09-09T15:30:49.622086Z,0.2070632279
phase2_regularization,training_aggregate,train/avg_accuracy,423000,2026-09-09T15:31:50.301358Z,0.2075671256
phase2_regularization,training_aggregate,train/avg_accuracy,424000,2026-09-09T15:32:47.878540Z,0.2090713978
phase2_regularization,training_aggregate,train/avg_accuracy,425000,2026-09-09T15:33:47.250154Z,0.2087871134
phase2_regularization,training_aggregate,train/avg_accuracy,426000,2026-09-09T15:35:07.606315Z,0.2115057707
phase2_regularization,training_aggregate,train/avg_accuracy,427000,2026-09-09T15:36:05.342192Z,0.2104392499
phase2_regularization,training_aggregate,train/avg_accuracy,428000,2026-09-09T15:37:06.735061Z,0.2094737589
phase2_regularization,training_aggregate,train/avg_accuracy,429000,2026-09-09T15:38:09.276217Z,0.2111989856
phase2_regularization,training_aggregate,train/avg_accuracy,430000,2026-09-09T15:39:06.072720Z,0.2110423595
phase2_regularization,training_aggregate,train/avg_accuracy,431000,2026-09-09T15:40:04.622500Z,0.2115802914
phase2_regularization,training_aggregate,train/avg_accuracy,432000,2026-09-09T15:41:01.526079Z,0.2126641273
phase2_regularization,training_aggregate,train/avg_accuracy,433000,2026-09-09T15:41:59.540925Z,0.2119990736
phase2_regularization,training_aggregate,train/avg_accuracy,434000,2026-09-09T15:42:56.977978Z,0.2134524733
phase2_regularization,training_aggregate,train/avg_accuracy,435000,2026-09-09T15:43:52.429663Z,0.211240992
phase2_regularization,training_aggregate,train/avg_accuracy,436000,2026-09-09T15:44:53.323296Z,0.2139904946
phase2_regularization,training_aggregate,train/avg_accuracy,437000,2026-09-09T15:45:49.790477Z,0.2142023146
phase2_regularization,training_aggregate,train/avg_accuracy,438000,2026-09-09T15:46:52.490469Z,0.2145959437
phase2_regularization,training_aggregate,train/avg_accuracy,439000,2026-09-09T15:47:50.696632Z,0.2167485952
phase2_regularization,training_aggregate,train/avg_accuracy,440000,2026-09-09T15:48:51.578897Z,0.217829451
phase2_regularization,training_aggregate,train/avg_accuracy,441000,2026-09-09T15:49:53.054651Z,0.2159709632
phase2_regularization,training_aggregate,train/avg_accuracy,442000,2026-09-09T15:50:51.098445Z,0.2164051235
phase2_regularization,training_aggregate,train/avg_accuracy,443000,2026-09-09T15:51:51.949946Z,0.2168771178
phase2_regularization,training_aggregate,train/avg_accuracy,444000,2026-09-09T15:52:54.783047Z,0.2174331993
phase2_regularization,training_aggregate,train/avg_accuracy,445000,2026-09-09T15:53:55.400670Z,0.2179650813
phase2_regularization,training_aggregate,train/avg_accuracy,446000,2026-09-09T15:54:56.968400Z,0.2184427679
phase2_regularization,training_aggregate,train/avg_accuracy,447000,2026-09-09T15:55:56.518172Z,0.2187950611
phase2_regularization,training_aggregate,train/avg_accuracy,448000,2026-09-09T15:56:56.885295Z,0.217381537
phase2_regularization,training_aggregate,train/avg_accuracy,449000,2026-09-09T15:57:54.349959Z,0.2196401656
phase2_regularization,training_aggregate,train/avg_accuracy,450000,2026-09-09T15:58:54.851072Z,0.2203554809
phase2_regularization,training_aggregate,train/avg_accuracy,451000,2026-09-09T16:00:17.416460Z,0.2224449664
phase2_regularization,training_aggregate,train/avg_accuracy,452000,2026-09-09T16:01:19.050288Z,0.2214802951
phase2_regularization,training_aggregate,train/avg_accuracy,453000,2026-09-09T16:02:21.006151Z,0.2203966528
phase2_regularization,training_aggregate,train/avg_accuracy,454000,2026-09-09T16:03:21.592497Z,0.220899418
phase2_regularization,training_aggregate,train/avg_accuracy,455000,2026-09-09T16:04:21.266042Z,0.2227244973
phase2_regularization,training_aggregate,train/avg_accuracy,456000,2026-09-09T16:05:20.412000Z,0.2217233479
phase2_regularization,training_aggregate,train/avg_accuracy,457000,2026-09-09T16:06:22.538392Z,0.2243773639
phase2_regularization,training_aggregate,train/avg_accuracy,458000,2026-09-09T16:07:21.544336Z,0.2230789363
phase2_regularization,training_aggregate,train/avg_accuracy,459000,2026-09-09T16:08:17.765171Z,0.2217987478
phase2_regularization,training_aggregate,train/avg_accuracy,460000,2026-09-09T16:09:17.375044Z,0.2239558101
phase2_regularization,training_aggregate,train/avg_accuracy,461000,2026-09-09T16:10:14.915430Z,0.2265769392
phase2_regularization,training_aggregate,train/avg_accuracy,462000,2026-09-09T16:11:13.451446Z,0.2255369276
phase2_regularization,training_aggregate,train/avg_accuracy,463000,2026-09-09T16:12:16.693972Z,0.2263190448
phase2_regularization,training_aggregate,train/avg_accuracy,464000,2026-09-09T16:13:10.477842Z,0.2263547331
phase2_regularization,training_aggregate,train/avg_accuracy,465000,2026-09-09T16:14:11.098608Z,0.2266359031
phase2_regularization,training_aggregate,train/avg_accuracy,466000,2026-09-09T16:15:10.993131Z,0.2260877937
phase2_regularization,training_aggregate,train/avg_accuracy,467000,2026-09-09T16:16:06.574222Z,0.2262400538
phase2_regularization,training_aggregate,train/avg_accuracy,468000,2026-09-09T16:17:04.708564Z,0.2277316004
phase2_regularization,training_aggregate,train/avg_accuracy,469000,2026-09-09T16:18:01.472878Z,0.228441149
phase2_regularization,training_aggregate,train/avg_accuracy,470000,2026-09-09T16:19:00.901842Z,0.2270679325
phase2_regularization,training_aggregate,train/avg_accuracy,471000,2026-09-09T16:20:00.806659Z,0.2274570614
phase2_regularization,training_aggregate,train/avg_accuracy,472000,2026-09-09T16:21:00.872882Z,0.2278739661
phase2_regularization,training_aggregate,train/avg_accuracy,473000,2026-09-09T16:21:58.938420Z,0.2272682339
phase2_regularization,training_aggregate,train/avg_accuracy,474000,2026-09-09T16:23:00.438674Z,0.2289987803
phase2_regularization,training_aggregate,train/avg_accuracy,475000,2026-09-09T16:23:59.089130Z,0.2309425771
phase2_regularization,training_aggregate,train/avg_accuracy,476000,2026-09-09T16:25:23.638617Z,0.2307143807
phase2_regularization,training_aggregate,train/avg_accuracy,477000,2026-09-09T16:26:26.125372Z,0.2299020141
phase2_regularization,training_aggregate,train/avg_accuracy,478000,2026-09-09T16:27:26.073486Z,0.2311131209
phase2_regularization,training_aggregate,train/avg_accuracy,479000,2026-09-09T16:28:25.025608Z,0.2305788845
phase2_regularization,training_aggregate,train/avg_accuracy,480000,2026-09-09T16:29:22.070215Z,0.2318427414
phase2_regularization,training_aggregate,train/avg_accuracy,481000,2026-09-09T16:30:20.982567Z,0.2308049649
phase2_regularization,training_aggregate,train/avg_accuracy,482000,2026-09-09T16:31:22.728785Z,0.2310540229
phase2_regularization,training_aggregate,train/avg_accuracy,483000,2026-09-09T16:32:22.825977Z,0.2321979702
phase2_regularization,training_aggregate,train/avg_accuracy,484000,2026-09-09T16:33:21.162537Z,0.2354555726
phase2_regularization,training_aggregate,train/avg_accuracy,485000,2026-09-09T16:34:22.180091Z,0.2350528985
phase2_regularization,training_aggregate,train/avg_accuracy,486000,2026-09-09T16:35:20.566714Z,0.2334322333
phase2_regularization,training_aggregate,train/avg_accuracy,487000,2026-09-09T16:36:21.056691Z,0.2341041714
phase2_regularization,training_aggregate,train/avg_accuracy,488000,2026-09-09T16:37:21.213691Z,0.236396566
phase2_regularization,training_aggregate,train/avg_accuracy,489000,2026-09-09T16:38:24.489255Z,0.2360494137
phase2_regularization,training_aggregate,train/avg_accuracy,490000,2026-09-09T16:39:21.087875Z,0.2338738889
phase2_regularization,training_aggregate,train/avg_accuracy,491000,2026-09-09T16:40:17.771777Z,0.2364978045
phase2_regularization,training_aggregate,train/avg_accuracy,492000,2026-09-09T16:41:17.182592Z,0.2359643728
phase2_regularization,training_aggregate,train/avg_accuracy,493000,2026-09-09T16:42:12.110054Z,0.2349175513
phase2_regularization,training_aggregate,train/avg_accuracy,494000,2026-09-09T16:43:09.367438Z,0.2359971255
phase2_regularization,training_aggregate,train/avg_accuracy,495000,2026-09-09T16:44:07.807074Z,0.2367785424
phase2_regularization,training_aggregate,train/avg_accuracy,496000,2026-09-09T16:45:10.007059Z,0.2382090837
phase2_regularization,training_aggregate,train/avg_accuracy,497000,2026-09-09T16:46:13.630575Z,0.2356372178
phase2_regularization,training_aggregate,train/avg_accuracy,498000,2026-09-09T16:47:12.699746Z,0.2364249825
phase2_regularization,training_aggregate,train/avg_accuracy,499000,2026-09-09T16:48:14.165628Z,0.2375824302
phase2_regularization,training_aggregate,train/avg_accuracy,500000,2026-09-09T16:49:14.967395Z,0.2375372499
phase2_regularization,training_aggregate,train/avg_accuracy,501000,2026-09-09T16:50:38.209186Z,0.2386947423
phase2_regularization,training_aggregate,train/avg_accuracy,502000,2026-09-09T16:51:43.664155Z,0.2388267815
phase2_regularization,training_aggregate,train/avg_accuracy,503000,2026-09-09T16:52:52.212840Z,0.2398100346
phase2_regularization,training_aggregate,train/avg_accuracy,504000,2026-09-09T16:54:02.791127Z,0.239094764
phase2_regularization,training_aggregate,train/avg_accuracy,505000,2026-09-09T16:55:14.510101Z,0.238821581
phase2_regularization,training_aggregate,train/avg_accuracy,506000,2026-09-09T16:56:23.796101Z,0.2398157865
phase2_regularization,training_aggregate,train/avg_accuracy,507000,2026-09-09T16:57:34.175425Z,0.2428711802
phase2_regularization,training_aggregate,train/avg_accuracy,508000,2026-09-09T16:58:47.053138Z,0.2415405363
phase2_regularization,training_aggregate,train/avg_accuracy,509000,2026-09-09T16:59:57.813086Z,0.2430059314
phase2_regularization,training_aggregate,train/avg_accuracy,510000,2026-09-09T17:01:10.403075Z,0.2401766926
phase2_regularization,training_aggregate,train/avg_accuracy,511000,2026-09-09T17:02:21.606235Z,0.2432513386
phase2_regularization,training_aggregate,train/avg_accuracy,512000,2026-09-09T17:03:32.017093Z,0.2415559143
phase2_regularization,training_aggregate,train/avg_accuracy,513000,2026-09-09T17:04:43.111094Z,0.2420016527
phase2_regularization,training_aggregate,train/avg_accuracy,514000,2026-09-09T17:05:53.636526Z,0.2453003973
phase2_regularization,training_aggregate,train/avg_accuracy,515000,2026-09-09T17:07:04.255087Z,0.2430280596
phase2_regularization,training_aggregate,train/avg_accuracy,516000,2026-09-09T17:08:14.821788Z,0.2432617694
phase2_regularization,training_aggregate,train/avg_accuracy,517000,2026-09-09T17:09:25.723163Z,0.2446439117
phase2_regularization,training_aggregate,train/avg_accuracy,518000,2026-09-09T17:10:36.951868Z,0.2443116903
phase2_regularization,training_aggregate,train/avg_accuracy,519000,2026-09-09T17:11:48.252617Z,0.2431488782
phase2_regularization,training_aggregate,train/avg_accuracy,520000,2026-09-09T17:12:59.043353Z,0.2454158366
phase2_regularization,training_aggregate,train/avg_accuracy,521000,2026-09-09T17:14:09.636163Z,0.2434351295
phase2_regularization,training_aggregate,train/avg_accuracy,522000,2026-09-09T17:15:20.616599Z,0.2420292199
phase2_regularization,training_aggregate,train/avg_accuracy,523000,2026-09-09T17:16:30.623297Z,0.2459587604
phase2_regularization,training_aggregate,train/avg_accuracy,524000,2026-09-09T17:17:41.592611Z,0.2435593307
phase2_regularization,training_aggregate,train/avg_accuracy,525000,2026-09-09T17:18:52.078901Z,0.2436586916
phase2_regularization,training_aggregate,train/avg_accuracy,526000,2026-09-09T17:20:52.582086Z,0.2441692501
phase2_regularization,training_aggregate,train/avg_accuracy,527000,2026-09-09T17:22:03.155649Z,0.245600611
phase2_regularization,training_aggregate,train/avg_accuracy,528000,2026-09-09T17:23:13.530395Z,0.2466837764
phase2_regularization,training_aggregate,train/avg_accuracy,529000,2026-09-09T17:24:25.340087Z,0.2458138168
phase2_regularization,training_aggregate,train/avg_accuracy,530000,2026-09-09T17:25:35.182369Z,0.2463863194
phase2_regularization,training_aggregate,train/avg_accuracy,531000,2026-09-09T17:26:47.036784Z,0.2480080277
phase2_regularization,training_aggregate,train/avg_accuracy,532000,2026-09-09T17:27:59.066936Z,0.24496454
phase2_regularization,training_aggregate,train/avg_accuracy,533000,2026-09-09T17:29:09.478427Z,0.2484782785
phase2_regularization,training_aggregate,train/avg_accuracy,534000,2026-09-09T17:30:20.509087Z,0.2457054853
phase2_regularization,training_aggregate,train/avg_accuracy,535000,2026-09-09T17:31:30.322333Z,0.2490640134
phase2_regularization,training_aggregate,train/avg_accuracy,536000,2026-09-09T17:32:41.978808Z,0.2481739372
phase2_regularization,training_aggregate,train/avg_accuracy,537000,2026-09-09T17:33:52.567082Z,0.2459832728
phase2_regularization,training_aggregate,train/avg_accuracy,538000,2026-09-09T17:35:02.923090Z,0.2487785518
phase2_regularization,training_aggregate,train/avg_accuracy,539000,2026-09-09T17:36:14.971708Z,0.2464103699
phase2_regularization,training_aggregate,train/avg_accuracy,540000,2026-09-09T17:37:26.914827Z,0.2482285351
phase2_regularization,training_aggregate,train/avg_accuracy,541000,2026-09-09T17:38:38.428933Z,0.2494690716
phase2_regularization,training_aggregate,train/avg_accuracy,542000,2026-09-09T17:39:49.522120Z,0.2477934062
phase2_regularization,training_aggregate,train/avg_accuracy,543000,2026-09-09T17:41:00.767757Z,0.2480584681
phase2_regularization,training_aggregate,train/avg_accuracy,544000,2026-09-09T17:42:12.150750Z,0.2484162748
phase2_regularization,training_aggregate,train/avg_accuracy,545000,2026-09-09T17:43:23.240859Z,0.2495686114
phase2_regularization,training_aggregate,train/avg_accuracy,546000,2026-09-09T17:44:33.281082Z,0.2490630895
phase2_regularization,training_aggregate,train/avg_accuracy,547000,2026-09-09T17:45:44.303687Z,0.2494493127
phase2_regularization,training_aggregate,train/avg_accuracy,548000,2026-09-09T17:46:56.969196Z,0.2495143265
phase2_regularization,training_aggregate,train/avg_accuracy,549000,2026-09-09T17:48:07.978118Z,0.2485012263
phase2_regularization,training_aggregate,train/avg_accuracy,550000,2026-09-09T17:49:20.091680Z,0.2504321337
phase2_regularization,training_aggregate,train/avg_accuracy,551000,2026-09-09T17:51:22.303451Z,0.2501356006
phase2_regularization,training_aggregate,train/avg_accuracy,552000,2026-09-09T17:52:34.103164Z,0.2508325279
phase2_regularization,training_aggregate,train/avg_accuracy,553000,2026-09-09T17:53:45.577653Z,0.2500332892
phase2_regularization,training_aggregate,train/avg_accuracy,554000,2026-09-09T17:54:56.958365Z,0.2501987219
phase2_regularization,training_aggregate,train/avg_accuracy,555000,2026-09-09T17:56:08.613111Z,0.2497310936
phase2_regularization,training_aggregate,train/avg_accuracy,556000,2026-09-09T17:57:19.625194Z,0.2519411147
phase2_regularization,training_aggregate,train/avg_accuracy,557000,2026-09-09T17:58:31.579223Z,0.2511714697
phase2_regularization,training_aggregate,train/avg_accuracy,558000,2026-09-09T17:59:42.454975Z,0.2513604462
phase2_regularization,training_aggregate,train/avg_accuracy,559000,2026-09-09T18:00:53.354600Z,0.2511642575
phase2_regularization,training_aggregate,train/avg_accuracy,560000,2026-09-09T18:02:04.203507Z,0.2520753145
phase2_regularization,training_aggregate,train/avg_accuracy,561000,2026-09-09T18:03:14.688107Z,0.2496534735
phase2_regularization,training_aggregate,train/avg_accuracy,562000,2026-09-09T18:04:26.948102Z,0.2507683337
phase2_regularization,training_aggregate,train/avg_accuracy,563000,2026-09-09T18:05:36.958549Z,0.2516819239
phase2_regularization,training_aggregate,train/avg_accuracy,564000,2026-09-09T18:06:49.015931Z,0.2538911998
phase2_regularization,training_aggregate,train/avg_accuracy,565000,2026-09-09T18:07:59.651434Z,0.2534530759
phase2_regularization,training_aggregate,train/avg_accuracy,566000,2026-09-09T18:09:10.329105Z,0.2526371181
phase2_regularization,training_aggregate,train/avg_accuracy,567000,2026-09-09T18:10:21.062195Z,0.2534140348
phase2_regularization,training_aggregate,train/avg_accuracy,568000,2026-09-09T18:11:32.644470Z,0.2527318895
phase2_regularization,training_aggregate,train/avg_accuracy,569000,2026-09-09T18:12:43.658983Z,0.2526116669
phase2_regularization,training_aggregate,train/avg_accuracy,570000,2026-09-09T18:13:49.346203Z,0.2541324496
phase2_regularization,training_aggregate,train/avg_accuracy,571000,2026-09-09T18:14:51.138565Z,0.2543334365
phase2_regularization,training_aggregate,train/avg_accuracy,572000,2026-09-09T18:15:53.022921Z,0.2534810305
phase2_regularization,training_aggregate,train/avg_accuracy,573000,2026-09-09T18:16:51.731634Z,0.254825294
phase2_regularization,training_aggregate,train/avg_accuracy,574000,2026-09-09T18:17:54.329942Z,0.253608942
phase2_regularization,training_aggregate,train/avg_accuracy,575000,2026-09-09T18:18:54.276248Z,0.2553153634
phase2_regularization,training_aggregate,train/avg_accuracy,576000,2026-09-09T18:20:14.672734Z,0.2539225221
phase2_regularization,training_aggregate,train/avg_accuracy,577000,2026-09-09T18:21:14.129299Z,0.2556073964
phase2_regularization,training_aggregate,train/avg_accuracy,578000,2026-09-09T18:22:16.103933Z,0.2566241324
phase2_regularization,training_aggregate,train/avg_accuracy,579000,2026-09-09T18:23:14.782861Z,0.2553778291
phase2_regularization,training_aggregate,train/avg_accuracy,580000,2026-09-09T18:24:17.318965Z,0.2548464239
phase2_regularization,training_aggregate,train/avg_accuracy,581000,2026-09-09T18:25:20.649196Z,0.2565257847
phase2_regularization,training_aggregate,train/avg_accuracy,582000,2026-09-09T18:26:16.509022Z,0.257027626
phase2_regularization,training_aggregate,train/avg_accuracy,583000,2026-09-09T18:27:16.887377Z,0.2565763593
phase2_regularization,training_aggregate,train/avg_accuracy,584000,2026-09-09T18:28:18.906823Z,0.2558091879
phase2_regularization,training_aggregate,train/avg_accuracy,585000,2026-09-09T18:29:21.689030Z,0.2549916804
phase2_regularization,training_aggregate,train/avg_accuracy,586000,2026-09-09T18:30:19.971939Z,0.2559008896
phase2_regularization,training_aggregate,train/avg_accuracy,587000,2026-09-09T18:31:19.354877Z,0.2565707564
phase2_regularization,training_aggregate,train/avg_accuracy,588000,2026-09-09T18:32:18.639158Z,0.2550254166
phase2_regularization,training_aggregate,train/avg_accuracy,589000,2026-09-09T18:33:20.286515Z,0.2585749924
phase2_regularization,training_aggregate,train/avg_accuracy,590000,2026-09-09T18:34:22.233683Z,0.2583066821
phase2_regularization,training_aggregate,train/avg_accuracy,591000,2026-09-09T18:35:26.120949Z,0.2568668723
phase2_regularization,training_aggregate,train/avg_accuracy,592000,2026-09-09T18:36:20.623890Z,0.2566556633
phase2_regularization,training_aggregate,train/avg_accuracy,593000,2026-09-09T18:37:22.059084Z,0.2590774298
phase2_regularization,training_aggregate,train/avg_accuracy,594000,2026-09-09T18:38:24.634714Z,0.2591698766
phase2_regularization,training_aggregate,train/avg_accuracy,595000,2026-09-09T18:39:21.175169Z,0.258194387
phase2_regularization,training_aggregate,train/avg_accuracy,596000,2026-09-09T18:40:21.815950Z,0.2582416832
phase2_regularization,training_aggregate,train/avg_accuracy,597000,2026-09-09T18:41:24.422372Z,0.2592722476
phase2_regularization,training_aggregate,train/avg_accuracy,598000,2026-09-09T18:42:25.980014Z,0.2591230869
phase2_regularization,training_aggregate,train/avg_accuracy,599000,2026-09-09T18:43:26.705781Z,0.2581438124
phase2_regularization,training_aggregate,train/avg_accuracy,600000,2026-09-09T18:44:23.009844Z,0.2596119344
phase2_regularization,training_aggregate,train/avg_loss,1000,2026-09-09T08:28:52.761813Z,8.842821121
phase2_regularization,training_aggregate,train/avg_loss,2000,2026-09-09T08:29:42.653437Z,6.80782938
phase2_regularization,training_aggregate,train/avg_loss,3000,2026-09-09T08:30:32.750319Z,6.136903286
phase2_regularization,training_aggregate,train/avg_loss,4000,2026-09-09T08:31:22.731689Z,5.899309158
phase2_regularization,training_aggregate,train/avg_loss,5000,2026-09-09T08:32:17.116200Z,5.818852425
phase2_regularization,training_aggregate,train/avg_loss,6000,2026-09-09T08:33:06.552946Z,5.753432751
phase2_regularization,training_aggregate,train/avg_loss,7000,2026-09-09T08:33:57.695000Z,5.708957195
phase2_regularization,training_aggregate,train/avg_loss,8000,2026-09-09T08:34:56.234945Z,5.677713394
phase2_regularization,training_aggregate,train/avg_loss,9000,2026-09-09T08:35:55.416879Z,5.632552624
phase2_regularization,training_aggregate,train/avg_loss,10000,2026-09-09T08:36:52.654360Z,5.588672638
phase2_regularization,training_aggregate,train/avg_loss,11000,2026-09-09T08:37:46.973947Z,5.556546688
phase2_regularization,training_aggregate,train/avg_loss,12000,2026-09-09T08:38:47.202180Z,5.504728794
phase2_regularization,training_aggregate,train/avg_loss,13000,2026-09-09T08:39:44.269657Z,5.474928379
phase2_regularization,training_aggregate,train/avg_loss,14000,2026-09-09T08:40:39.614594Z,5.459957123
phase2_regularization,training_aggregate,train/avg_loss,15000,2026-09-09T08:41:38.735439Z,5.414210796
phase2_regularization,training_aggregate,train/avg_loss,16000,2026-09-09T08:42:38.945789Z,5.38991642
phase2_regularization,training_aggregate,train/avg_loss,17000,2026-09-09T08:43:38.876558Z,5.373486042
phase2_regularization,training_aggregate,train/avg_loss,18000,2026-09-09T08:44:36.303335Z,5.332970619
phase2_regularization,training_aggregate,train/avg_loss,19000,2026-09-09T08:45:32.110868Z,5.31509161
phase2_regularization,training_aggregate,train/avg_loss,20000,2026-09-09T08:46:32.369617Z,5.299602985
phase2_regularization,training_aggregate,train/avg_loss,21000,2026-09-09T08:47:29.206042Z,5.269665718
phase2_regularization,training_aggregate,train/avg_loss,22000,2026-09-09T08:48:23.751576Z,5.24105072
phase2_regularization,training_aggregate,train/avg_loss,23000,2026-09-09T08:49:21.232747Z,5.219366074
phase2_regularization,training_aggregate,train/avg_loss,24000,2026-09-09T08:50:16.518299Z,5.196259975
phase2_regularization,training_aggregate,train/avg_loss,25000,2026-09-09T08:51:15.535834Z,5.179460526
phase2_regularization,training_aggregate,train/avg_loss,26000,2026-09-09T08:52:32.360764Z,5.164711952
phase2_regularization,training_aggregate,train/avg_loss,27000,2026-09-09T08:53:25.574433Z,5.146776676
phase2_regularization,training_aggregate,train/avg_loss,28000,2026-09-09T08:54:25.328862Z,5.121295452
phase2_regularization,training_aggregate,train/avg_loss,29000,2026-09-09T08:55:24.613020Z,5.106978416
phase2_regularization,training_aggregate,train/avg_loss,30000,2026-09-09T08:56:22.610022Z,5.082815647
phase2_regularization,training_aggregate,train/avg_loss,31000,2026-09-09T08:57:22.647753Z,5.069226742
phase2_regularization,training_aggregate,train/avg_loss,32000,2026-09-09T08:58:21.593978Z,5.052958012
phase2_regularization,training_aggregate,train/avg_loss,33000,2026-09-09T08:59:14.929729Z,5.029144287
phase2_regularization,training_aggregate,train/avg_loss,34000,2026-09-09T09:00:12.492696Z,5.022022724
phase2_regularization,training_aggregate,train/avg_loss,35000,2026-09-09T09:01:09.068038Z,5.008422852
phase2_regularization,training_aggregate,train/avg_loss,36000,2026-09-09T09:02:09.196928Z,4.990197182
phase2_regularization,training_aggregate,train/avg_loss,37000,2026-09-09T09:03:06.782829Z,4.98570013
phase2_regularization,training_aggregate,train/avg_loss,38000,2026-09-09T09:04:02.430141Z,4.965406418
phase2_regularization,training_aggregate,train/avg_loss,39000,2026-09-09T09:04:59.884910Z,4.945543766
phase2_regularization,training_aggregate,train/avg_loss,40000,2026-09-09T09:05:55.747336Z,4.929000854
phase2_regularization,training_aggregate,train/avg_loss,41000,2026-09-09T09:06:52.231780Z,4.940004826
phase2_regularization,training_aggregate,train/avg_loss,42000,2026-09-09T09:07:49.075332Z,4.911192417
phase2_regularization,training_aggregate,train/avg_loss,43000,2026-09-09T09:08:48.076411Z,4.905241966
phase2_regularization,training_aggregate,train/avg_loss,44000,2026-09-09T09:09:48.829230Z,4.902402401
phase2_regularization,training_aggregate,train/avg_loss,45000,2026-09-09T09:10:45.993894Z,4.888281345
phase2_regularization,training_aggregate,train/avg_loss,46000,2026-09-09T09:11:46.864425Z,4.88446331
phase2_regularization,training_aggregate,train/avg_loss,47000,2026-09-09T09:12:46.210724Z,4.871843815
phase2_regularization,training_aggregate,train/avg_loss,48000,2026-09-09T09:13:45.413607Z,4.860240936
phase2_regularization,training_aggregate,train/avg_loss,49000,2026-09-09T09:14:44.002890Z,4.846928596
phase2_regularization,training_aggregate,train/avg_loss,50000,2026-09-09T09:15:37.175154Z,4.84761858
phase2_regularization,training_aggregate,train/avg_loss,51000,2026-09-09T09:16:58.293606Z,4.842467785
phase2_regularization,training_aggregate,train/avg_loss,52000,2026-09-09T09:17:58.453474Z,4.826998234
phase2_regularization,training_aggregate,train/avg_loss,53000,2026-09-09T09:18:53.910054Z,4.826482296
phase2_regularization,training_aggregate,train/avg_loss,54000,2026-09-09T09:19:50.715776Z,4.821815491
phase2_regularization,training_aggregate,train/avg_loss,55000,2026-09-09T09:20:51.221670Z,4.812150955
phase2_regularization,training_aggregate,train/avg_loss,56000,2026-09-09T09:21:47.376189Z,4.795922279
phase2_regularization,training_aggregate,train/avg_loss,57000,2026-09-09T09:22:45.198953Z,4.796983242
phase2_regularization,training_aggregate,train/avg_loss,58000,2026-09-09T09:23:42.262115Z,4.799396038
phase2_regularization,training_aggregate,train/avg_loss,59000,2026-09-09T09:24:36.468842Z,4.761047363
phase2_regularization,training_aggregate,train/avg_loss,60000,2026-09-09T09:25:32.390748Z,4.769100666
phase2_regularization,training_aggregate,train/avg_loss,61000,2026-09-09T09:26:30.949844Z,4.766777515
phase2_regularization,training_aggregate,train/avg_loss,62000,2026-09-09T09:27:28.889528Z,4.748348236
phase2_regularization,training_aggregate,train/avg_loss,63000,2026-09-09T09:28:31.857028Z,4.753797531
phase2_regularization,training_aggregate,train/avg_loss,64000,2026-09-09T09:29:27.053789Z,4.742396355
phase2_regularization,training_aggregate,train/avg_loss,65000,2026-09-09T09:30:29.013312Z,4.726495743
phase2_regularization,training_aggregate,train/avg_loss,66000,2026-09-09T09:31:28.942484Z,4.729119778
phase2_regularization,training_aggregate,train/avg_loss,67000,2026-09-09T09:32:24.537419Z,4.713319302
phase2_regularization,training_aggregate,train/avg_loss,68000,2026-09-09T09:33:18.506220Z,4.705986023
phase2_regularization,training_aggregate,train/avg_loss,69000,2026-09-09T09:34:18.095304Z,4.701168537
phase2_regularization,training_aggregate,train/avg_loss,70000,2026-09-09T09:35:19.219286Z,4.706346035
phase2_regularization,training_aggregate,train/avg_loss,71000,2026-09-09T09:36:19.731246Z,4.679314137
phase2_regularization,training_aggregate,train/avg_loss,72000,2026-09-09T09:37:20.015347Z,4.664523602
phase2_regularization,training_aggregate,train/avg_loss,73000,2026-09-09T09:38:21.733772Z,4.656668186
phase2_regularization,training_aggregate,train/avg_loss,74000,2026-09-09T09:39:19.350092Z,4.654909611
phase2_regularization,training_aggregate,train/avg_loss,75000,2026-09-09T09:40:20.207015Z,4.6461339
phase2_regularization,training_aggregate,train/avg_loss,76000,2026-09-09T09:41:37.140276Z,4.658414364
phase2_regularization,training_aggregate,train/avg_loss,77000,2026-09-09T09:42:32.745001Z,4.633127213
phase2_regularization,training_aggregate,train/avg_loss,78000,2026-09-09T09:43:31.212170Z,4.634652615
phase2_regularization,training_aggregate,train/avg_loss,79000,2026-09-09T09:44:28.948390Z,4.624741554
phase2_regularization,training_aggregate,train/avg_loss,80000,2026-09-09T09:45:23.589415Z,4.628223896
phase2_regularization,training_aggregate,train/avg_loss,81000,2026-09-09T09:46:21.499681Z,4.622937202
phase2_regularization,training_aggregate,train/avg_loss,82000,2026-09-09T09:47:21.571632Z,4.610307693
phase2_regularization,training_aggregate,train/avg_loss,83000,2026-09-09T09:48:21.619912Z,4.599883556
phase2_regularization,training_aggregate,train/avg_loss,84000,2026-09-09T09:49:18.743478Z,4.590912342
phase2_regularization,training_aggregate,train/avg_loss,85000,2026-09-09T09:50:17.975214Z,4.589819908
phase2_regularization,training_aggregate,train/avg_loss,86000,2026-09-09T09:51:13.352493Z,4.57553339
phase2_regularization,training_aggregate,train/avg_loss,87000,2026-09-09T09:52:09.312665Z,4.576602936
phase2_regularization,training_aggregate,train/avg_loss,88000,2026-09-09T09:53:06.403892Z,4.560806751
phase2_regularization,training_aggregate,train/avg_loss,89000,2026-09-09T09:54:04.552437Z,4.568033695
phase2_regularization,training_aggregate,train/avg_loss,90000,2026-09-09T09:54:58.559042Z,4.555902958
phase2_regularization,training_aggregate,train/avg_loss,91000,2026-09-09T09:55:53.681397Z,4.548100471
phase2_regularization,training_aggregate,train/avg_loss,92000,2026-09-09T09:56:52.683327Z,4.537190914
phase2_regularization,training_aggregate,train/avg_loss,93000,2026-09-09T09:57:50.627588Z,4.536786079
phase2_regularization,training_aggregate,train/avg_loss,94000,2026-09-09T09:58:52.726720Z,4.526556492
phase2_regularization,training_aggregate,train/avg_loss,95000,2026-09-09T09:59:50.917837Z,4.518250465
phase2_regularization,training_aggregate,train/avg_loss,96000,2026-09-09T10:00:50.171788Z,4.520086288
phase2_regularization,training_aggregate,train/avg_loss,97000,2026-09-09T10:01:45.546618Z,4.525784969
phase2_regularization,training_aggregate,train/avg_loss,98000,2026-09-09T10:02:43.469600Z,4.50821209
phase2_regularization,training_aggregate,train/avg_loss,99000,2026-09-09T10:03:41.989935Z,4.503651619
phase2_regularization,training_aggregate,train/avg_loss,100000,2026-09-09T10:04:36.947258Z,4.496652126
phase2_regularization,training_aggregate,train/avg_loss,101000,2026-09-09T10:05:58.508436Z,4.49659586
phase2_regularization,training_aggregate,train/avg_loss,102000,2026-09-09T10:06:55.502201Z,4.495178699
phase2_regularization,training_aggregate,train/avg_loss,103000,2026-09-09T10:07:51.749357Z,4.480436325
phase2_regularization,training_aggregate,train/avg_loss,104000,2026-09-09T10:08:50.331207Z,4.477466583
phase2_regularization,training_aggregate,train/avg_loss,105000,2026-09-09T10:09:48.345296Z,4.475326061
phase2_regularization,training_aggregate,train/avg_loss,106000,2026-09-09T10:10:44.593989Z,4.4797616
phase2_regularization,training_aggregate,train/avg_loss,107000,2026-09-09T10:11:41.307594Z,4.469353199
phase2_regularization,training_aggregate,train/avg_loss,108000,2026-09-09T10:12:40.200195Z,4.455060959
phase2_regularization,training_aggregate,train/avg_loss,109000,2026-09-09T10:13:32.348878Z,4.461126328
phase2_regularization,training_aggregate,train/avg_loss,110000,2026-09-09T10:14:33.748526Z,4.451107502
phase2_regularization,training_aggregate,train/avg_loss,111000,2026-09-09T10:15:32.087997Z,4.455468655
phase2_regularization,training_aggregate,train/avg_loss,112000,2026-09-09T10:16:27.624004Z,4.446501732
phase2_regularization,training_aggregate,train/avg_loss,113000,2026-09-09T10:17:25.649735Z,4.451776505
phase2_regularization,training_aggregate,train/avg_loss,114000,2026-09-09T10:18:22.393025Z,4.449500561
phase2_regularization,training_aggregate,train/avg_loss,115000,2026-09-09T10:19:22.007389Z,4.453362465
phase2_regularization,training_aggregate,train/avg_loss,116000,2026-09-09T10:20:19.267477Z,4.4390378
phase2_regularization,training_aggregate,train/avg_loss,117000,2026-09-09T10:21:19.687136Z,4.442475796
phase2_regularization,training_aggregate,train/avg_loss,118000,2026-09-09T10:22:15.309804Z,4.420489788
phase2_regularization,training_aggregate,train/avg_loss,119000,2026-09-09T10:23:14.352899Z,4.43919754
phase2_regularization,training_aggregate,train/avg_loss,120000,2026-09-09T10:24:11.438711Z,4.426636696
phase2_regularization,training_aggregate,train/avg_loss,121000,2026-09-09T10:25:04.894950Z,4.431736469
phase2_regularization,training_aggregate,train/avg_loss,122000,2026-09-09T10:26:00.948973Z,4.420901299
phase2_regularization,training_aggregate,train/avg_loss,123000,2026-09-09T10:27:01.379138Z,4.425419807
phase2_regularization,training_aggregate,train/avg_loss,124000,2026-09-09T10:28:01.847754Z,4.418633461
phase2_regularization,training_aggregate,train/avg_loss,125000,2026-09-09T10:28:57.719412Z,4.422599792
phase2_regularization,training_aggregate,train/avg_loss,126000,2026-09-09T10:30:15.688027Z,4.41568327
phase2_regularization,training_aggregate,train/avg_loss,127000,2026-09-09T10:31:13.177767Z,4.406404495
phase2_regularization,training_aggregate,train/avg_loss,128000,2026-09-09T10:32:10.602850Z,4.399333954
phase2_regularization,training_aggregate,train/avg_loss,129000,2026-09-09T10:33:10.389584Z,4.402408123
phase2_regularization,training_aggregate,train/avg_loss,130000,2026-09-09T10:34:11.258065Z,4.404138088
phase2_regularization,training_aggregate,train/avg_loss,131000,2026-09-09T10:35:05.124840Z,4.400910378
phase2_regularization,training_aggregate,train/avg_loss,132000,2026-09-09T10:36:02.200847Z,4.407989979
phase2_regularization,training_aggregate,train/avg_loss,133000,2026-09-09T10:37:01.152122Z,4.393410683
phase2_regularization,training_aggregate,train/avg_loss,134000,2026-09-09T10:37:59.722604Z,4.398862362
phase2_regularization,training_aggregate,train/avg_loss,135000,2026-09-09T10:38:59.393919Z,4.394517899
phase2_regularization,training_aggregate,train/avg_loss,136000,2026-09-09T10:40:00.676211Z,4.386931419
phase2_regularization,training_aggregate,train/avg_loss,137000,2026-09-09T10:40:59.470033Z,4.380414009
phase2_regularization,training_aggregate,train/avg_loss,138000,2026-09-09T10:41:58.518214Z,4.383264065
phase2_regularization,training_aggregate,train/avg_loss,139000,2026-09-09T10:42:57.762150Z,4.380474091
phase2_regularization,training_aggregate,train/avg_loss,140000,2026-09-09T10:43:55.085154Z,4.373090267
phase2_regularization,training_aggregate,train/avg_loss,141000,2026-09-09T10:44:53.151066Z,4.372814178
phase2_regularization,training_aggregate,train/avg_loss,142000,2026-09-09T10:45:53.150288Z,4.368994236
phase2_regularization,training_aggregate,train/avg_loss,143000,2026-09-09T10:46:50.496490Z,4.370182514
phase2_regularization,training_aggregate,train/avg_loss,144000,2026-09-09T10:47:44.337911Z,4.376263618
phase2_regularization,training_aggregate,train/avg_loss,145000,2026-09-09T10:48:36.610746Z,4.363542557
phase2_regularization,training_aggregate,train/avg_loss,146000,2026-09-09T10:49:36.450428Z,4.373620987
phase2_regularization,training_aggregate,train/avg_loss,147000,2026-09-09T10:50:41.182511Z,4.362204075
phase2_regularization,training_aggregate,train/avg_loss,148000,2026-09-09T10:51:43.640152Z,4.354703426
phase2_regularization,training_aggregate,train/avg_loss,149000,2026-09-09T10:52:47.420033Z,4.355902672
phase2_regularization,training_aggregate,train/avg_loss,150000,2026-09-09T10:53:52.144264Z,4.357474327
phase2_regularization,training_aggregate,train/avg_loss,151000,2026-09-09T10:55:21.785640Z,4.353400707
phase2_regularization,training_aggregate,train/avg_loss,152000,2026-09-09T10:56:22.616028Z,4.355696201
phase2_regularization,training_aggregate,train/avg_loss,153000,2026-09-09T10:57:24.590141Z,4.364630222
phase2_regularization,training_aggregate,train/avg_loss,154000,2026-09-09T10:58:23.523956Z,4.365534306
phase2_regularization,training_aggregate,train/avg_loss,155000,2026-09-09T10:59:22.578785Z,4.357170105
phase2_regularization,training_aggregate,train/avg_loss,156000,2026-09-09T11:00:21.068800Z,4.362285137
phase2_regularization,training_aggregate,train/avg_loss,157000,2026-09-09T11:01:26.147681Z,4.364612579
phase2_regularization,training_aggregate,train/avg_loss,158000,2026-09-09T11:02:30.273932Z,4.35077095
phase2_regularization,training_aggregate,train/avg_loss,159000,2026-09-09T11:03:29.777766Z,4.35112524
phase2_regularization,training_aggregate,train/avg_loss,160000,2026-09-09T11:04:29.816786Z,4.34922123
phase2_regularization,training_aggregate,train/avg_loss,161000,2026-09-09T11:05:29.571501Z,4.350667477
phase2_regularization,training_aggregate,train/avg_loss,162000,2026-09-09T11:06:28.335671Z,4.341901779
phase2_regularization,training_aggregate,train/avg_loss,163000,2026-09-09T11:07:28.655488Z,4.332165241
phase2_regularization,training_aggregate,train/avg_loss,164000,2026-09-09T11:08:29.953215Z,4.33064127
phase2_regularization,training_aggregate,train/avg_loss,165000,2026-09-09T11:09:31.767511Z,4.331293583
phase2_regularization,training_aggregate,train/avg_loss,166000,2026-09-09T11:10:33.616332Z,4.33862257
phase2_regularization,training_aggregate,train/avg_loss,167000,2026-09-09T11:11:33.717171Z,4.334267616
phase2_regularization,training_aggregate,train/avg_loss,168000,2026-09-09T11:12:36.077312Z,4.340779781
phase2_regularization,training_aggregate,train/avg_loss,169000,2026-09-09T11:13:36.901328Z,4.331125736
phase2_regularization,training_aggregate,train/avg_loss,170000,2026-09-09T11:14:39.877191Z,4.324564934
phase2_regularization,training_aggregate,train/avg_loss,171000,2026-09-09T11:15:39.910632Z,4.313325882
phase2_regularization,training_aggregate,train/avg_loss,172000,2026-09-09T11:16:40.566015Z,4.319349766
phase2_regularization,training_aggregate,train/avg_loss,173000,2026-09-09T11:17:40.559811Z,4.334942818
phase2_regularization,training_aggregate,train/avg_loss,174000,2026-09-09T11:18:40.316776Z,4.325350285
phase2_regularization,training_aggregate,train/avg_loss,175000,2026-09-09T11:19:41.642626Z,4.329821587
phase2_regularization,training_aggregate,train/avg_loss,176000,2026-09-09T11:21:03.922489Z,4.312978745
phase2_regularization,training_aggregate,train/avg_loss,177000,2026-09-09T11:22:03.750530Z,4.324195862
phase2_regularization,training_aggregate,train/avg_loss,178000,2026-09-09T11:23:05.227196Z,4.310890198
phase2_regularization,training_aggregate,train/avg_loss,179000,2026-09-09T11:24:03.198443Z,4.313214779
phase2_regularization,training_aggregate,train/avg_loss,180000,2026-09-09T11:25:05.692945Z,4.319549561
phase2_regularization,training_aggregate,train/avg_loss,181000,2026-09-09T11:26:06.067766Z,4.312251568
phase2_regularization,training_aggregate,train/avg_loss,182000,2026-09-09T11:27:07.674622Z,4.313269138
phase2_regularization,training_aggregate,train/avg_loss,183000,2026-09-09T11:28:07.314883Z,4.306877136
phase2_regularization,training_aggregate,train/avg_loss,184000,2026-09-09T11:29:08.669936Z,4.317349434
phase2_regularization,training_aggregate,train/avg_loss,185000,2026-09-09T11:30:07.056749Z,4.299283504
phase2_regularization,training_aggregate,train/avg_loss,186000,2026-09-09T11:31:09.830513Z,4.305656433
phase2_regularization,training_aggregate,train/avg_loss,187000,2026-09-09T11:32:11.851020Z,4.299387455
phase2_regularization,training_aggregate,train/avg_loss,188000,2026-09-09T11:33:14.537689Z,4.321948051
phase2_regularization,training_aggregate,train/avg_loss,189000,2026-09-09T11:34:19.097608Z,4.303328514
phase2_regularization,training_aggregate,train/avg_loss,190000,2026-09-09T11:35:22.328359Z,4.306298256
phase2_regularization,training_aggregate,train/avg_loss,191000,2026-09-09T11:36:25.025315Z,4.294072628
phase2_regularization,training_aggregate,train/avg_loss,192000,2026-09-09T11:37:26.969297Z,4.296443462
phase2_regularization,training_aggregate,train/avg_loss,193000,2026-09-09T11:38:28.448680Z,4.29645586
phase2_regularization,training_aggregate,train/avg_loss,194000,2026-09-09T11:39:32.409643Z,4.290421486
phase2_regularization,training_aggregate,train/avg_loss,195000,2026-09-09T11:40:34.869920Z,4.291863918
phase2_regularization,training_aggregate,train/avg_loss,196000,2026-09-09T11:41:36.748787Z,4.297284126
phase2_regularization,training_aggregate,train/avg_loss,197000,2026-09-09T11:42:37.449239Z,4.289710999
phase2_regularization,training_aggregate,train/avg_loss,198000,2026-09-09T11:43:39.718099Z,4.293516636
phase2_regularization,training_aggregate,train/avg_loss,199000,2026-09-09T11:44:40.640103Z,4.284422874
phase2_regularization,training_aggregate,train/avg_loss,200000,2026-09-09T11:45:39.504659Z,4.286229134
phase2_regularization,training_aggregate,train/avg_loss,201000,2026-09-09T11:47:05.800133Z,4.294278622
phase2_regularization,training_aggregate,train/avg_loss,202000,2026-09-09T11:48:09.891363Z,4.266422272
phase2_regularization,training_aggregate,train/avg_loss,203000,2026-09-09T11:49:13.757899Z,4.285097599
phase2_regularization,training_aggregate,train/avg_loss,204000,2026-09-09T11:50:14.654613Z,4.276585579
phase2_regularization,training_aggregate,train/avg_loss,205000,2026-09-09T11:51:12.262351Z,4.284344196
phase2_regularization,training_aggregate,train/avg_loss,206000,2026-09-09T11:52:11.079744Z,4.288898468
phase2_regularization,training_aggregate,train/avg_loss,207000,2026-09-09T11:53:13.454752Z,4.283655643
phase2_regularization,training_aggregate,train/avg_loss,208000,2026-09-09T11:54:10.911351Z,4.263455868
phase2_regularization,training_aggregate,train/avg_loss,209000,2026-09-09T11:55:11.700327Z,4.27132988
phase2_regularization,training_aggregate,train/avg_loss,210000,2026-09-09T11:56:15.396008Z,4.280524731
phase2_regularization,training_aggregate,train/avg_loss,211000,2026-09-09T11:57:19.801638Z,4.272361755
phase2_regularization,training_aggregate,train/avg_loss,212000,2026-09-09T11:58:19.797114Z,4.277125835
phase2_regularization,training_aggregate,train/avg_loss,213000,2026-09-09T11:59:21.984158Z,4.272323132
phase2_regularization,training_aggregate,train/avg_loss,214000,2026-09-09T12:00:21.122006Z,4.275001526
phase2_regularization,training_aggregate,train/avg_loss,215000,2026-09-09T12:01:22.261145Z,4.271403313
phase2_regularization,training_aggregate,train/avg_loss,216000,2026-09-09T12:02:24.964985Z,4.258829117
phase2_regularization,training_aggregate,train/avg_loss,217000,2026-09-09T12:03:27.461726Z,4.260514259
phase2_regularization,training_aggregate,train/avg_loss,218000,2026-09-09T12:04:25.588109Z,4.267503738
phase2_regularization,training_aggregate,train/avg_loss,219000,2026-09-09T12:05:26.877424Z,4.263188362
phase2_regularization,training_aggregate,train/avg_loss,220000,2026-09-09T12:06:27.568688Z,4.257750034
phase2_regularization,training_aggregate,train/avg_loss,221000,2026-09-09T12:07:28.425535Z,4.258453369
phase2_regularization,training_aggregate,train/avg_loss,222000,2026-09-09T12:08:30.117841Z,4.269613266
phase2_regularization,training_aggregate,train/avg_loss,223000,2026-09-09T12:09:27.628607Z,4.257022381
phase2_regularization,training_aggregate,train/avg_loss,224000,2026-09-09T12:10:29.842973Z,4.272042751
phase2_regularization,training_aggregate,train/avg_loss,225000,2026-09-09T12:11:27.365598Z,4.25800705
phase2_regularization,training_aggregate,train/avg_loss,226000,2026-09-09T12:12:46.503696Z,4.256217003
phase2_regularization,training_aggregate,train/avg_loss,227000,2026-09-09T12:13:50.494015Z,4.247430325
phase2_regularization,training_aggregate,train/avg_loss,228000,2026-09-09T12:14:54.629274Z,4.253568649
phase2_regularization,training_aggregate,train/avg_loss,229000,2026-09-09T12:15:55.616586Z,4.246384621
phase2_regularization,training_aggregate,train/avg_loss,230000,2026-09-09T12:16:57.042613Z,4.246421337
phase2_regularization,training_aggregate,train/avg_loss,231000,2026-09-09T12:18:02.627130Z,4.25001812
phase2_regularization,training_aggregate,train/avg_loss,232000,2026-09-09T12:19:05.447873Z,4.241841793
phase2_regularization,training_aggregate,train/avg_loss,233000,2026-09-09T12:20:10.414549Z,4.247775555
phase2_regularization,training_aggregate,train/avg_loss,234000,2026-09-09T12:21:10.265081Z,4.238733292
phase2_regularization,training_aggregate,train/avg_loss,235000,2026-09-09T12:22:14.500454Z,4.254394054
phase2_regularization,training_aggregate,train/avg_loss,236000,2026-09-09T12:23:19.449653Z,4.245682716
phase2_regularization,training_aggregate,train/avg_loss,237000,2026-09-09T12:24:19.989182Z,4.248073101
phase2_regularization,training_aggregate,train/avg_loss,238000,2026-09-09T12:25:17.106914Z,4.245457649
phase2_regularization,training_aggregate,train/avg_loss,239000,2026-09-09T12:26:15.623997Z,4.24819088
phase2_regularization,training_aggregate,train/avg_loss,240000,2026-09-09T12:27:16.106157Z,4.23866415
phase2_regularization,training_aggregate,train/avg_loss,241000,2026-09-09T12:28:16.105457Z,4.237915993
phase2_regularization,training_aggregate,train/avg_loss,242000,2026-09-09T12:29:20.606246Z,4.235530376
phase2_regularization,training_aggregate,train/avg_loss,243000,2026-09-09T12:30:22.799298Z,4.231187344
phase2_regularization,training_aggregate,train/avg_loss,244000,2026-09-09T12:31:23.396133Z,4.227722645
phase2_regularization,training_aggregate,train/avg_loss,245000,2026-09-09T12:32:23.072357Z,4.242660046
phase2_regularization,training_aggregate,train/avg_loss,246000,2026-09-09T12:33:16.743547Z,4.24038887
phase2_regularization,training_aggregate,train/avg_loss,247000,2026-09-09T12:34:16.215359Z,4.242380142
phase2_regularization,training_aggregate,train/avg_loss,248000,2026-09-09T12:35:14.626444Z,4.236667633
phase2_regularization,training_aggregate,train/avg_loss,249000,2026-09-09T12:36:13.720032Z,4.235935688
phase2_regularization,training_aggregate,train/avg_loss,250000,2026-09-09T12:37:14.622829Z,4.223119736
phase2_regularization,training_aggregate,train/avg_loss,251000,2026-09-09T12:38:37.881014Z,4.232563496
phase2_regularization,training_aggregate,train/avg_loss,252000,2026-09-09T12:39:32.934274Z,4.246212006
phase2_regularization,training_aggregate,train/avg_loss,253000,2026-09-09T12:40:32.478692Z,4.232391834
phase2_regularization,training_aggregate,train/avg_loss,254000,2026-09-09T12:41:33.081940Z,4.221755981
phase2_regularization,training_aggregate,train/avg_loss,255000,2026-09-09T12:42:31.068306Z,4.206839085
phase2_regularization,training_aggregate,train/avg_loss,256000,2026-09-09T12:43:31.266397Z,4.224671364
phase2_regularization,training_aggregate,train/avg_loss,257000,2026-09-09T12:44:28.991807Z,4.220188618
phase2_regularization,training_aggregate,train/avg_loss,258000,2026-09-09T12:45:26.672240Z,4.213173389
phase2_regularization,training_aggregate,train/avg_loss,259000,2026-09-09T12:46:26.916749Z,4.208129883
phase2_regularization,training_aggregate,train/avg_loss,260000,2026-09-09T12:47:26.324271Z,4.216367245
phase2_regularization,training_aggregate,train/avg_loss,261000,2026-09-09T12:48:28.050963Z,4.201057911
phase2_regularization,training_aggregate,train/avg_loss,262000,2026-09-09T12:49:27.071257Z,4.208703995
phase2_regularization,training_aggregate,train/avg_loss,263000,2026-09-09T12:50:24.799972Z,4.209054947
phase2_regularization,training_aggregate,train/avg_loss,264000,2026-09-09T12:51:25.340143Z,4.199572086
phase2_regularization,training_aggregate,train/avg_loss,265000,2026-09-09T12:52:26.016581Z,4.21331358
phase2_regularization,training_aggregate,train/avg_loss,266000,2026-09-09T12:53:23.197770Z,4.199522018
phase2_regularization,training_aggregate,train/avg_loss,267000,2026-09-09T12:54:22.159064Z,4.208555222
phase2_regularization,training_aggregate,train/avg_loss,268000,2026-09-09T12:55:24.234363Z,4.20769453
phase2_regularization,training_aggregate,train/avg_loss,269000,2026-09-09T12:56:25.112840Z,4.197515965
phase2_regularization,training_aggregate,train/avg_loss,270000,2026-09-09T12:57:25.487067Z,4.216501713
phase2_regularization,training_aggregate,train/avg_loss,271000,2026-09-09T12:58:20.597472Z,4.191241741
phase2_regularization,training_aggregate,train/avg_loss,272000,2026-09-09T12:59:18.123865Z,4.208780289
phase2_regularization,training_aggregate,train/avg_loss,273000,2026-09-09T13:00:16.729012Z,4.18973875
phase2_regularization,training_aggregate,train/avg_loss,274000,2026-09-09T13:01:17.847451Z,4.190512657
phase2_regularization,training_aggregate,train/avg_loss,275000,2026-09-09T13:02:16.556647Z,4.203831196
phase2_regularization,training_aggregate,train/avg_loss,276000,2026-09-09T13:03:33.728443Z,4.200372696
phase2_regularization,training_aggregate,train/avg_loss,277000,2026-09-09T13:04:29.690940Z,4.189322948
phase2_regularization,training_aggregate,train/avg_loss,278000,2026-09-09T13:05:28.540240Z,4.183907032
phase2_regularization,training_aggregate,train/avg_loss,279000,2026-09-09T13:06:24.198252Z,4.199568272
phase2_regularization,training_aggregate,train/avg_loss,280000,2026-09-09T13:07:18.330271Z,4.18545866
phase2_regularization,training_aggregate,train/avg_loss,281000,2026-09-09T13:08:17.548213Z,4.183578491
phase2_regularization,training_aggregate,train/avg_loss,282000,2026-09-09T13:09:17.683432Z,4.197834492
phase2_regularization,training_aggregate,train/avg_loss,283000,2026-09-09T13:10:15.433930Z,4.202399731
phase2_regularization,training_aggregate,train/avg_loss,284000,2026-09-09T13:11:09.769173Z,4.184606552
phase2_regularization,training_aggregate,train/avg_loss,285000,2026-09-09T13:12:03.361696Z,4.176799297
phase2_regularization,training_aggregate,train/avg_loss,286000,2026-09-09T13:13:01.820732Z,4.177436352
phase2_regularization,training_aggregate,train/avg_loss,287000,2026-09-09T13:13:59.887128Z,4.182982445
phase2_regularization,training_aggregate,train/avg_loss,288000,2026-09-09T13:14:54.375894Z,4.178726196
phase2_regularization,training_aggregate,train/avg_loss,289000,2026-09-09T13:15:56.319322Z,4.17732048
phase2_regularization,training_aggregate,train/avg_loss,290000,2026-09-09T13:16:59.361605Z,4.176712036
phase2_regularization,training_aggregate,train/avg_loss,291000,2026-09-09T13:18:00.036912Z,4.178843021
phase2_regularization,training_aggregate,train/avg_loss,292000,2026-09-09T13:18:57.616639Z,4.176815987
phase2_regularization,training_aggregate,train/avg_loss,293000,2026-09-09T13:19:55.334848Z,4.17543602
phase2_regularization,training_aggregate,train/avg_loss,294000,2026-09-09T13:20:53.302282Z,4.156036854
phase2_regularization,training_aggregate,train/avg_loss,295000,2026-09-09T13:21:53.998653Z,4.177158356
phase2_regularization,training_aggregate,train/avg_loss,296000,2026-09-09T13:22:54.303073Z,4.154214859
phase2_regularization,training_aggregate,train/avg_loss,297000,2026-09-09T13:23:51.147584Z,4.167962074
phase2_regularization,training_aggregate,train/avg_loss,298000,2026-09-09T13:24:50.918770Z,4.15853405
phase2_regularization,training_aggregate,train/avg_loss,299000,2026-09-09T13:25:47.546931Z,4.165206909
phase2_regularization,training_aggregate,train/avg_loss,300000,2026-09-09T13:26:49.240108Z,4.162819862
phase2_regularization,training_aggregate,train/avg_loss,301000,2026-09-09T13:28:11.925239Z,4.160152435
phase2_regularization,training_aggregate,train/avg_loss,302000,2026-09-09T13:29:15.950428Z,4.164904594
phase2_regularization,training_aggregate,train/avg_loss,303000,2026-09-09T13:30:15.934989Z,4.151933193
phase2_regularization,training_aggregate,train/avg_loss,304000,2026-09-09T13:31:20.410469Z,4.14926815
phase2_regularization,training_aggregate,train/avg_loss,305000,2026-09-09T13:32:22.320399Z,4.14819622
phase2_regularization,training_aggregate,train/avg_loss,306000,2026-09-09T13:33:23.381563Z,4.150220394
phase2_regularization,training_aggregate,train/avg_loss,307000,2026-09-09T13:34:22.376595Z,4.155412197
phase2_regularization,training_aggregate,train/avg_loss,308000,2026-09-09T13:35:21.302416Z,4.14370966
phase2_regularization,training_aggregate,train/avg_loss,309000,2026-09-09T13:36:22.418291Z,4.145973206
phase2_regularization,training_aggregate,train/avg_loss,310000,2026-09-09T13:37:19.625594Z,4.148716927
phase2_regularization,training_aggregate,train/avg_loss,311000,2026-09-09T13:38:17.500068Z,4.155140877
phase2_regularization,training_aggregate,train/avg_loss,312000,2026-09-09T13:39:18.781619Z,4.132080555
phase2_regularization,training_aggregate,train/avg_loss,313000,2026-09-09T13:40:17.709679Z,4.133247375
phase2_regularization,training_aggregate,train/avg_loss,314000,2026-09-09T13:41:16.838071Z,4.122467041
phase2_regularization,training_aggregate,train/avg_loss,315000,2026-09-09T13:42:16.259610Z,4.127820492
phase2_regularization,training_aggregate,train/avg_loss,316000,2026-09-09T13:43:15.040492Z,4.120257854
phase2_regularization,training_aggregate,train/avg_loss,317000,2026-09-09T13:44:11.382453Z,4.125153542
phase2_regularization,training_aggregate,train/avg_loss,318000,2026-09-09T13:45:10.882030Z,4.126012325
phase2_regularization,training_aggregate,train/avg_loss,319000,2026-09-09T13:46:14.959617Z,4.113528252
phase2_regularization,training_aggregate,train/avg_loss,320000,2026-09-09T13:47:16.229887Z,4.119539738
phase2_regularization,training_aggregate,train/avg_loss,321000,2026-09-09T13:48:17.039059Z,4.105458736
phase2_regularization,training_aggregate,train/avg_loss,322000,2026-09-09T13:49:19.720031Z,4.106018543
phase2_regularization,training_aggregate,train/avg_loss,323000,2026-09-09T13:50:19.442194Z,4.104307175
phase2_regularization,training_aggregate,train/avg_loss,324000,2026-09-09T13:51:22.822888Z,4.09574604
phase2_regularization,training_aggregate,train/avg_loss,325000,2026-09-09T13:52:23.308525Z,4.099520206
phase2_regularization,training_aggregate,train/avg_loss,326000,2026-09-09T13:53:43.882593Z,4.089240074
phase2_regularization,training_aggregate,train/avg_loss,327000,2026-09-09T13:54:45.989922Z,4.087423801
phase2_regularization,training_aggregate,train/avg_loss,328000,2026-09-09T13:55:46.246004Z,4.082390308
phase2_regularization,training_aggregate,train/avg_loss,329000,2026-09-09T13:56:47.025057Z,4.079122066
phase2_regularization,training_aggregate,train/avg_loss,330000,2026-09-09T13:57:49.378867Z,4.07947731
phase2_regularization,training_aggregate,train/avg_loss,331000,2026-09-09T13:58:44.598785Z,4.084311485
phase2_regularization,training_aggregate,train/avg_loss,332000,2026-09-09T13:59:46.678303Z,4.086327076
phase2_regularization,training_aggregate,train/avg_loss,333000,2026-09-09T14:00:49.535623Z,4.070320129
phase2_regularization,training_aggregate,train/avg_loss,334000,2026-09-09T14:01:52.963806Z,4.066445351
phase2_regularization,training_aggregate,train/avg_loss,335000,2026-09-09T14:02:57.189255Z,4.064268112
phase2_regularization,training_aggregate,train/avg_loss,336000,2026-09-09T14:03:55.983655Z,4.063117981
phase2_regularization,training_aggregate,train/avg_loss,337000,2026-09-09T14:04:58.755419Z,4.060513973
phase2_regularization,training_aggregate,train/avg_loss,338000,2026-09-09T14:05:57.852921Z,4.06674242
phase2_regularization,training_aggregate,train/avg_loss,339000,2026-09-09T14:06:57.470049Z,4.046767712
phase2_regularization,training_aggregate,train/avg_loss,340000,2026-09-09T14:07:56.750828Z,4.051019192
phase2_regularization,training_aggregate,train/avg_loss,341000,2026-09-09T14:08:56.553534Z,4.053572655
phase2_regularization,training_aggregate,train/avg_loss,342000,2026-09-09T14:09:54.521362Z,4.049609661
phase2_regularization,training_aggregate,train/avg_loss,343000,2026-09-09T14:10:50.076164Z,4.05288744
phase2_regularization,training_aggregate,train/avg_loss,344000,2026-09-09T14:11:49.471581Z,4.04247427
phase2_regularization,training_aggregate,train/avg_loss,345000,2026-09-09T14:12:48.661962Z,4.026730061
phase2_regularization,training_aggregate,train/avg_loss,346000,2026-09-09T14:13:51.858947Z,4.030135632
phase2_regularization,training_aggregate,train/avg_loss,347000,2026-09-09T14:14:48.160985Z,4.02300787
phase2_regularization,training_aggregate,train/avg_loss,348000,2026-09-09T14:15:47.961746Z,4.048450947
phase2_regularization,training_aggregate,train/avg_loss,349000,2026-09-09T14:16:42.824632Z,4.042162895
phase2_regularization,training_aggregate,train/avg_loss,350000,2026-09-09T14:17:39.338931Z,4.043899536
phase2_regularization,training_aggregate,train/avg_loss,351000,2026-09-09T14:19:05.679714Z,4.0346241
phase2_regularization,training_aggregate,train/avg_loss,352000,2026-09-09T14:20:08.129273Z,4.030622959
phase2_regularization,training_aggregate,train/avg_loss,353000,2026-09-09T14:21:08.933119Z,4.015737057
phase2_regularization,training_aggregate,train/avg_loss,354000,2026-09-09T14:22:07.811565Z,4.031971931
phase2_regularization,training_aggregate,train/avg_loss,355000,2026-09-09T14:23:07.531495Z,4.033998489
phase2_regularization,training_aggregate,train/avg_loss,356000,2026-09-09T14:24:07.436508Z,4.025764942
phase2_regularization,training_aggregate,train/avg_loss,357000,2026-09-09T14:25:09.404210Z,4.015542507
phase2_regularization,training_aggregate,train/avg_loss,358000,2026-09-09T14:26:08.042361Z,4.010807037
phase2_regularization,training_aggregate,train/avg_loss,359000,2026-09-09T14:27:08.212494Z,4.01177454
phase2_regularization,training_aggregate,train/avg_loss,360000,2026-09-09T14:28:09.544176Z,4.015844822
phase2_regularization,training_aggregate,train/avg_loss,361000,2026-09-09T14:29:09.226322Z,4.018255711
phase2_regularization,training_aggregate,train/avg_loss,362000,2026-09-09T14:30:09.861845Z,4.002423286
phase2_regularization,training_aggregate,train/avg_loss,363000,2026-09-09T14:31:11.952024Z,3.998579741
phase2_regularization,training_aggregate,train/avg_loss,364000,2026-09-09T14:32:09.020777Z,3.994865417
phase2_regularization,training_aggregate,train/avg_loss,365000,2026-09-09T14:33:08.836274Z,4.000757217
phase2_regularization,training_aggregate,train/avg_loss,366000,2026-09-09T14:34:06.605770Z,3.991973877
phase2_regularization,training_aggregate,train/avg_loss,367000,2026-09-09T14:35:08.499250Z,3.989441633
phase2_regularization,training_aggregate,train/avg_loss,368000,2026-09-09T14:36:10.174116Z,4.010943413
phase2_regularization,training_aggregate,train/avg_loss,369000,2026-09-09T14:37:05.903717Z,4.001650333
phase2_regularization,training_aggregate,train/avg_loss,370000,2026-09-09T14:38:06.362156Z,3.993335247
phase2_regularization,training_aggregate,train/avg_loss,371000,2026-09-09T14:39:05.033594Z,4.007527828
phase2_regularization,training_aggregate,train/avg_loss,372000,2026-09-09T14:40:05.259685Z,3.986717939
phase2_regularization,training_aggregate,train/avg_loss,373000,2026-09-09T14:41:02.823148Z,3.996807575
phase2_regularization,training_aggregate,train/avg_loss,374000,2026-09-09T14:42:03.759429Z,3.990596294
phase2_regularization,training_aggregate,train/avg_loss,375000,2026-09-09T14:43:04.096096Z,3.985751152
phase2_regularization,training_aggregate,train/avg_loss,376000,2026-09-09T14:44:27.323601Z,3.97977376
phase2_regularization,training_aggregate,train/avg_loss,377000,2026-09-09T14:45:28.380931Z,3.97184968
phase2_regularization,training_aggregate,train/avg_loss,378000,2026-09-09T14:46:31.184028Z,3.982668877
phase2_regularization,training_aggregate,train/avg_loss,379000,2026-09-09T14:47:32.853550Z,3.981175423
phase2_regularization,training_aggregate,train/avg_loss,380000,2026-09-09T14:48:31.882325Z,3.980821848
phase2_regularization,training_aggregate,train/avg_loss,381000,2026-09-09T14:49:33.161126Z,3.975295782
phase2_regularization,training_aggregate,train/avg_loss,382000,2026-09-09T14:50:32.023363Z,3.972513437
phase2_regularization,training_aggregate,train/avg_loss,383000,2026-09-09T14:51:32.056842Z,3.966257811
phase2_regularization,training_aggregate,train/avg_loss,384000,2026-09-09T14:52:32.046633Z,3.964465857
phase2_regularization,training_aggregate,train/avg_loss,385000,2026-09-09T14:53:29.986495Z,3.967227936
phase2_regularization,training_aggregate,train/avg_loss,386000,2026-09-09T14:54:32.563319Z,3.959094763
phase2_regularization,training_aggregate,train/avg_loss,387000,2026-09-09T14:55:32.795844Z,3.957384109
phase2_regularization,training_aggregate,train/avg_loss,388000,2026-09-09T14:56:30.729786Z,3.961182117
phase2_regularization,training_aggregate,train/avg_loss,389000,2026-09-09T14:57:29.319897Z,3.96088624
phase2_regularization,training_aggregate,train/avg_loss,390000,2026-09-09T14:58:24.770987Z,3.958431721
phase2_regularization,training_aggregate,train/avg_loss,391000,2026-09-09T14:59:25.707579Z,3.968702793
phase2_regularization,training_aggregate,train/avg_loss,392000,2026-09-09T15:00:26.378949Z,3.973432064
phase2_regularization,training_aggregate,train/avg_loss,393000,2026-09-09T15:01:28.798281Z,3.951919079
phase2_regularization,training_aggregate,train/avg_loss,394000,2026-09-09T15:02:27.873996Z,3.948953629
phase2_regularization,training_aggregate,train/avg_loss,395000,2026-09-09T15:03:26.963223Z,3.952075005
phase2_regularization,training_aggregate,train/avg_loss,396000,2026-09-09T15:04:28.847169Z,3.953551292
phase2_regularization,training_aggregate,train/avg_loss,397000,2026-09-09T15:05:29.433696Z,3.941377163
phase2_regularization,training_aggregate,train/avg_loss,398000,2026-09-09T15:06:30.791523Z,3.943907261
phase2_regularization,training_aggregate,train/avg_loss,399000,2026-09-09T15:07:28.001861Z,3.93520689
phase2_regularization,training_aggregate,train/avg_loss,400000,2026-09-09T15:08:26.647778Z,3.936794281
phase2_regularization,training_aggregate,train/avg_loss,401000,2026-09-09T15:09:52.431731Z,3.944117546
phase2_regularization,training_aggregate,train/avg_loss,402000,2026-09-09T15:10:53.993432Z,3.935839653
phase2_regularization,training_aggregate,train/avg_loss,403000,2026-09-09T15:11:54.987257Z,3.927590847
phase2_regularization,training_aggregate,train/avg_loss,404000,2026-09-09T15:12:54.943808Z,3.937805176
phase2_regularization,training_aggregate,train/avg_loss,405000,2026-09-09T15:13:53.066432Z,3.942876816
phase2_regularization,training_aggregate,train/avg_loss,406000,2026-09-09T15:14:54.663670Z,3.937005281
phase2_regularization,training_aggregate,train/avg_loss,407000,2026-09-09T15:15:55.311893Z,3.933604479
phase2_regularization,training_aggregate,train/avg_loss,408000,2026-09-09T15:16:58.255304Z,3.926519156
phase2_regularization,training_aggregate,train/avg_loss,409000,2026-09-09T15:17:56.952853Z,3.927619934
phase2_regularization,training_aggregate,train/avg_loss,410000,2026-09-09T15:19:01.128948Z,3.927351236
phase2_regularization,training_aggregate,train/avg_loss,411000,2026-09-09T15:20:02.886604Z,3.927132368
phase2_regularization,training_aggregate,train/avg_loss,412000,2026-09-09T15:20:59.797448Z,3.920679808
phase2_regularization,training_aggregate,train/avg_loss,413000,2026-09-09T15:21:58.602780Z,3.903487921
phase2_regularization,training_aggregate,train/avg_loss,414000,2026-09-09T15:22:57.430650Z,3.907749414
phase2_regularization,training_aggregate,train/avg_loss,415000,2026-09-09T15:23:58.265079Z,3.913340807
phase2_regularization,training_aggregate,train/avg_loss,416000,2026-09-09T15:24:57.334870Z,3.921631336
phase2_regularization,training_aggregate,train/avg_loss,417000,2026-09-09T15:25:55.825554Z,3.896153212
phase2_regularization,training_aggregate,train/avg_loss,418000,2026-09-09T15:26:57.797816Z,3.91809082
phase2_regularization,training_aggregate,train/avg_loss,419000,2026-09-09T15:27:58.063476Z,3.899789572
phase2_regularization,training_aggregate,train/avg_loss,420000,2026-09-09T15:28:56.254529Z,3.903261185
phase2_regularization,training_aggregate,train/avg_loss,421000,2026-09-09T15:29:51.447481Z,3.90717411
phase2_regularization,training_aggregate,train/avg_loss,422000,2026-09-09T15:30:49.621982Z,3.900561333
phase2_regularization,training_aggregate,train/avg_loss,423000,2026-09-09T15:31:50.301257Z,3.909005642
phase2_regularization,training_aggregate,train/avg_loss,424000,2026-09-09T15:32:47.878474Z,3.908876419
phase2_regularization,training_aggregate,train/avg_loss,425000,2026-09-09T15:33:47.250045Z,3.902219296
phase2_regularization,training_aggregate,train/avg_loss,426000,2026-09-09T15:35:07.606230Z,3.881319761
phase2_regularization,training_aggregate,train/avg_loss,427000,2026-09-09T15:36:05.342105Z,3.894340277
phase2_regularization,training_aggregate,train/avg_loss,428000,2026-09-09T15:37:06.734933Z,3.89576745
phase2_regularization,training_aggregate,train/avg_loss,429000,2026-09-09T15:38:09.276138Z,3.892085314
phase2_regularization,training_aggregate,train/avg_loss,430000,2026-09-09T15:39:06.072646Z,3.890065432
phase2_regularization,training_aggregate,train/avg_loss,431000,2026-09-09T15:40:04.622429Z,3.879537344
phase2_regularization,training_aggregate,train/avg_loss,432000,2026-09-09T15:41:01.525972Z,3.876845837
phase2_regularization,training_aggregate,train/avg_loss,433000,2026-09-09T15:41:59.540811Z,3.889003515
phase2_regularization,training_aggregate,train/avg_loss,434000,2026-09-09T15:42:56.977950Z,3.881300211
phase2_regularization,training_aggregate,train/avg_loss,435000,2026-09-09T15:43:52.429627Z,3.900631428
phase2_regularization,training_aggregate,train/avg_loss,436000,2026-09-09T15:44:53.323194Z,3.88269043
phase2_regularization,training_aggregate,train/avg_loss,437000,2026-09-09T15:45:49.790405Z,3.873597622
phase2_regularization,training_aggregate,train/avg_loss,438000,2026-09-09T15:46:52.490395Z,3.878362417
phase2_regularization,training_aggregate,train/avg_loss,439000,2026-09-09T15:47:50.696540Z,3.858225822
phase2_regularization,training_aggregate,train/avg_loss,440000,2026-09-09T15:48:51.578783Z,3.855956554
phase2_regularization,training_aggregate,train/avg_loss,441000,2026-09-09T15:49:53.054615Z,3.868198156
phase2_regularization,training_aggregate,train/avg_loss,442000,2026-09-09T15:50:51.098378Z,3.872423172
phase2_regularization,training_aggregate,train/avg_loss,443000,2026-09-09T15:51:51.949887Z,3.852583408
phase2_regularization,training_aggregate,train/avg_loss,444000,2026-09-09T15:52:54.783019Z,3.862385273
phase2_regularization,training_aggregate,train/avg_loss,445000,2026-09-09T15:53:55.400635Z,3.858233452
phase2_regularization,training_aggregate,train/avg_loss,446000,2026-09-09T15:54:56.968300Z,3.854631186
phase2_regularization,training_aggregate,train/avg_loss,447000,2026-09-09T15:55:56.518083Z,3.851232767
phase2_regularization,training_aggregate,train/avg_loss,448000,2026-09-09T15:56:56.885165Z,3.856983662
phase2_regularization,training_aggregate,train/avg_loss,449000,2026-09-09T15:57:54.349876Z,3.850820541
phase2_regularization,training_aggregate,train/avg_loss,450000,2026-09-09T15:58:54.851045Z,3.842405081
phase2_regularization,training_aggregate,train/avg_loss,451000,2026-09-09T16:00:17.416357Z,3.842924833
phase2_regularization,training_aggregate,train/avg_loss,452000,2026-09-09T16:01:19.050257Z,3.844800711
phase2_regularization,training_aggregate,train/avg_loss,453000,2026-09-09T16:02:21.006065Z,3.847097397
phase2_regularization,training_aggregate,train/avg_loss,454000,2026-09-09T16:03:21.592408Z,3.845155239
phase2_regularization,training_aggregate,train/avg_loss,455000,2026-09-09T16:04:21.265916Z,3.839032173
phase2_regularization,training_aggregate,train/avg_loss,456000,2026-09-09T16:05:20.411885Z,3.842419147
phase2_regularization,training_aggregate,train/avg_loss,457000,2026-09-09T16:06:22.538304Z,3.835588694
phase2_regularization,training_aggregate,train/avg_loss,458000,2026-09-09T16:07:21.544250Z,3.832084417
phase2_regularization,training_aggregate,train/avg_loss,459000,2026-09-09T16:08:17.765018Z,3.84619689
phase2_regularization,training_aggregate,train/avg_loss,460000,2026-09-09T16:09:17.374957Z,3.824123383
phase2_regularization,training_aggregate,train/avg_loss,461000,2026-09-09T16:10:14.915337Z,3.828113794
phase2_regularization,training_aggregate,train/avg_loss,462000,2026-09-09T16:11:13.451419Z,3.830093861
phase2_regularization,training_aggregate,train/avg_loss,463000,2026-09-09T16:12:16.693876Z,3.813082218
phase2_regularization,training_aggregate,train/avg_loss,464000,2026-09-09T16:13:10.477771Z,3.822969437
phase2_regularization,training_aggregate,train/avg_loss,465000,2026-09-09T16:14:11.098542Z,3.822189808
phase2_regularization,training_aggregate,train/avg_loss,466000,2026-09-09T16:15:10.993041Z,3.822809219
phase2_regularization,training_aggregate,train/avg_loss,467000,2026-09-09T16:16:06.574155Z,3.825552464
phase2_regularization,training_aggregate,train/avg_loss,468000,2026-09-09T16:17:04.708460Z,3.816719055
phase2_regularization,training_aggregate,train/avg_loss,469000,2026-09-09T16:18:01.472776Z,3.811721563
phase2_regularization,training_aggregate,train/avg_loss,470000,2026-09-09T16:19:00.901745Z,3.82059288
phase2_regularization,training_aggregate,train/avg_loss,471000,2026-09-09T16:20:00.806575Z,3.817558289
phase2_regularization,training_aggregate,train/avg_loss,472000,2026-09-09T16:21:00.872807Z,3.81998539
phase2_regularization,training_aggregate,train/avg_loss,473000,2026-09-09T16:21:58.938327Z,3.817815781
phase2_regularization,training_aggregate,train/avg_loss,474000,2026-09-09T16:23:00.438580Z,3.811071396
phase2_regularization,training_aggregate,train/avg_loss,475000,2026-09-09T16:23:59.088903Z,3.808870316
phase2_regularization,training_aggregate,train/avg_loss,476000,2026-09-09T16:25:23.638460Z,3.803085327
phase2_regularization,training_aggregate,train/avg_loss,477000,2026-09-09T16:26:26.125319Z,3.8075912
phase2_regularization,training_aggregate,train/avg_loss,478000,2026-09-09T16:27:26.073341Z,3.803961754
phase2_regularization,training_aggregate,train/avg_loss,479000,2026-09-09T16:28:25.025505Z,3.809922695
phase2_regularization,training_aggregate,train/avg_loss,480000,2026-09-09T16:29:22.070127Z,3.799011707
phase2_regularization,training_aggregate,train/avg_loss,481000,2026-09-09T16:30:20.982484Z,3.804526806
phase2_regularization,training_aggregate,train/avg_loss,482000,2026-09-09T16:31:22.728683Z,3.800828934
phase2_regularization,training_aggregate,train/avg_loss,483000,2026-09-09T16:32:22.825889Z,3.79717803
phase2_regularization,training_aggregate,train/avg_loss,484000,2026-09-09T16:33:21.162429Z,3.791780472
phase2_regularization,training_aggregate,train/avg_loss,485000,2026-09-09T16:34:22.180073Z,3.787541151
phase2_regularization,training_aggregate,train/avg_loss,486000,2026-09-09T16:35:20.566677Z,3.798300982
phase2_regularization,training_aggregate,train/avg_loss,487000,2026-09-09T16:36:21.056626Z,3.797238588
phase2_regularization,training_aggregate,train/avg_loss,488000,2026-09-09T16:37:21.213670Z,3.781888485
phase2_regularization,training_aggregate,train/avg_loss,489000,2026-09-09T16:38:24.489165Z,3.786296129
phase2_regularization,training_aggregate,train/avg_loss,490000,2026-09-09T16:39:21.087763Z,3.797616243
phase2_regularization,training_aggregate,train/avg_loss,491000,2026-09-09T16:40:17.771691Z,3.785638571
phase2_regularization,training_aggregate,train/avg_loss,492000,2026-09-09T16:41:17.182508Z,3.784379721
phase2_regularization,training_aggregate,train/avg_loss,493000,2026-09-09T16:42:12.109993Z,3.792378664
phase2_regularization,training_aggregate,train/avg_loss,494000,2026-09-09T16:43:09.367335Z,3.79592967
phase2_regularization,training_aggregate,train/avg_loss,495000,2026-09-09T16:44:07.806986Z,3.789876223
phase2_regularization,training_aggregate,train/avg_loss,496000,2026-09-09T16:45:10.006951Z,3.777947426
phase2_regularization,training_aggregate,train/avg_loss,497000,2026-09-09T16:46:13.630509Z,3.792895079
phase2_regularization,training_aggregate,train/avg_loss,498000,2026-09-09T16:47:12.699693Z,3.78870368
phase2_regularization,training_aggregate,train/avg_loss,499000,2026-09-09T16:48:14.165533Z,3.783707619
phase2_regularization,training_aggregate,train/avg_loss,500000,2026-09-09T16:49:14.967329Z,3.78534174
phase2_regularization,training_aggregate,train/avg_loss,501000,2026-09-09T16:50:38.209100Z,3.772758961
phase2_regularization,training_aggregate,train/avg_loss,502000,2026-09-09T16:51:43.664030Z,3.777774811
phase2_regularization,training_aggregate,train/avg_loss,503000,2026-09-09T16:52:52.212825Z,3.781090021
phase2_regularization,training_aggregate,train/avg_loss,504000,2026-09-09T16:54:02.791114Z,3.779669523
phase2_regularization,training_aggregate,train/avg_loss,505000,2026-09-09T16:55:14.510088Z,3.777268887
phase2_regularization,training_aggregate,train/avg_loss,506000,2026-09-09T16:56:23.796088Z,3.785611629
phase2_regularization,training_aggregate,train/avg_loss,507000,2026-09-09T16:57:34.175403Z,3.764287949
phase2_regularization,training_aggregate,train/avg_loss,508000,2026-09-09T16:58:47.053116Z,3.766594172
phase2_regularization,training_aggregate,train/avg_loss,509000,2026-09-09T16:59:57.813072Z,3.762329578
phase2_regularization,training_aggregate,train/avg_loss,510000,2026-09-09T17:01:10.403052Z,3.777315855
phase2_regularization,training_aggregate,train/avg_loss,511000,2026-09-09T17:02:21.606222Z,3.766283989
phase2_regularization,training_aggregate,train/avg_loss,512000,2026-09-09T17:03:32.017078Z,3.769496918
phase2_regularization,training_aggregate,train/avg_loss,513000,2026-09-09T17:04:43.111082Z,3.766142368
phase2_regularization,training_aggregate,train/avg_loss,514000,2026-09-09T17:05:53.636504Z,3.757540941
phase2_regularization,training_aggregate,train/avg_loss,515000,2026-09-09T17:07:04.255074Z,3.763943672
phase2_regularization,training_aggregate,train/avg_loss,516000,2026-09-09T17:08:14.821774Z,3.76019311
phase2_regularization,training_aggregate,train/avg_loss,517000,2026-09-09T17:09:25.723140Z,3.757620573
phase2_regularization,training_aggregate,train/avg_loss,518000,2026-09-09T17:10:36.951846Z,3.755268097
phase2_regularization,training_aggregate,train/avg_loss,519000,2026-09-09T17:11:48.252595Z,3.756721973
phase2_regularization,training_aggregate,train/avg_loss,520000,2026-09-09T17:12:59.043337Z,3.763405323
phase2_regularization,training_aggregate,train/avg_loss,521000,2026-09-09T17:14:09.636146Z,3.767762899
phase2_regularization,training_aggregate,train/avg_loss,522000,2026-09-09T17:15:20.616582Z,3.783560276
phase2_regularization,training_aggregate,train/avg_loss,523000,2026-09-09T17:16:30.623261Z,3.758319378
phase2_regularization,training_aggregate,train/avg_loss,524000,2026-09-09T17:17:41.592598Z,3.773262024
phase2_regularization,training_aggregate,train/avg_loss,525000,2026-09-09T17:18:52.078878Z,3.775731087
phase2_regularization,training_aggregate,train/avg_loss,526000,2026-09-09T17:20:52.582072Z,3.766736269
phase2_regularization,training_aggregate,train/avg_loss,527000,2026-09-09T17:22:03.155636Z,3.762292385
phase2_regularization,training_aggregate,train/avg_loss,528000,2026-09-09T17:23:13.530380Z,3.767591715
phase2_regularization,training_aggregate,train/avg_loss,529000,2026-09-09T17:24:25.340074Z,3.762429237
phase2_regularization,training_aggregate,train/avg_loss,530000,2026-09-09T17:25:35.182355Z,3.764446259
phase2_regularization,training_aggregate,train/avg_loss,531000,2026-09-09T17:26:47.036767Z,3.763302088
phase2_regularization,training_aggregate,train/avg_loss,532000,2026-09-09T17:27:59.066915Z,3.770407438
phase2_regularization,training_aggregate,train/avg_loss,533000,2026-09-09T17:29:09.478405Z,3.757190943
phase2_regularization,training_aggregate,train/avg_loss,534000,2026-09-09T17:30:20.509074Z,3.768035173
phase2_regularization,training_aggregate,train/avg_loss,535000,2026-09-09T17:31:30.322320Z,3.752411366
phase2_regularization,training_aggregate,train/avg_loss,536000,2026-09-09T17:32:41.978787Z,3.757746458
phase2_regularization,training_aggregate,train/avg_loss,537000,2026-09-09T17:33:52.567069Z,3.768372297
phase2_regularization,training_aggregate,train/avg_loss,538000,2026-09-09T17:35:02.923077Z,3.758260012
phase2_regularization,training_aggregate,train/avg_loss,539000,2026-09-09T17:36:14.971692Z,3.769933224
phase2_regularization,training_aggregate,train/avg_loss,540000,2026-09-09T17:37:26.914804Z,3.760920048
phase2_regularization,training_aggregate,train/avg_loss,541000,2026-09-09T17:38:38.428908Z,3.760625362
phase2_regularization,training_aggregate,train/avg_loss,542000,2026-09-09T17:39:49.522103Z,3.766144037
phase2_regularization,training_aggregate,train/avg_loss,543000,2026-09-09T17:41:00.767744Z,3.766924858
phase2_regularization,training_aggregate,train/avg_loss,544000,2026-09-09T17:42:12.150726Z,3.764576197
phase2_regularization,training_aggregate,train/avg_loss,545000,2026-09-09T17:43:23.240087Z,3.765759706
phase2_regularization,training_aggregate,train/avg_loss,546000,2026-09-09T17:44:33.281069Z,3.759264946
phase2_regularization,training_aggregate,train/avg_loss,547000,2026-09-09T17:45:44.303674Z,3.763386726
phase2_regularization,training_aggregate,train/avg_loss,548000,2026-09-09T17:46:56.969180Z,3.770815372
phase2_regularization,training_aggregate,train/avg_loss,549000,2026-09-09T17:48:07.978096Z,3.77857995
phase2_regularization,training_aggregate,train/avg_loss,550000,2026-09-09T17:49:20.091667Z,3.765808821
phase2_regularization,training_aggregate,train/avg_loss,551000,2026-09-09T17:51:22.303437Z,3.77184391
phase2_regularization,training_aggregate,train/avg_loss,552000,2026-09-09T17:52:34.103144Z,3.779164553
phase2_regularization,training_aggregate,train/avg_loss,553000,2026-09-09T17:53:45.577631Z,3.768041611
phase2_regularization,training_aggregate,train/avg_loss,554000,2026-09-09T17:54:56.958342Z,3.775266886
phase2_regularization,training_aggregate,train/avg_loss,555000,2026-09-09T17:56:08.613098Z,3.780040979
phase2_regularization,training_aggregate,train/avg_loss,556000,2026-09-09T17:57:19.625173Z,3.764351845
phase2_regularization,training_aggregate,train/avg_loss,557000,2026-09-09T17:58:31.579203Z,3.771948576
phase2_regularization,training_aggregate,train/avg_loss,558000,2026-09-09T17:59:42.454959Z,3.77449441
phase2_regularization,training_aggregate,train/avg_loss,559000,2026-09-09T18:00:53.354573Z,3.778710842
phase2_regularization,training_aggregate,train/avg_loss,560000,2026-09-09T18:02:04.203492Z,3.775729179
phase2_regularization,training_aggregate,train/avg_loss,561000,2026-09-09T18:03:14.688093Z,3.780186415
phase2_regularization,training_aggregate,train/avg_loss,562000,2026-09-09T18:04:26.948087Z,3.782577753
phase2_regularization,training_aggregate,train/avg_loss,563000,2026-09-09T18:05:36.958536Z,3.779679298
phase2_regularization,training_aggregate,train/avg_loss,564000,2026-09-09T18:06:49.015907Z,3.772525787
phase2_regularization,training_aggregate,train/avg_loss,565000,2026-09-09T18:07:59.651421Z,3.773648024
phase2_regularization,training_aggregate,train/avg_loss,566000,2026-09-09T18:09:10.329092Z,3.783312321
phase2_regularization,training_aggregate,train/avg_loss,567000,2026-09-09T18:10:21.062182Z,3.780640364
phase2_regularization,training_aggregate,train/avg_loss,568000,2026-09-09T18:11:32.644456Z,3.782366753
phase2_regularization,training_aggregate,train/avg_loss,569000,2026-09-09T18:12:43.658969Z,3.795844316
phase2_regularization,training_aggregate,train/avg_loss,570000,2026-09-09T18:13:49.346104Z,3.778867006
phase2_regularization,training_aggregate,train/avg_loss,571000,2026-09-09T18:14:51.138474Z,3.777982712
phase2_regularization,training_aggregate,train/avg_loss,572000,2026-09-09T18:15:53.022900Z,3.790766478
phase2_regularization,training_aggregate,train/avg_loss,573000,2026-09-09T18:16:51.731542Z,3.786802769
phase2_regularization,training_aggregate,train/avg_loss,574000,2026-09-09T18:17:54.329883Z,3.784987926
phase2_regularization,training_aggregate,train/avg_loss,575000,2026-09-09T18:18:54.276160Z,3.780161142
phase2_regularization,training_aggregate,train/avg_loss,576000,2026-09-09T18:20:14.672645Z,3.784678936
phase2_regularization,training_aggregate,train/avg_loss,577000,2026-09-09T18:21:14.129213Z,3.782914639
phase2_regularization,training_aggregate,train/avg_loss,578000,2026-09-09T18:22:16.103842Z,3.783587933
phase2_regularization,training_aggregate,train/avg_loss,579000,2026-09-09T18:23:14.782737Z,3.783984184
phase2_regularization,training_aggregate,train/avg_loss,580000,2026-09-09T18:24:17.318861Z,3.788368225
phase2_regularization,training_aggregate,train/avg_loss,581000,2026-09-09T18:25:20.649108Z,3.79226923
phase2_regularization,training_aggregate,train/avg_loss,582000,2026-09-09T18:26:16.508984Z,3.778019905
phase2_regularization,training_aggregate,train/avg_loss,583000,2026-09-09T18:27:16.887271Z,3.786467791
phase2_regularization,training_aggregate,train/avg_loss,584000,2026-09-09T18:28:18.906746Z,3.791768074
phase2_regularization,training_aggregate,train/avg_loss,585000,2026-09-09T18:29:21.688929Z,3.797672033
phase2_regularization,training_aggregate,train/avg_loss,586000,2026-09-09T18:30:19.971838Z,3.790769339
phase2_regularization,training_aggregate,train/avg_loss,587000,2026-09-09T18:31:19.354666Z,3.790740013
phase2_regularization,training_aggregate,train/avg_loss,588000,2026-09-09T18:32:18.639096Z,3.8070333
phase2_regularization,training_aggregate,train/avg_loss,589000,2026-09-09T18:33:20.286422Z,3.782651663
phase2_regularization,training_aggregate,train/avg_loss,590000,2026-09-09T18:34:22.233662Z,3.781618118
phase2_regularization,training_aggregate,train/avg_loss,591000,2026-09-09T18:35:26.120863Z,3.785139799
phase2_regularization,training_aggregate,train/avg_loss,592000,2026-09-09T18:36:20.623793Z,3.796883821
phase2_regularization,training_aggregate,train/avg_loss,593000,2026-09-09T18:37:22.058955Z,3.78492713
phase2_regularization,training_aggregate,train/avg_loss,594000,2026-09-09T18:38:24.634684Z,3.783677101
phase2_regularization,training_aggregate,train/avg_loss,595000,2026-09-09T18:39:21.175072Z,3.793459177
phase2_regularization,training_aggregate,train/avg_loss,596000,2026-09-09T18:40:21.815891Z,3.778531313
phase2_regularization,training_aggregate,train/avg_loss,597000,2026-09-09T18:41:24.422302Z,3.775370359
phase2_regularization,training_aggregate,train/avg_loss,598000,2026-09-09T18:42:25.979920Z,3.788064003
phase2_regularization,training_aggregate,train/avg_loss,599000,2026-09-09T18:43:26.705701Z,3.796149492
phase2_regularization,training_aggregate,train/avg_loss,600000,2026-09-09T18:44:23.009826Z,3.779570103
phase2_regularization,training_aggregate,train/avg_nll,1000,2026-09-09T08:28:52.761935Z,8.842821121
phase2_regularization,training_aggregate,train/avg_nll,2000,2026-09-09T08:29:42.653988Z,6.80782938
phase2_regularization,training_aggregate,train/avg_nll,3000,2026-09-09T08:30:32.750580Z,6.136903286
phase2_regularization,training_aggregate,train/avg_nll,4000,2026-09-09T08:31:22.731925Z,5.899309158
phase2_regularization,training_aggregate,train/avg_nll,5000,2026-09-09T08:32:17.116470Z,5.818852425
phase2_regularization,training_aggregate,train/avg_nll,6000,2026-09-09T08:33:06.553427Z,5.753432751
phase2_regularization,training_aggregate,train/avg_nll,7000,2026-09-09T08:33:57.695501Z,5.708900452
phase2_regularization,training_aggregate,train/avg_nll,8000,2026-09-09T08:34:56.235350Z,5.664251328
phase2_regularization,training_aggregate,train/avg_nll,9000,2026-09-09T08:35:55.417171Z,5.618951797
phase2_regularization,training_aggregate,train/avg_nll,10000,2026-09-09T08:36:52.654874Z,5.575400352
phase2_regularization,training_aggregate,train/avg_nll,11000,2026-09-09T08:37:46.974166Z,5.543335915
phase2_regularization,training_aggregate,train/avg_nll,12000,2026-09-09T08:38:47.202734Z,5.491547585
phase2_regularization,training_aggregate,train/avg_nll,13000,2026-09-09T08:39:44.269945Z,5.461855888
phase2_regularization,training_aggregate,train/avg_nll,14000,2026-09-09T08:40:39.614853Z,5.446558475
phase2_regularization,training_aggregate,train/avg_nll,15000,2026-09-09T08:41:38.735777Z,5.401237011
phase2_regularization,training_aggregate,train/avg_nll,16000,2026-09-09T08:42:38.946258Z,5.377252102
phase2_regularization,training_aggregate,train/avg_nll,17000,2026-09-09T08:43:38.877041Z,5.360521317
phase2_regularization,training_aggregate,train/avg_nll,18000,2026-09-09T08:44:36.303711Z,5.320200443
phase2_regularization,training_aggregate,train/avg_nll,19000,2026-09-09T08:45:32.111376Z,5.30211401
phase2_regularization,training_aggregate,train/avg_nll,20000,2026-09-09T08:46:32.369905Z,5.286518574
phase2_regularization,training_aggregate,train/avg_nll,21000,2026-09-09T08:47:29.206522Z,5.256748199
phase2_regularization,training_aggregate,train/avg_nll,22000,2026-09-09T08:48:23.752176Z,5.228055954
phase2_regularization,training_aggregate,train/avg_nll,23000,2026-09-09T08:49:21.232974Z,5.206414223
phase2_regularization,training_aggregate,train/avg_nll,24000,2026-09-09T08:50:16.518790Z,5.183628559
phase2_regularization,training_aggregate,train/avg_nll,25000,2026-09-09T08:51:15.536390Z,5.166553974
phase2_regularization,training_aggregate,train/avg_nll,26000,2026-09-09T08:52:32.361103Z,5.151915073
phase2_regularization,training_aggregate,train/avg_nll,27000,2026-09-09T08:53:25.574912Z,5.133654118
phase2_regularization,training_aggregate,train/avg_nll,28000,2026-09-09T08:54:25.329601Z,5.108352184
phase2_regularization,training_aggregate,train/avg_nll,29000,2026-09-09T08:55:24.613483Z,5.094156265
phase2_regularization,training_aggregate,train/avg_nll,30000,2026-09-09T08:56:22.610493Z,5.069816113
phase2_regularization,training_aggregate,train/avg_nll,31000,2026-09-09T08:57:22.648100Z,5.056451797
phase2_regularization,training_aggregate,train/avg_nll,32000,2026-09-09T08:58:21.594259Z,5.040175915
phase2_regularization,training_aggregate,train/avg_nll,33000,2026-09-09T08:59:14.930241Z,5.016139984
phase2_regularization,training_aggregate,train/avg_nll,34000,2026-09-09T09:00:12.493223Z,5.009182453
phase2_regularization,training_aggregate,train/avg_nll,35000,2026-09-09T09:01:09.068603Z,4.995790482
phase2_regularization,training_aggregate,train/avg_nll,36000,2026-09-09T09:02:09.197420Z,4.977311611
phase2_regularization,training_aggregate,train/avg_nll,37000,2026-09-09T09:03:06.783319Z,4.973056793
phase2_regularization,training_aggregate,train/avg_nll,38000,2026-09-09T09:04:02.430606Z,4.95276165
phase2_regularization,training_aggregate,train/avg_nll,39000,2026-09-09T09:04:59.885110Z,4.932706833
phase2_regularization,training_aggregate,train/avg_nll,40000,2026-09-09T09:05:55.747845Z,4.916389465
phase2_regularization,training_aggregate,train/avg_nll,41000,2026-09-09T09:06:52.232116Z,4.927173615
phase2_regularization,training_aggregate,train/avg_nll,42000,2026-09-09T09:07:49.075758Z,4.898652077
phase2_regularization,training_aggregate,train/avg_nll,43000,2026-09-09T09:08:48.076884Z,4.892721176
phase2_regularization,training_aggregate,train/avg_nll,44000,2026-09-09T09:09:48.829726Z,4.889850616
phase2_regularization,training_aggregate,train/avg_nll,45000,2026-09-09T09:10:45.994457Z,4.875854969
phase2_regularization,training_aggregate,train/avg_nll,46000,2026-09-09T09:11:46.864681Z,4.871911526
phase2_regularization,training_aggregate,train/avg_nll,47000,2026-09-09T09:12:46.211029Z,4.859195709
phase2_regularization,training_aggregate,train/avg_nll,48000,2026-09-09T09:13:45.414056Z,4.847480774
phase2_regularization,training_aggregate,train/avg_nll,49000,2026-09-09T09:14:44.003242Z,4.834234715
phase2_regularization,training_aggregate,train/avg_nll,50000,2026-09-09T09:15:37.175440Z,4.834873676
phase2_regularization,training_aggregate,train/avg_nll,51000,2026-09-09T09:16:58.294130Z,4.829727173
phase2_regularization,training_aggregate,train/avg_nll,52000,2026-09-09T09:17:58.453753Z,4.814428806
phase2_regularization,training_aggregate,train/avg_nll,53000,2026-09-09T09:18:53.910332Z,4.813823223
phase2_regularization,training_aggregate,train/avg_nll,54000,2026-09-09T09:19:50.715997Z,4.809136391
phase2_regularization,training_aggregate,train/avg_nll,55000,2026-09-09T09:20:51.222122Z,4.799538612
phase2_regularization,training_aggregate,train/avg_nll,56000,2026-09-09T09:21:47.376484Z,4.783329964
phase2_regularization,training_aggregate,train/avg_nll,57000,2026-09-09T09:22:45.199386Z,4.784451485
phase2_regularization,training_aggregate,train/avg_nll,58000,2026-09-09T09:23:42.262582Z,4.786718369
phase2_regularization,training_aggregate,train/avg_nll,59000,2026-09-09T09:24:36.469340Z,4.748360157
phase2_regularization,training_aggregate,train/avg_nll,60000,2026-09-09T09:25:32.391217Z,4.756604671
phase2_regularization,training_aggregate,train/avg_nll,61000,2026-09-09T09:26:30.950344Z,4.754102707
phase2_regularization,training_aggregate,train/avg_nll,62000,2026-09-09T09:27:28.890033Z,4.735803604
phase2_regularization,training_aggregate,train/avg_nll,63000,2026-09-09T09:28:31.857567Z,4.741055965
phase2_regularization,training_aggregate,train/avg_nll,64000,2026-09-09T09:29:27.054236Z,4.729579926
phase2_regularization,training_aggregate,train/avg_nll,65000,2026-09-09T09:30:29.013790Z,4.7139678
phase2_regularization,training_aggregate,train/avg_nll,66000,2026-09-09T09:31:28.943043Z,4.716598034
phase2_regularization,training_aggregate,train/avg_nll,67000,2026-09-09T09:32:24.537751Z,4.700603962
phase2_regularization,training_aggregate,train/avg_nll,68000,2026-09-09T09:33:18.506711Z,4.693339348
phase2_regularization,training_aggregate,train/avg_nll,69000,2026-09-09T09:34:18.095632Z,4.688265324
phase2_regularization,training_aggregate,train/avg_nll,70000,2026-09-09T09:35:19.219771Z,4.693666458
phase2_regularization,training_aggregate,train/avg_nll,71000,2026-09-09T09:36:19.731708Z,4.666787624
phase2_regularization,training_aggregate,train/avg_nll,72000,2026-09-09T09:37:20.015861Z,4.652022839
phase2_regularization,training_aggregate,train/avg_nll,73000,2026-09-09T09:38:21.734195Z,4.644040108
phase2_regularization,training_aggregate,train/avg_nll,74000,2026-09-09T09:39:19.350623Z,4.642481804
phase2_regularization,training_aggregate,train/avg_nll,75000,2026-09-09T09:40:20.207378Z,4.633649349
phase2_regularization,training_aggregate,train/avg_nll,76000,2026-09-09T09:41:37.140484Z,4.645747662
phase2_regularization,training_aggregate,train/avg_nll,77000,2026-09-09T09:42:32.745277Z,4.620552063
phase2_regularization,training_aggregate,train/avg_nll,78000,2026-09-09T09:43:31.212651Z,4.621853352
phase2_regularization,training_aggregate,train/avg_nll,79000,2026-09-09T09:44:28.948691Z,4.611988068
phase2_regularization,training_aggregate,train/avg_nll,80000,2026-09-09T09:45:23.589949Z,4.615685463
phase2_regularization,training_aggregate,train/avg_nll,81000,2026-09-09T09:46:21.500188Z,4.610179901
phase2_regularization,training_aggregate,train/avg_nll,82000,2026-09-09T09:47:21.572199Z,4.597710609
phase2_regularization,training_aggregate,train/avg_nll,83000,2026-09-09T09:48:21.620391Z,4.587400913
phase2_regularization,training_aggregate,train/avg_nll,84000,2026-09-09T09:49:18.743944Z,4.578212738
phase2_regularization,training_aggregate,train/avg_nll,85000,2026-09-09T09:50:17.975492Z,4.577167988
phase2_regularization,training_aggregate,train/avg_nll,86000,2026-09-09T09:51:13.353070Z,4.562942028
phase2_regularization,training_aggregate,train/avg_nll,87000,2026-09-09T09:52:09.313157Z,4.56400919
phase2_regularization,training_aggregate,train/avg_nll,88000,2026-09-09T09:53:06.404462Z,4.548286915
phase2_regularization,training_aggregate,train/avg_nll,89000,2026-09-09T09:54:04.552966Z,4.555464745
phase2_regularization,training_aggregate,train/avg_nll,90000,2026-09-09T09:54:58.559504Z,4.543209553
phase2_regularization,training_aggregate,train/avg_nll,91000,2026-09-09T09:55:53.681888Z,4.535414219
phase2_regularization,training_aggregate,train/avg_nll,92000,2026-09-09T09:56:52.683824Z,4.524517536
phase2_regularization,training_aggregate,train/avg_nll,93000,2026-09-09T09:57:50.628086Z,4.524200916
phase2_regularization,training_aggregate,train/avg_nll,94000,2026-09-09T09:58:52.727271Z,4.513806343
phase2_regularization,training_aggregate,train/avg_nll,95000,2026-09-09T09:59:50.918380Z,4.505792618
phase2_regularization,training_aggregate,train/avg_nll,96000,2026-09-09T10:00:50.172254Z,4.507535458
phase2_regularization,training_aggregate,train/avg_nll,97000,2026-09-09T10:01:45.546903Z,4.513231277
phase2_regularization,training_aggregate,train/avg_nll,98000,2026-09-09T10:02:43.470092Z,4.495819092
phase2_regularization,training_aggregate,train/avg_nll,99000,2026-09-09T10:03:41.990288Z,4.491029739
phase2_regularization,training_aggregate,train/avg_nll,100000,2026-09-09T10:04:36.947699Z,4.484257698
phase2_regularization,training_aggregate,train/avg_nll,101000,2026-09-09T10:05:58.508980Z,4.484082699
phase2_regularization,training_aggregate,train/avg_nll,102000,2026-09-09T10:06:55.502472Z,4.482637405
phase2_regularization,training_aggregate,train/avg_nll,103000,2026-09-09T10:07:51.749696Z,4.467882156
phase2_regularization,training_aggregate,train/avg_nll,104000,2026-09-09T10:08:50.331391Z,4.465025902
phase2_regularization,training_aggregate,train/avg_nll,105000,2026-09-09T10:09:48.345783Z,4.462684631
phase2_regularization,training_aggregate,train/avg_nll,106000,2026-09-09T10:10:44.594461Z,4.467079163
phase2_regularization,training_aggregate,train/avg_nll,107000,2026-09-09T10:11:41.307903Z,4.456803799
phase2_regularization,training_aggregate,train/avg_nll,108000,2026-09-09T10:12:40.200655Z,4.442366123
phase2_regularization,training_aggregate,train/avg_nll,109000,2026-09-09T10:13:32.349342Z,4.448465347
phase2_regularization,training_aggregate,train/avg_nll,110000,2026-09-09T10:14:33.748772Z,4.438706398
phase2_regularization,training_aggregate,train/avg_nll,111000,2026-09-09T10:15:32.088481Z,4.44299984
phase2_regularization,training_aggregate,train/avg_nll,112000,2026-09-09T10:16:27.624409Z,4.433810711
phase2_regularization,training_aggregate,train/avg_nll,113000,2026-09-09T10:17:25.650292Z,4.43909502
phase2_regularization,training_aggregate,train/avg_nll,114000,2026-09-09T10:18:22.393503Z,4.436948299
phase2_regularization,training_aggregate,train/avg_nll,115000,2026-09-09T10:19:22.007859Z,4.440907955
phase2_regularization,training_aggregate,train/avg_nll,116000,2026-09-09T10:20:19.268012Z,4.426368713
phase2_regularization,training_aggregate,train/avg_nll,117000,2026-09-09T10:21:19.687396Z,4.42993784
phase2_regularization,training_aggregate,train/avg_nll,118000,2026-09-09T10:22:15.310171Z,4.408003807
phase2_regularization,training_aggregate,train/avg_nll,119000,2026-09-09T10:23:14.353408Z,4.426896572
phase2_regularization,training_aggregate,train/avg_nll,120000,2026-09-09T10:24:11.439243Z,4.413972378
phase2_regularization,training_aggregate,train/avg_nll,121000,2026-09-09T10:25:04.895224Z,4.418792725
phase2_regularization,training_aggregate,train/avg_nll,122000,2026-09-09T10:26:00.949620Z,4.408334255
phase2_regularization,training_aggregate,train/avg_nll,123000,2026-09-09T10:27:01.379646Z,4.413052559
phase2_regularization,training_aggregate,train/avg_nll,124000,2026-09-09T10:28:01.848038Z,4.406103134
phase2_regularization,training_aggregate,train/avg_nll,125000,2026-09-09T10:28:57.719679Z,4.410021305
phase2_regularization,training_aggregate,train/avg_nll,126000,2026-09-09T10:30:15.688617Z,4.403102398
phase2_regularization,training_aggregate,train/avg_nll,127000,2026-09-09T10:31:13.178280Z,4.3938694
phase2_regularization,training_aggregate,train/avg_nll,128000,2026-09-09T10:32:10.603051Z,4.38658762
phase2_regularization,training_aggregate,train/avg_nll,129000,2026-09-09T10:33:10.390176Z,4.389962673
phase2_regularization,training_aggregate,train/avg_nll,130000,2026-09-09T10:34:11.258546Z,4.391712189
phase2_regularization,training_aggregate,train/avg_nll,131000,2026-09-09T10:35:05.125327Z,4.38821888
phase2_regularization,training_aggregate,train/avg_nll,132000,2026-09-09T10:36:02.201019Z,4.395452023
phase2_regularization,training_aggregate,train/avg_nll,133000,2026-09-09T10:37:01.152624Z,4.380849361
phase2_regularization,training_aggregate,train/avg_nll,134000,2026-09-09T10:37:59.722942Z,4.385946751
phase2_regularization,training_aggregate,train/avg_nll,135000,2026-09-09T10:38:59.394074Z,4.381771088
phase2_regularization,training_aggregate,train/avg_nll,136000,2026-09-09T10:40:00.676691Z,4.374325275
phase2_regularization,training_aggregate,train/avg_nll,137000,2026-09-09T10:40:59.470309Z,4.367730618
phase2_regularization,training_aggregate,train/avg_nll,138000,2026-09-09T10:41:58.518729Z,4.37083292
phase2_regularization,training_aggregate,train/avg_nll,139000,2026-09-09T10:42:57.762700Z,4.368003845
phase2_regularization,training_aggregate,train/avg_nll,140000,2026-09-09T10:43:55.085744Z,4.360503674
phase2_regularization,training_aggregate,train/avg_nll,141000,2026-09-09T10:44:53.151356Z,4.36027956
phase2_regularization,training_aggregate,train/avg_nll,142000,2026-09-09T10:45:53.150792Z,4.356329918
phase2_regularization,training_aggregate,train/avg_nll,143000,2026-09-09T10:46:50.496986Z,4.357664108
phase2_regularization,training_aggregate,train/avg_nll,144000,2026-09-09T10:47:44.338434Z,4.363677979
phase2_regularization,training_aggregate,train/avg_nll,145000,2026-09-09T10:48:36.611157Z,4.351195812
phase2_regularization,training_aggregate,train/avg_nll,146000,2026-09-09T10:49:36.450928Z,4.360851288
phase2_regularization,training_aggregate,train/avg_nll,147000,2026-09-09T10:50:41.183093Z,4.349505901
phase2_regularization,training_aggregate,train/avg_nll,148000,2026-09-09T10:51:43.640792Z,4.342053413
phase2_regularization,training_aggregate,train/avg_nll,149000,2026-09-09T10:52:47.420278Z,4.343322277
phase2_regularization,training_aggregate,train/avg_nll,150000,2026-09-09T10:53:52.144747Z,4.344995975
phase2_regularization,training_aggregate,train/avg_nll,151000,2026-09-09T10:55:21.786104Z,4.340686321
phase2_regularization,training_aggregate,train/avg_nll,152000,2026-09-09T10:56:22.616530Z,4.343192101
phase2_regularization,training_aggregate,train/avg_nll,153000,2026-09-09T10:57:24.590639Z,4.352095127
phase2_regularization,training_aggregate,train/avg_nll,154000,2026-09-09T10:58:23.524472Z,4.353149891
phase2_regularization,training_aggregate,train/avg_nll,155000,2026-09-09T10:59:22.579365Z,4.344686508
phase2_regularization,training_aggregate,train/avg_nll,156000,2026-09-09T11:00:21.069323Z,4.349887371
phase2_regularization,training_aggregate,train/avg_nll,157000,2026-09-09T11:01:26.147915Z,4.351814747
phase2_regularization,training_aggregate,train/avg_nll,158000,2026-09-09T11:02:30.274484Z,4.338220119
phase2_regularization,training_aggregate,train/avg_nll,159000,2026-09-09T11:03:29.778634Z,4.338274479
phase2_regularization,training_aggregate,train/avg_nll,160000,2026-09-09T11:04:29.817317Z,4.336730003
phase2_regularization,training_aggregate,train/avg_nll,161000,2026-09-09T11:05:29.572032Z,4.338123322
phase2_regularization,training_aggregate,train/avg_nll,162000,2026-09-09T11:06:28.336197Z,4.329362392
phase2_regularization,training_aggregate,train/avg_nll,163000,2026-09-09T11:07:28.655779Z,4.319787502
phase2_regularization,training_aggregate,train/avg_nll,164000,2026-09-09T11:08:29.953705Z,4.317950726
phase2_regularization,training_aggregate,train/avg_nll,165000,2026-09-09T11:09:31.768172Z,4.318559647
phase2_regularization,training_aggregate,train/avg_nll,166000,2026-09-09T11:10:33.616709Z,4.326053143
phase2_regularization,training_aggregate,train/avg_nll,167000,2026-09-09T11:11:33.717676Z,4.321800709
phase2_regularization,training_aggregate,train/avg_nll,168000,2026-09-09T11:12:36.077818Z,4.328275204
phase2_regularization,training_aggregate,train/avg_nll,169000,2026-09-09T11:13:36.901705Z,4.318619251
phase2_regularization,training_aggregate,train/avg_nll,170000,2026-09-09T11:14:39.877686Z,4.312085629
phase2_regularization,training_aggregate,train/avg_nll,171000,2026-09-09T11:15:39.911150Z,4.300740719
phase2_regularization,training_aggregate,train/avg_nll,172000,2026-09-09T11:16:40.566536Z,4.30696249
phase2_regularization,training_aggregate,train/avg_nll,173000,2026-09-09T11:17:40.560304Z,4.322295189
phase2_regularization,training_aggregate,train/avg_nll,174000,2026-09-09T11:18:40.317372Z,4.313009739
phase2_regularization,training_aggregate,train/avg_nll,175000,2026-09-09T11:19:41.643015Z,4.317352772
phase2_regularization,training_aggregate,train/avg_nll,176000,2026-09-09T11:21:03.922994Z,4.300394535
phase2_regularization,training_aggregate,train/avg_nll,177000,2026-09-09T11:22:03.751121Z,4.311770439
phase2_regularization,training_aggregate,train/avg_nll,178000,2026-09-09T11:23:05.227823Z,4.298361778
phase2_regularization,training_aggregate,train/avg_nll,179000,2026-09-09T11:24:03.198983Z,4.300682068
phase2_regularization,training_aggregate,train/avg_nll,180000,2026-09-09T11:25:05.693442Z,4.307215214
phase2_regularization,training_aggregate,train/avg_nll,181000,2026-09-09T11:26:06.068418Z,4.299736023
phase2_regularization,training_aggregate,train/avg_nll,182000,2026-09-09T11:27:07.675165Z,4.30065155
phase2_regularization,training_aggregate,train/avg_nll,183000,2026-09-09T11:28:07.315355Z,4.294131756
phase2_regularization,training_aggregate,train/avg_nll,184000,2026-09-09T11:29:08.670430Z,4.304665089
phase2_regularization,training_aggregate,train/avg_nll,185000,2026-09-09T11:30:07.057414Z,4.286508083
phase2_regularization,training_aggregate,train/avg_nll,186000,2026-09-09T11:31:09.831015Z,4.293054104
phase2_regularization,training_aggregate,train/avg_nll,187000,2026-09-09T11:32:11.851496Z,4.286826134
phase2_regularization,training_aggregate,train/avg_nll,188000,2026-09-09T11:33:14.538238Z,4.309616566
phase2_regularization,training_aggregate,train/avg_nll,189000,2026-09-09T11:34:19.098128Z,4.290835857
phase2_regularization,training_aggregate,train/avg_nll,190000,2026-09-09T11:35:22.328887Z,4.293627262
phase2_regularization,training_aggregate,train/avg_nll,191000,2026-09-09T11:36:25.025774Z,4.281495094
phase2_regularization,training_aggregate,train/avg_nll,192000,2026-09-09T11:37:26.969790Z,4.284018517
phase2_regularization,training_aggregate,train/avg_nll,193000,2026-09-09T11:38:28.449353Z,4.283759594
phase2_regularization,training_aggregate,train/avg_nll,194000,2026-09-09T11:39:32.410245Z,4.278077602
phase2_regularization,training_aggregate,train/avg_nll,195000,2026-09-09T11:40:34.870415Z,4.279306889
phase2_regularization,training_aggregate,train/avg_nll,196000,2026-09-09T11:41:36.749334Z,4.284782887
phase2_regularization,training_aggregate,train/avg_nll,197000,2026-09-09T11:42:37.449909Z,4.277158737
phase2_regularization,training_aggregate,train/avg_nll,198000,2026-09-09T11:43:39.718680Z,4.280906677
phase2_regularization,training_aggregate,train/avg_nll,199000,2026-09-09T11:44:40.640592Z,4.27203989
phase2_regularization,training_aggregate,train/avg_nll,200000,2026-09-09T11:45:39.505212Z,4.27380991
phase2_regularization,training_aggregate,train/avg_nll,201000,2026-09-09T11:47:05.800425Z,4.281790733
phase2_regularization,training_aggregate,train/avg_nll,202000,2026-09-09T11:48:09.891791Z,4.253848553
phase2_regularization,training_aggregate,train/avg_nll,203000,2026-09-09T11:49:13.758411Z,4.272718906
phase2_regularization,training_aggregate,train/avg_nll,204000,2026-09-09T11:50:14.654963Z,4.2639184
phase2_regularization,training_aggregate,train/avg_nll,205000,2026-09-09T11:51:12.262969Z,4.27173996
phase2_regularization,training_aggregate,train/avg_nll,206000,2026-09-09T11:52:11.080242Z,4.276385784
phase2_regularization,training_aggregate,train/avg_nll,207000,2026-09-09T11:53:13.455150Z,4.271355152
phase2_regularization,training_aggregate,train/avg_nll,208000,2026-09-09T11:54:10.911914Z,4.250919819
phase2_regularization,training_aggregate,train/avg_nll,209000,2026-09-09T11:55:11.700827Z,4.258532047
phase2_regularization,training_aggregate,train/avg_nll,210000,2026-09-09T11:56:15.396268Z,4.268067837
phase2_regularization,training_aggregate,train/avg_nll,211000,2026-09-09T11:57:19.802088Z,4.259750843
phase2_regularization,training_aggregate,train/avg_nll,212000,2026-09-09T11:58:19.797620Z,4.264718533
phase2_regularization,training_aggregate,train/avg_nll,213000,2026-09-09T11:59:21.984534Z,4.259692669
phase2_regularization,training_aggregate,train/avg_nll,214000,2026-09-09T12:00:21.122603Z,4.262655258
phase2_regularization,training_aggregate,train/avg_nll,215000,2026-09-09T12:01:22.261668Z,4.258948326
phase2_regularization,training_aggregate,train/avg_nll,216000,2026-09-09T12:02:24.965693Z,4.24657917
phase2_regularization,training_aggregate,train/avg_nll,217000,2026-09-09T12:03:27.462345Z,4.247962475
phase2_regularization,training_aggregate,train/avg_nll,218000,2026-09-09T12:04:25.588383Z,4.25492239
phase2_regularization,training_aggregate,train/avg_nll,219000,2026-09-09T12:05:26.877974Z,4.25098753
phase2_regularization,training_aggregate,train/avg_nll,220000,2026-09-09T12:06:27.568953Z,4.245240211
phase2_regularization,training_aggregate,train/avg_nll,221000,2026-09-09T12:07:28.426059Z,4.245953083
phase2_regularization,training_aggregate,train/avg_nll,222000,2026-09-09T12:08:30.118375Z,4.256892204
phase2_regularization,training_aggregate,train/avg_nll,223000,2026-09-09T12:09:27.629292Z,4.244505882
phase2_regularization,training_aggregate,train/avg_nll,224000,2026-09-09T12:10:29.843500Z,4.259501934
phase2_regularization,training_aggregate,train/avg_nll,225000,2026-09-09T12:11:27.365933Z,4.245573997
phase2_regularization,training_aggregate,train/avg_nll,226000,2026-09-09T12:12:46.504318Z,4.243794441
phase2_regularization,training_aggregate,train/avg_nll,227000,2026-09-09T12:13:50.494449Z,4.235048294
phase2_regularization,training_aggregate,train/avg_nll,228000,2026-09-09T12:14:54.629776Z,4.240920067
phase2_regularization,training_aggregate,train/avg_nll,229000,2026-09-09T12:15:55.617214Z,4.233830929
phase2_regularization,training_aggregate,train/avg_nll,230000,2026-09-09T12:16:57.043209Z,4.234097481
phase2_regularization,training_aggregate,train/avg_nll,231000,2026-09-09T12:18:02.627627Z,4.237525463
phase2_regularization,training_aggregate,train/avg_nll,232000,2026-09-09T12:19:05.448529Z,4.229279518
phase2_regularization,training_aggregate,train/avg_nll,233000,2026-09-09T12:20:10.415059Z,4.2354002
phase2_regularization,training_aggregate,train/avg_nll,234000,2026-09-09T12:21:10.265617Z,4.226322174
phase2_regularization,training_aggregate,train/avg_nll,235000,2026-09-09T12:22:14.501014Z,4.242111206
phase2_regularization,training_aggregate,train/avg_nll,236000,2026-09-09T12:23:19.450257Z,4.233207226
phase2_regularization,training_aggregate,train/avg_nll,237000,2026-09-09T12:24:19.989817Z,4.23547554
phase2_regularization,training_aggregate,train/avg_nll,238000,2026-09-09T12:25:17.107450Z,4.232984543
phase2_regularization,training_aggregate,train/avg_nll,239000,2026-09-09T12:26:15.624368Z,4.235721111
phase2_regularization,training_aggregate,train/avg_nll,240000,2026-09-09T12:27:16.106385Z,4.226130962
phase2_regularization,training_aggregate,train/avg_nll,241000,2026-09-09T12:28:16.106136Z,4.225340366
phase2_regularization,training_aggregate,train/avg_nll,242000,2026-09-09T12:29:20.606858Z,4.222947121
phase2_regularization,training_aggregate,train/avg_nll,243000,2026-09-09T12:30:22.799875Z,4.218550682
phase2_regularization,training_aggregate,train/avg_nll,244000,2026-09-09T12:31:23.396668Z,4.215232372
phase2_regularization,training_aggregate,train/avg_nll,245000,2026-09-09T12:32:23.072859Z,4.230134964
phase2_regularization,training_aggregate,train/avg_nll,246000,2026-09-09T12:33:16.744060Z,4.228038311
phase2_regularization,training_aggregate,train/avg_nll,247000,2026-09-09T12:34:16.215967Z,4.229857445
phase2_regularization,training_aggregate,train/avg_nll,248000,2026-09-09T12:35:14.626982Z,4.224188805
phase2_regularization,training_aggregate,train/avg_nll,249000,2026-09-09T12:36:13.720315Z,4.223545074
phase2_regularization,training_aggregate,train/avg_nll,250000,2026-09-09T12:37:14.623102Z,4.210817337
phase2_regularization,training_aggregate,train/avg_nll,251000,2026-09-09T12:38:37.881640Z,4.220033646
phase2_regularization,training_aggregate,train/avg_nll,252000,2026-09-09T12:39:32.934782Z,4.23367691
phase2_regularization,training_aggregate,train/avg_nll,253000,2026-09-09T12:40:32.479225Z,4.219940186
phase2_regularization,training_aggregate,train/avg_nll,254000,2026-09-09T12:41:33.082462Z,4.209354401
phase2_regularization,training_aggregate,train/avg_nll,255000,2026-09-09T12:42:31.068726Z,4.194187641
phase2_regularization,training_aggregate,train/avg_nll,256000,2026-09-09T12:43:31.266893Z,4.212112904
phase2_regularization,training_aggregate,train/avg_nll,257000,2026-09-09T12:44:28.992362Z,4.207634449
phase2_regularization,training_aggregate,train/avg_nll,258000,2026-09-09T12:45:26.672580Z,4.200892925
phase2_regularization,training_aggregate,train/avg_nll,259000,2026-09-09T12:46:26.917076Z,4.195786953
phase2_regularization,training_aggregate,train/avg_nll,260000,2026-09-09T12:47:26.324776Z,4.203630924
phase2_regularization,training_aggregate,train/avg_nll,261000,2026-09-09T12:48:28.051518Z,4.188565254
phase2_regularization,training_aggregate,train/avg_nll,262000,2026-09-09T12:49:27.071747Z,4.196240425
phase2_regularization,training_aggregate,train/avg_nll,263000,2026-09-09T12:50:24.800281Z,4.196621418
phase2_regularization,training_aggregate,train/avg_nll,264000,2026-09-09T12:51:25.340635Z,4.186977863
phase2_regularization,training_aggregate,train/avg_nll,265000,2026-09-09T12:52:26.017038Z,4.200772285
phase2_regularization,training_aggregate,train/avg_nll,266000,2026-09-09T12:53:23.198373Z,4.187096119
phase2_regularization,training_aggregate,train/avg_nll,267000,2026-09-09T12:54:22.159555Z,4.196167469
phase2_regularization,training_aggregate,train/avg_nll,268000,2026-09-09T12:55:24.234693Z,4.195253372
phase2_regularization,training_aggregate,train/avg_nll,269000,2026-09-09T12:56:25.113136Z,4.185134411
phase2_regularization,training_aggregate,train/avg_nll,270000,2026-09-09T12:57:25.487429Z,4.204119205
phase2_regularization,training_aggregate,train/avg_nll,271000,2026-09-09T12:58:20.597716Z,4.178772926
phase2_regularization,training_aggregate,train/avg_nll,272000,2026-09-09T12:59:18.124478Z,4.196347237
phase2_regularization,training_aggregate,train/avg_nll,273000,2026-09-09T13:00:16.729440Z,4.17726469
phase2_regularization,training_aggregate,train/avg_nll,274000,2026-09-09T13:01:17.847689Z,4.177885056
phase2_regularization,training_aggregate,train/avg_nll,275000,2026-09-09T13:02:16.557085Z,4.191221237
phase2_regularization,training_aggregate,train/avg_nll,276000,2026-09-09T13:03:33.729151Z,4.188126087
phase2_regularization,training_aggregate,train/avg_nll,277000,2026-09-09T13:04:29.691481Z,4.17706871
phase2_regularization,training_aggregate,train/avg_nll,278000,2026-09-09T13:05:28.540577Z,4.171292305
phase2_regularization,training_aggregate,train/avg_nll,279000,2026-09-09T13:06:24.198726Z,4.186929226
phase2_regularization,training_aggregate,train/avg_nll,280000,2026-09-09T13:07:18.330768Z,4.173145771
phase2_regularization,training_aggregate,train/avg_nll,281000,2026-09-09T13:08:17.548727Z,4.171050072
phase2_regularization,training_aggregate,train/avg_nll,282000,2026-09-09T13:09:17.683686Z,4.185350895
phase2_regularization,training_aggregate,train/avg_nll,283000,2026-09-09T13:10:15.434347Z,4.189978123
phase2_regularization,training_aggregate,train/avg_nll,284000,2026-09-09T13:11:09.769638Z,4.172249317
phase2_regularization,training_aggregate,train/avg_nll,285000,2026-09-09T13:12:03.362241Z,4.164171696
phase2_regularization,training_aggregate,train/avg_nll,286000,2026-09-09T13:13:01.821247Z,4.165091038
phase2_regularization,training_aggregate,train/avg_nll,287000,2026-09-09T13:13:59.887606Z,4.17052412
phase2_regularization,training_aggregate,train/avg_nll,288000,2026-09-09T13:14:54.376189Z,4.166199684
phase2_regularization,training_aggregate,train/avg_nll,289000,2026-09-09T13:15:56.319840Z,4.164693832
phase2_regularization,training_aggregate,train/avg_nll,290000,2026-09-09T13:16:59.362238Z,4.164330006
phase2_regularization,training_aggregate,train/avg_nll,291000,2026-09-09T13:18:00.037452Z,4.166146278
phase2_regularization,training_aggregate,train/avg_nll,292000,2026-09-09T13:18:57.617175Z,4.164452076
phase2_regularization,training_aggregate,train/avg_nll,293000,2026-09-09T13:19:55.335121Z,4.163061142
phase2_regularization,training_aggregate,train/avg_nll,294000,2026-09-09T13:20:53.302813Z,4.143643379
phase2_regularization,training_aggregate,train/avg_nll,295000,2026-09-09T13:21:53.999029Z,4.164627552
phase2_regularization,training_aggregate,train/avg_nll,296000,2026-09-09T13:22:54.303562Z,4.141775131
phase2_regularization,training_aggregate,train/avg_nll,297000,2026-09-09T13:23:51.148122Z,4.15528059
phase2_regularization,training_aggregate,train/avg_nll,298000,2026-09-09T13:24:50.919279Z,4.146106243
phase2_regularization,training_aggregate,train/avg_nll,299000,2026-09-09T13:25:47.547155Z,4.152786255
phase2_regularization,training_aggregate,train/avg_nll,300000,2026-09-09T13:26:49.240606Z,4.150362015
phase2_regularization,training_aggregate,train/avg_nll,301000,2026-09-09T13:28:11.925749Z,4.147876263
phase2_regularization,training_aggregate,train/avg_nll,302000,2026-09-09T13:29:15.950926Z,4.152441502
phase2_regularization,training_aggregate,train/avg_nll,303000,2026-09-09T13:30:15.935484Z,4.139612198
phase2_regularization,training_aggregate,train/avg_nll,304000,2026-09-09T13:31:20.410981Z,4.136793613
phase2_regularization,training_aggregate,train/avg_nll,305000,2026-09-09T13:32:22.320637Z,4.135797977
phase2_regularization,training_aggregate,train/avg_nll,306000,2026-09-09T13:33:23.381875Z,4.138004303
phase2_regularization,training_aggregate,train/avg_nll,307000,2026-09-09T13:34:22.377095Z,4.143139362
phase2_regularization,training_aggregate,train/avg_nll,308000,2026-09-09T13:35:21.302731Z,4.13143301
phase2_regularization,training_aggregate,train/avg_nll,309000,2026-09-09T13:36:22.418568Z,4.133179188
phase2_regularization,training_aggregate,train/avg_nll,310000,2026-09-09T13:37:19.626223Z,4.136581898
phase2_regularization,training_aggregate,train/avg_nll,311000,2026-09-09T13:38:17.500646Z,4.142714024
phase2_regularization,training_aggregate,train/avg_nll,312000,2026-09-09T13:39:18.781930Z,4.119838238
phase2_regularization,training_aggregate,train/avg_nll,313000,2026-09-09T13:40:17.710033Z,4.120844364
phase2_regularization,training_aggregate,train/avg_nll,314000,2026-09-09T13:41:16.838554Z,4.109784603
phase2_regularization,training_aggregate,train/avg_nll,315000,2026-09-09T13:42:16.260091Z,4.115506649
phase2_regularization,training_aggregate,train/avg_nll,316000,2026-09-09T13:43:15.041029Z,4.107981682
phase2_regularization,training_aggregate,train/avg_nll,317000,2026-09-09T13:44:11.382980Z,4.112595558
phase2_regularization,training_aggregate,train/avg_nll,318000,2026-09-09T13:45:10.882569Z,4.113607883
phase2_regularization,training_aggregate,train/avg_nll,319000,2026-09-09T13:46:14.960272Z,4.101102829
phase2_regularization,training_aggregate,train/avg_nll,320000,2026-09-09T13:47:16.230179Z,4.107218742
phase2_regularization,training_aggregate,train/avg_nll,321000,2026-09-09T13:48:17.039578Z,4.093190193
phase2_regularization,training_aggregate,train/avg_nll,322000,2026-09-09T13:49:19.720475Z,4.093529224
phase2_regularization,training_aggregate,train/avg_nll,323000,2026-09-09T13:50:19.442685Z,4.091917038
phase2_regularization,training_aggregate,train/avg_nll,324000,2026-09-09T13:51:22.823421Z,4.083432198
phase2_regularization,training_aggregate,train/avg_nll,325000,2026-09-09T13:52:23.309093Z,4.086945057
phase2_regularization,training_aggregate,train/avg_nll,326000,2026-09-09T13:53:43.883111Z,4.077012539
phase2_regularization,training_aggregate,train/avg_nll,327000,2026-09-09T13:54:45.990209Z,4.075213432
phase2_regularization,training_aggregate,train/avg_nll,328000,2026-09-09T13:55:46.246535Z,4.070003986
phase2_regularization,training_aggregate,train/avg_nll,329000,2026-09-09T13:56:47.025627Z,4.066795349
phase2_regularization,training_aggregate,train/avg_nll,330000,2026-09-09T13:57:49.379182Z,4.067355156
phase2_regularization,training_aggregate,train/avg_nll,331000,2026-09-09T13:58:44.599255Z,4.072152615
phase2_regularization,training_aggregate,train/avg_nll,332000,2026-09-09T13:59:46.678770Z,4.074151039
phase2_regularization,training_aggregate,train/avg_nll,333000,2026-09-09T14:00:49.536126Z,4.058054447
phase2_regularization,training_aggregate,train/avg_nll,334000,2026-09-09T14:01:52.964310Z,4.05413866
phase2_regularization,training_aggregate,train/avg_nll,335000,2026-09-09T14:02:57.189733Z,4.052110195
phase2_regularization,training_aggregate,train/avg_nll,336000,2026-09-09T14:03:55.983944Z,4.050857067
phase2_regularization,training_aggregate,train/avg_nll,337000,2026-09-09T14:04:58.755737Z,4.048136711
phase2_regularization,training_aggregate,train/avg_nll,338000,2026-09-09T14:05:57.853214Z,4.054427147
phase2_regularization,training_aggregate,train/avg_nll,339000,2026-09-09T14:06:57.470434Z,4.034211159
phase2_regularization,training_aggregate,train/avg_nll,340000,2026-09-09T14:07:56.751113Z,4.038755894
phase2_regularization,training_aggregate,train/avg_nll,341000,2026-09-09T14:08:56.554046Z,4.04120636
phase2_regularization,training_aggregate,train/avg_nll,342000,2026-09-09T14:09:54.521596Z,4.037455082
phase2_regularization,training_aggregate,train/avg_nll,343000,2026-09-09T14:10:50.076614Z,4.040854931
phase2_regularization,training_aggregate,train/avg_nll,344000,2026-09-09T14:11:49.472262Z,4.030216217
phase2_regularization,training_aggregate,train/avg_nll,345000,2026-09-09T14:12:48.662398Z,4.014528275
phase2_regularization,training_aggregate,train/avg_nll,346000,2026-09-09T14:13:51.859446Z,4.018169403
phase2_regularization,training_aggregate,train/avg_nll,347000,2026-09-09T14:14:48.161553Z,4.010780334
phase2_regularization,training_aggregate,train/avg_nll,348000,2026-09-09T14:15:47.962031Z,4.036239147
phase2_regularization,training_aggregate,train/avg_nll,349000,2026-09-09T14:16:42.825130Z,4.030015469
phase2_regularization,training_aggregate,train/avg_nll,350000,2026-09-09T14:17:39.339465Z,4.031970024
phase2_regularization,training_aggregate,train/avg_nll,351000,2026-09-09T14:19:05.680243Z,4.022480965
phase2_regularization,training_aggregate,train/avg_nll,352000,2026-09-09T14:20:08.130119Z,4.018537045
phase2_regularization,training_aggregate,train/avg_nll,353000,2026-09-09T14:21:08.933633Z,4.003544331
phase2_regularization,training_aggregate,train/avg_nll,354000,2026-09-09T14:22:07.811915Z,4.019756317
phase2_regularization,training_aggregate,train/avg_nll,355000,2026-09-09T14:23:07.531971Z,4.021891117
phase2_regularization,training_aggregate,train/avg_nll,356000,2026-09-09T14:24:07.436655Z,4.013584137
phase2_regularization,training_aggregate,train/avg_nll,357000,2026-09-09T14:25:09.405094Z,4.003490448
phase2_regularization,training_aggregate,train/avg_nll,358000,2026-09-09T14:26:08.042855Z,3.998347044
phase2_regularization,training_aggregate,train/avg_nll,359000,2026-09-09T14:27:08.212986Z,3.999461174
phase2_regularization,training_aggregate,train/avg_nll,360000,2026-09-09T14:28:09.544397Z,4.003761292
phase2_regularization,training_aggregate,train/avg_nll,361000,2026-09-09T14:29:09.226791Z,4.005992413
phase2_regularization,training_aggregate,train/avg_nll,362000,2026-09-09T14:30:09.862051Z,3.990164995
phase2_regularization,training_aggregate,train/avg_nll,363000,2026-09-09T14:31:11.952317Z,3.986429691
phase2_regularization,training_aggregate,train/avg_nll,364000,2026-09-09T14:32:09.021284Z,3.982573748
phase2_regularization,training_aggregate,train/avg_nll,365000,2026-09-09T14:33:08.836983Z,3.988470078
phase2_regularization,training_aggregate,train/avg_nll,366000,2026-09-09T14:34:06.606387Z,3.979918718
phase2_regularization,training_aggregate,train/avg_nll,367000,2026-09-09T14:35:08.499746Z,3.977113724
phase2_regularization,training_aggregate,train/avg_nll,368000,2026-09-09T14:36:10.174625Z,3.998828173
phase2_regularization,training_aggregate,train/avg_nll,369000,2026-09-09T14:37:05.904121Z,3.989522457
phase2_regularization,training_aggregate,train/avg_nll,370000,2026-09-09T14:38:06.362647Z,3.981100082
phase2_regularization,training_aggregate,train/avg_nll,371000,2026-09-09T14:39:05.034129Z,3.995310307
phase2_regularization,training_aggregate,train/avg_nll,372000,2026-09-09T14:40:05.260337Z,3.974627972
phase2_regularization,training_aggregate,train/avg_nll,373000,2026-09-09T14:41:02.823708Z,3.984627962
phase2_regularization,training_aggregate,train/avg_nll,374000,2026-09-09T14:42:03.759656Z,3.978366375
phase2_regularization,training_aggregate,train/avg_nll,375000,2026-09-09T14:43:04.096299Z,3.973873377
phase2_regularization,training_aggregate,train/avg_nll,376000,2026-09-09T14:44:27.324198Z,3.967494011
phase2_regularization,training_aggregate,train/avg_nll,377000,2026-09-09T14:45:28.381416Z,3.959795237
phase2_regularization,training_aggregate,train/avg_nll,378000,2026-09-09T14:46:31.184519Z,3.97052145
phase2_regularization,training_aggregate,train/avg_nll,379000,2026-09-09T14:47:32.854041Z,3.96890521
phase2_regularization,training_aggregate,train/avg_nll,380000,2026-09-09T14:48:31.882942Z,3.96879673
phase2_regularization,training_aggregate,train/avg_nll,381000,2026-09-09T14:49:33.161696Z,3.96331501
phase2_regularization,training_aggregate,train/avg_nll,382000,2026-09-09T14:50:32.023963Z,3.960303783
phase2_regularization,training_aggregate,train/avg_nll,383000,2026-09-09T14:51:32.057281Z,3.953956604
phase2_regularization,training_aggregate,train/avg_nll,384000,2026-09-09T14:52:32.047144Z,3.95247221
phase2_regularization,training_aggregate,train/avg_nll,385000,2026-09-09T14:53:29.986746Z,3.954966307
phase2_regularization,training_aggregate,train/avg_nll,386000,2026-09-09T14:54:32.563800Z,3.946891785
phase2_regularization,training_aggregate,train/avg_nll,387000,2026-09-09T14:55:32.796407Z,3.945210457
phase2_regularization,training_aggregate,train/avg_nll,388000,2026-09-09T14:56:30.730370Z,3.949284792
phase2_regularization,training_aggregate,train/avg_nll,389000,2026-09-09T14:57:29.320388Z,3.949009657
phase2_regularization,training_aggregate,train/avg_nll,390000,2026-09-09T14:58:24.771630Z,3.946578026
phase2_regularization,training_aggregate,train/avg_nll,391000,2026-09-09T14:59:25.708103Z,3.956814528
phase2_regularization,training_aggregate,train/avg_nll,392000,2026-09-09T15:00:26.379459Z,3.961590052
phase2_regularization,training_aggregate,train/avg_nll,393000,2026-09-09T15:01:28.798818Z,3.939864397
phase2_regularization,training_aggregate,train/avg_nll,394000,2026-09-09T15:02:27.874617Z,3.937066317
phase2_regularization,training_aggregate,train/avg_nll,395000,2026-09-09T15:03:26.963766Z,3.9401021
phase2_regularization,training_aggregate,train/avg_nll,396000,2026-09-09T15:04:28.847766Z,3.94148016
phase2_regularization,training_aggregate,train/avg_nll,397000,2026-09-09T15:05:29.434257Z,3.929203749
phase2_regularization,training_aggregate,train/avg_nll,398000,2026-09-09T15:06:30.791979Z,3.931849957
phase2_regularization,training_aggregate,train/avg_nll,399000,2026-09-09T15:07:28.002324Z,3.923089981
phase2_regularization,training_aggregate,train/avg_nll,400000,2026-09-09T15:08:26.648274Z,3.92478466
phase2_regularization,training_aggregate,train/avg_nll,401000,2026-09-09T15:09:52.432303Z,3.932077408
phase2_regularization,training_aggregate,train/avg_nll,402000,2026-09-09T15:10:53.993952Z,3.923897505
phase2_regularization,training_aggregate,train/avg_nll,403000,2026-09-09T15:11:54.987832Z,3.915605783
phase2_regularization,training_aggregate,train/avg_nll,404000,2026-09-09T15:12:54.944318Z,3.92579174
phase2_regularization,training_aggregate,train/avg_nll,405000,2026-09-09T15:13:53.066937Z,3.930969477
phase2_regularization,training_aggregate,train/avg_nll,406000,2026-09-09T15:14:54.664208Z,3.924944878
phase2_regularization,training_aggregate,train/avg_nll,407000,2026-09-09T15:15:55.312633Z,3.921513557
phase2_regularization,training_aggregate,train/avg_nll,408000,2026-09-09T15:16:58.255647Z,3.914726496
phase2_regularization,training_aggregate,train/avg_nll,409000,2026-09-09T15:17:56.953363Z,3.915635347
phase2_regularization,training_aggregate,train/avg_nll,410000,2026-09-09T15:19:01.129494Z,3.915383816
phase2_regularization,training_aggregate,train/avg_nll,411000,2026-09-09T15:20:02.886942Z,3.915089369
phase2_regularization,training_aggregate,train/avg_nll,412000,2026-09-09T15:20:59.797992Z,3.908390284
phase2_regularization,training_aggregate,train/avg_nll,413000,2026-09-09T15:21:58.603036Z,3.891455412
phase2_regularization,training_aggregate,train/avg_nll,414000,2026-09-09T15:22:57.431174Z,3.895730019
phase2_regularization,training_aggregate,train/avg_nll,415000,2026-09-09T15:23:58.265684Z,3.901210308
phase2_regularization,training_aggregate,train/avg_nll,416000,2026-09-09T15:24:57.335498Z,3.909649849
phase2_regularization,training_aggregate,train/avg_nll,417000,2026-09-09T15:25:55.826061Z,3.884175062
phase2_regularization,training_aggregate,train/avg_nll,418000,2026-09-09T15:26:57.798131Z,3.905888557
phase2_regularization,training_aggregate,train/avg_nll,419000,2026-09-09T15:27:58.064008Z,3.887822866
phase2_regularization,training_aggregate,train/avg_nll,420000,2026-09-09T15:28:56.255032Z,3.89137435
phase2_regularization,training_aggregate,train/avg_nll,421000,2026-09-09T15:29:51.447792Z,3.895354748
phase2_regularization,training_aggregate,train/avg_nll,422000,2026-09-09T15:30:49.622513Z,3.888618469
phase2_regularization,training_aggregate,train/avg_nll,423000,2026-09-09T15:31:50.301755Z,3.897008181
phase2_regularization,training_aggregate,train/avg_nll,424000,2026-09-09T15:32:47.878766Z,3.896854162
phase2_regularization,training_aggregate,train/avg_nll,425000,2026-09-09T15:33:47.250570Z,3.890366077
phase2_regularization,training_aggregate,train/avg_nll,426000,2026-09-09T15:35:07.606691Z,3.869489908
phase2_regularization,training_aggregate,train/avg_nll,427000,2026-09-09T15:36:05.342606Z,3.882311583
phase2_regularization,training_aggregate,train/avg_nll,428000,2026-09-09T15:37:06.735519Z,3.883773327
phase2_regularization,training_aggregate,train/avg_nll,429000,2026-09-09T15:38:09.276552Z,3.88030839
phase2_regularization,training_aggregate,train/avg_nll,430000,2026-09-09T15:39:06.073043Z,3.878267765
phase2_regularization,training_aggregate,train/avg_nll,431000,2026-09-09T15:40:04.622808Z,3.867818117
phase2_regularization,training_aggregate,train/avg_nll,432000,2026-09-09T15:41:01.526505Z,3.865166664
phase2_regularization,training_aggregate,train/avg_nll,433000,2026-09-09T15:41:59.541343Z,3.877172232
phase2_regularization,training_aggregate,train/avg_nll,434000,2026-09-09T15:42:56.978321Z,3.86958456
phase2_regularization,training_aggregate,train/avg_nll,435000,2026-09-09T15:43:52.429921Z,3.888601542
phase2_regularization,training_aggregate,train/avg_nll,436000,2026-09-09T15:44:53.323696Z,3.870685339
phase2_regularization,training_aggregate,train/avg_nll,437000,2026-09-09T15:45:49.790697Z,3.861741543
phase2_regularization,training_aggregate,train/avg_nll,438000,2026-09-09T15:46:52.490716Z,3.866316319
phase2_regularization,training_aggregate,train/avg_nll,439000,2026-09-09T15:47:50.697072Z,3.846487522
phase2_regularization,training_aggregate,train/avg_nll,440000,2026-09-09T15:48:51.579347Z,3.844100475
phase2_regularization,training_aggregate,train/avg_nll,441000,2026-09-09T15:49:53.054830Z,3.85632658
phase2_regularization,training_aggregate,train/avg_nll,442000,2026-09-09T15:50:51.098714Z,3.860757828
phase2_regularization,training_aggregate,train/avg_nll,443000,2026-09-09T15:51:51.950200Z,3.840579033
phase2_regularization,training_aggregate,train/avg_nll,444000,2026-09-09T15:52:54.783314Z,3.850492001
phase2_regularization,training_aggregate,train/avg_nll,445000,2026-09-09T15:53:55.401001Z,3.846362591
phase2_regularization,training_aggregate,train/avg_nll,446000,2026-09-09T15:54:56.969013Z,3.842666864
phase2_regularization,training_aggregate,train/avg_nll,447000,2026-09-09T15:55:56.518589Z,3.839526176
phase2_regularization,training_aggregate,train/avg_nll,448000,2026-09-09T15:56:56.885780Z,3.84523654
phase2_regularization,training_aggregate,train/avg_nll,449000,2026-09-09T15:57:54.350332Z,3.838825703
phase2_regularization,training_aggregate,train/avg_nll,450000,2026-09-09T15:58:54.851289Z,3.830408573
phase2_regularization,training_aggregate,train/avg_nll,451000,2026-09-09T16:00:17.416807Z,3.831020594
phase2_regularization,training_aggregate,train/avg_nll,452000,2026-09-09T16:01:19.050589Z,3.833061218
phase2_regularization,training_aggregate,train/avg_nll,453000,2026-09-09T16:02:21.006547Z,3.835232496
phase2_regularization,training_aggregate,train/avg_nll,454000,2026-09-09T16:03:21.592951Z,3.833175182
phase2_regularization,training_aggregate,train/avg_nll,455000,2026-09-09T16:04:21.266443Z,3.827002525
phase2_regularization,training_aggregate,train/avg_nll,456000,2026-09-09T16:05:20.412424Z,3.830718517
phase2_regularization,training_aggregate,train/avg_nll,457000,2026-09-09T16:06:22.538834Z,3.823843956
phase2_regularization,training_aggregate,train/avg_nll,458000,2026-09-09T16:07:21.544747Z,3.820135355
phase2_regularization,training_aggregate,train/avg_nll,459000,2026-09-09T16:08:17.765628Z,3.834244251
phase2_regularization,training_aggregate,train/avg_nll,460000,2026-09-09T16:09:17.375422Z,3.812319756
phase2_regularization,training_aggregate,train/avg_nll,461000,2026-09-09T16:10:14.915862Z,3.816219091
phase2_regularization,training_aggregate,train/avg_nll,462000,2026-09-09T16:11:13.451685Z,3.818457842
phase2_regularization,training_aggregate,train/avg_nll,463000,2026-09-09T16:12:16.694367Z,3.8014853
phase2_regularization,training_aggregate,train/avg_nll,464000,2026-09-09T16:13:10.478124Z,3.811307907
phase2_regularization,training_aggregate,train/avg_nll,465000,2026-09-09T16:14:11.098834Z,3.810553551
phase2_regularization,training_aggregate,train/avg_nll,466000,2026-09-09T16:15:10.993553Z,3.811372995
phase2_regularization,training_aggregate,train/avg_nll,467000,2026-09-09T16:16:06.574524Z,3.813473225
phase2_regularization,training_aggregate,train/avg_nll,468000,2026-09-09T16:17:04.709030Z,3.805250406
phase2_regularization,training_aggregate,train/avg_nll,469000,2026-09-09T16:18:01.473303Z,3.799929142
phase2_regularization,training_aggregate,train/avg_nll,470000,2026-09-09T16:19:00.902137Z,3.808569908
phase2_regularization,training_aggregate,train/avg_nll,471000,2026-09-09T16:20:00.807235Z,3.805837393
phase2_regularization,training_aggregate,train/avg_nll,472000,2026-09-09T16:21:00.873244Z,3.808271408
phase2_regularization,training_aggregate,train/avg_nll,473000,2026-09-09T16:21:58.938867Z,3.805921316
phase2_regularization,training_aggregate,train/avg_nll,474000,2026-09-09T16:23:00.439095Z,3.799220324
phase2_regularization,training_aggregate,train/avg_nll,475000,2026-09-09T16:23:59.089643Z,3.796958685
phase2_regularization,training_aggregate,train/avg_nll,476000,2026-09-09T16:25:23.639282Z,3.79137969
phase2_regularization,training_aggregate,train/avg_nll,477000,2026-09-09T16:26:26.125585Z,3.795955896
phase2_regularization,training_aggregate,train/avg_nll,478000,2026-09-09T16:27:26.074045Z,3.79202795
phase2_regularization,training_aggregate,train/avg_nll,479000,2026-09-09T16:28:25.026106Z,3.798259497
phase2_regularization,training_aggregate,train/avg_nll,480000,2026-09-09T16:29:22.070617Z,3.787315845
phase2_regularization,training_aggregate,train/avg_nll,481000,2026-09-09T16:30:20.982996Z,3.792900085
phase2_regularization,training_aggregate,train/avg_nll,482000,2026-09-09T16:31:22.729285Z,3.788969517
phase2_regularization,training_aggregate,train/avg_nll,483000,2026-09-09T16:32:22.826376Z,3.785223722
phase2_regularization,training_aggregate,train/avg_nll,484000,2026-09-09T16:33:21.163096Z,3.780128479
phase2_regularization,training_aggregate,train/avg_nll,485000,2026-09-09T16:34:22.180306Z,3.776098967
phase2_regularization,training_aggregate,train/avg_nll,486000,2026-09-09T16:35:20.567577Z,3.786453247
phase2_regularization,training_aggregate,train/avg_nll,487000,2026-09-09T16:36:21.056927Z,3.785645008
phase2_regularization,training_aggregate,train/avg_nll,488000,2026-09-09T16:37:21.214010Z,3.770107269
phase2_regularization,training_aggregate,train/avg_nll,489000,2026-09-09T16:38:24.489677Z,3.774811983
phase2_regularization,training_aggregate,train/avg_nll,490000,2026-09-09T16:39:21.088253Z,3.785825729
phase2_regularization,training_aggregate,train/avg_nll,491000,2026-09-09T16:40:17.772219Z,3.773961067
phase2_regularization,training_aggregate,train/avg_nll,492000,2026-09-09T16:41:17.183072Z,3.772830009
phase2_regularization,training_aggregate,train/avg_nll,493000,2026-09-09T16:42:12.110268Z,3.780730486
phase2_regularization,training_aggregate,train/avg_nll,494000,2026-09-09T16:43:09.367940Z,3.784727812
phase2_regularization,training_aggregate,train/avg_nll,495000,2026-09-09T16:44:07.807476Z,3.778401852
phase2_regularization,training_aggregate,train/avg_nll,496000,2026-09-09T16:45:10.007515Z,3.766509533
phase2_regularization,training_aggregate,train/avg_nll,497000,2026-09-09T16:46:13.630811Z,3.781183243
phase2_regularization,training_aggregate,train/avg_nll,498000,2026-09-09T16:47:12.699984Z,3.776926517
phase2_regularization,training_aggregate,train/avg_nll,499000,2026-09-09T16:48:14.166086Z,3.772028446
phase2_regularization,training_aggregate,train/avg_nll,500000,2026-09-09T16:49:14.967678Z,3.77380991
phase2_regularization,training_aggregate,train/avg_nll,501000,2026-09-09T16:50:38.209603Z,3.761253595
phase2_regularization,training_aggregate,train/avg_nll,502000,2026-09-09T16:51:43.664666Z,3.766448736
phase2_regularization,training_aggregate,train/avg_nll,503000,2026-09-09T16:52:52.212878Z,3.769298315
phase2_regularization,training_aggregate,train/avg_nll,504000,2026-09-09T16:54:02.791179Z,3.76776886
phase2_regularization,training_aggregate,train/avg_nll,505000,2026-09-09T16:55:14.510138Z,3.765857935
phase2_regularization,training_aggregate,train/avg_nll,506000,2026-09-09T16:56:23.796139Z,3.773940086
phase2_regularization,training_aggregate,train/avg_nll,507000,2026-09-09T16:57:34.175479Z,3.752931118
phase2_regularization,training_aggregate,train/avg_nll,508000,2026-09-09T16:58:47.053177Z,3.754845858
phase2_regularization,training_aggregate,train/avg_nll,509000,2026-09-09T16:59:57.813124Z,3.7506814
phase2_regularization,training_aggregate,train/avg_nll,510000,2026-09-09T17:01:10.403134Z,3.765754461
phase2_regularization,training_aggregate,train/avg_nll,511000,2026-09-09T17:02:21.606274Z,3.754636765
phase2_regularization,training_aggregate,train/avg_nll,512000,2026-09-09T17:03:32.017132Z,3.757900238
phase2_regularization,training_aggregate,train/avg_nll,513000,2026-09-09T17:04:43.111145Z,3.754654646
phase2_regularization,training_aggregate,train/avg_nll,514000,2026-09-09T17:05:53.636565Z,3.746025324
phase2_regularization,training_aggregate,train/avg_nll,515000,2026-09-09T17:07:04.255126Z,3.752317667
phase2_regularization,training_aggregate,train/avg_nll,516000,2026-09-09T17:08:14.821869Z,3.748649597
phase2_regularization,training_aggregate,train/avg_nll,517000,2026-09-09T17:09:25.723221Z,3.745907545
phase2_regularization,training_aggregate,train/avg_nll,518000,2026-09-09T17:10:36.951906Z,3.743580818
phase2_regularization,training_aggregate,train/avg_nll,519000,2026-09-09T17:11:48.252671Z,3.745257139
phase2_regularization,training_aggregate,train/avg_nll,520000,2026-09-09T17:12:59.043535Z,3.751977444
phase2_regularization,training_aggregate,train/avg_nll,521000,2026-09-09T17:14:09.636210Z,3.756384134
phase2_regularization,training_aggregate,train/avg_nll,522000,2026-09-09T17:15:20.616651Z,3.771945953
phase2_regularization,training_aggregate,train/avg_nll,523000,2026-09-09T17:16:30.623363Z,3.746860027
phase2_regularization,training_aggregate,train/avg_nll,524000,2026-09-09T17:17:41.592650Z,3.761907816
phase2_regularization,training_aggregate,train/avg_nll,525000,2026-09-09T17:18:52.078941Z,3.764113665
phase2_regularization,training_aggregate,train/avg_nll,526000,2026-09-09T17:20:52.582145Z,3.755486965
phase2_regularization,training_aggregate,train/avg_nll,527000,2026-09-09T17:22:03.155687Z,3.750955343
phase2_regularization,training_aggregate,train/avg_nll,528000,2026-09-09T17:23:13.530435Z,3.755926847
phase2_regularization,training_aggregate,train/avg_nll,529000,2026-09-09T17:24:25.340141Z,3.750857592
phase2_regularization,training_aggregate,train/avg_nll,530000,2026-09-09T17:25:35.182407Z,3.752563
phase2_regularization,training_aggregate,train/avg_nll,531000,2026-09-09T17:26:47.036994Z,3.752076626
phase2_regularization,training_aggregate,train/avg_nll,532000,2026-09-09T17:27:59.066992Z,3.758906841
phase2_regularization,training_aggregate,train/avg_nll,533000,2026-09-09T17:29:09.478466Z,3.745546818
phase2_regularization,training_aggregate,train/avg_nll,534000,2026-09-09T17:30:20.509125Z,3.757007599
phase2_regularization,training_aggregate,train/avg_nll,535000,2026-09-09T17:31:30.322387Z,3.741055012
phase2_regularization,training_aggregate,train/avg_nll,536000,2026-09-09T17:32:41.978849Z,3.746257305
phase2_regularization,training_aggregate,train/avg_nll,537000,2026-09-09T17:33:52.567121Z,3.756753922
phase2_regularization,training_aggregate,train/avg_nll,538000,2026-09-09T17:35:02.923140Z,3.746733665
phase2_regularization,training_aggregate,train/avg_nll,539000,2026-09-09T17:36:14.971748Z,3.758430243
phase2_regularization,training_aggregate,train/avg_nll,540000,2026-09-09T17:37:26.914867Z,3.749283552
phase2_regularization,training_aggregate,train/avg_nll,541000,2026-09-09T17:38:38.428985Z,3.749196529
phase2_regularization,training_aggregate,train/avg_nll,542000,2026-09-09T17:39:49.522166Z,3.754549265
phase2_regularization,training_aggregate,train/avg_nll,543000,2026-09-09T17:41:00.767817Z,3.755473852
phase2_regularization,training_aggregate,train/avg_nll,544000,2026-09-09T17:42:12.151407Z,3.753108978
phase2_regularization,training_aggregate,train/avg_nll,545000,2026-09-09T17:43:23.244871Z,3.754137993
phase2_regularization,training_aggregate,train/avg_nll,546000,2026-09-09T17:44:33.281120Z,3.747714281
phase2_regularization,training_aggregate,train/avg_nll,547000,2026-09-09T17:45:44.303742Z,3.751618147
phase2_regularization,training_aggregate,train/avg_nll,548000,2026-09-09T17:46:56.969244Z,3.759371996
phase2_regularization,training_aggregate,train/avg_nll,549000,2026-09-09T17:48:07.978396Z,3.767134905
phase2_regularization,training_aggregate,train/avg_nll,550000,2026-09-09T17:49:20.091733Z,3.754427195
phase2_regularization,training_aggregate,train/avg_nll,551000,2026-09-09T17:51:22.303507Z,3.76041317
phase2_regularization,training_aggregate,train/avg_nll,552000,2026-09-09T17:52:34.103206Z,3.767763138
phase2_regularization,training_aggregate,train/avg_nll,553000,2026-09-09T17:53:45.577695Z,3.756347656
phase2_regularization,training_aggregate,train/avg_nll,554000,2026-09-09T17:54:56.958416Z,3.764019251
phase2_regularization,training_aggregate,train/avg_nll,555000,2026-09-09T17:56:08.613150Z,3.768447638
phase2_regularization,training_aggregate,train/avg_nll,556000,2026-09-09T17:57:19.625247Z,3.752985716
phase2_regularization,training_aggregate,train/avg_nll,557000,2026-09-09T17:58:31.579272Z,3.760455132
phase2_regularization,training_aggregate,train/avg_nll,558000,2026-09-09T17:59:42.455019Z,3.763262987
phase2_regularization,training_aggregate,train/avg_nll,559000,2026-09-09T18:00:53.354644Z,3.767528772
phase2_regularization,training_aggregate,train/avg_nll,560000,2026-09-09T18:02:04.203567Z,3.764281273
phase2_regularization,training_aggregate,train/avg_nll,561000,2026-09-09T18:03:14.688145Z,3.768845797
phase2_regularization,training_aggregate,train/avg_nll,562000,2026-09-09T18:04:26.948143Z,3.771263599
phase2_regularization,training_aggregate,train/avg_nll,563000,2026-09-09T18:05:36.958601Z,3.768176794
phase2_regularization,training_aggregate,train/avg_nll,564000,2026-09-09T18:06:49.015975Z,3.761123419
phase2_regularization,training_aggregate,train/avg_nll,565000,2026-09-09T18:07:59.651488Z,3.76224947
phase2_regularization,training_aggregate,train/avg_nll,566000,2026-09-09T18:09:10.329157Z,3.771846533
phase2_regularization,training_aggregate,train/avg_nll,567000,2026-09-09T18:10:21.062233Z,3.769247055
phase2_regularization,training_aggregate,train/avg_nll,568000,2026-09-09T18:11:32.644508Z,3.770970106
phase2_regularization,training_aggregate,train/avg_nll,569000,2026-09-09T18:12:43.659035Z,3.784147024
phase2_regularization,training_aggregate,train/avg_nll,570000,2026-09-09T18:13:49.346682Z,3.767357826
phase2_regularization,training_aggregate,train/avg_nll,571000,2026-09-09T18:14:51.138977Z,3.766500235
phase2_regularization,training_aggregate,train/avg_nll,572000,2026-09-09T18:15:53.023134Z,3.778817654
phase2_regularization,training_aggregate,train/avg_nll,573000,2026-09-09T18:16:51.732053Z,3.775507212
phase2_regularization,training_aggregate,train/avg_nll,574000,2026-09-09T18:17:54.330199Z,3.773534298
phase2_regularization,training_aggregate,train/avg_nll,575000,2026-09-09T18:18:54.276642Z,3.768713713
phase2_regularization,training_aggregate,train/avg_nll,576000,2026-09-09T18:20:14.673116Z,3.773362875
phase2_regularization,training_aggregate,train/avg_nll,577000,2026-09-09T18:21:14.129704Z,3.771659374
phase2_regularization,training_aggregate,train/avg_nll,578000,2026-09-09T18:22:16.104347Z,3.772282124
phase2_regularization,training_aggregate,train/avg_nll,579000,2026-09-09T18:23:14.783315Z,3.772663593
phase2_regularization,training_aggregate,train/avg_nll,580000,2026-09-09T18:24:17.319364Z,3.776944399
phase2_regularization,training_aggregate,train/avg_nll,581000,2026-09-09T18:25:20.649614Z,3.781248569
phase2_regularization,training_aggregate,train/avg_nll,582000,2026-09-09T18:26:16.509655Z,3.766707182
phase2_regularization,training_aggregate,train/avg_nll,583000,2026-09-09T18:27:16.887651Z,3.774956465
phase2_regularization,training_aggregate,train/avg_nll,584000,2026-09-09T18:28:18.907083Z,3.780620575
phase2_regularization,training_aggregate,train/avg_nll,585000,2026-09-09T18:29:21.689527Z,3.78619504
phase2_regularization,training_aggregate,train/avg_nll,586000,2026-09-09T18:30:19.972244Z,3.779510498
phase2_regularization,training_aggregate,train/avg_nll,587000,2026-09-09T18:31:19.355439Z,3.779465914
phase2_regularization,training_aggregate,train/avg_nll,588000,2026-09-09T18:32:18.639392Z,3.795391321
phase2_regularization,training_aggregate,train/avg_nll,589000,2026-09-09T18:33:20.286947Z,3.771191835
phase2_regularization,training_aggregate,train/avg_nll,590000,2026-09-09T18:34:22.233987Z,3.769921064
phase2_regularization,training_aggregate,train/avg_nll,591000,2026-09-09T18:35:26.121366Z,3.773696423
phase2_regularization,training_aggregate,train/avg_nll,592000,2026-09-09T18:36:20.624297Z,3.785390377
phase2_regularization,training_aggregate,train/avg_nll,593000,2026-09-09T18:37:22.059590Z,3.773568392
phase2_regularization,training_aggregate,train/avg_nll,594000,2026-09-09T18:38:24.635061Z,3.77221489
phase2_regularization,training_aggregate,train/avg_nll,595000,2026-09-09T18:39:21.175653Z,3.781945467
phase2_regularization,training_aggregate,train/avg_nll,596000,2026-09-09T18:40:21.816203Z,3.767157316
phase2_regularization,training_aggregate,train/avg_nll,597000,2026-09-09T18:41:24.422708Z,3.764156103
phase2_regularization,training_aggregate,train/avg_nll,598000,2026-09-09T18:42:25.980427Z,3.776700497
phase2_regularization,training_aggregate,train/avg_nll,599000,2026-09-09T18:43:26.706384Z,3.784753561
phase2_regularization,training_aggregate,train/avg_nll,600000,2026-09-09T18:44:23.010087Z,3.768262148
phase2_regularization,training_aggregate,train/avg_ppl,1000,2026-09-09T08:28:52.761881Z,12081.09277
phase2_regularization,training_aggregate,train/avg_ppl,2000,2026-09-09T08:29:42.653877Z,967.7319946
phase2_regularization,training_aggregate,train/avg_ppl,3000,2026-09-09T08:30:32.750531Z,474.7597351
phase2_regularization,training_aggregate,train/avg_ppl,4000,2026-09-09T08:31:22.731874Z,372.4228821
phase2_regularization,training_aggregate,train/avg_ppl,5000,2026-09-09T08:32:17.116421Z,343.5699768
phase2_regularization,training_aggregate,train/avg_ppl,6000,2026-09-09T08:33:06.553330Z,322.5743713
phase2_regularization,training_aggregate,train/avg_ppl,7000,2026-09-09T08:33:57.695403Z,308.7846375
phase2_regularization,training_aggregate,train/avg_ppl,8000,2026-09-09T08:34:56.235275Z,294.8319397
phase2_regularization,training_aggregate,train/avg_ppl,9000,2026-09-09T08:35:55.417119Z,282.0917053
phase2_regularization,training_aggregate,train/avg_ppl,10000,2026-09-09T08:36:52.654766Z,269.7023315
phase2_regularization,training_aggregate,train/avg_ppl,11000,2026-09-09T08:37:46.974118Z,260.9587097
phase2_regularization,training_aggregate,train/avg_ppl,12000,2026-09-09T08:38:47.202622Z,248.6173248
phase2_regularization,training_aggregate,train/avg_ppl,13000,2026-09-09T08:39:44.269895Z,241.2173615
phase2_regularization,training_aggregate,train/avg_ppl,14000,2026-09-09T08:40:39.614801Z,237.2259216
phase2_regularization,training_aggregate,train/avg_ppl,15000,2026-09-09T08:41:38.735710Z,226.8304901
phase2_regularization,training_aggregate,train/avg_ppl,16000,2026-09-09T08:42:38.946164Z,221.3141479
phase2_regularization,training_aggregate,train/avg_ppl,17000,2026-09-09T08:43:38.876944Z,217.6429291
phase2_regularization,training_aggregate,train/avg_ppl,18000,2026-09-09T08:44:36.303628Z,209.1703796
phase2_regularization,training_aggregate,train/avg_ppl,19000,2026-09-09T08:45:32.111281Z,205.3606873
phase2_regularization,training_aggregate,train/avg_ppl,20000,2026-09-09T08:46:32.369857Z,201.6910706
phase2_regularization,training_aggregate,train/avg_ppl,21000,2026-09-09T08:47:29.206425Z,195.8750305
phase2_regularization,training_aggregate,train/avg_ppl,22000,2026-09-09T08:48:23.752068Z,190.3923645
phase2_regularization,training_aggregate,train/avg_ppl,23000,2026-09-09T08:49:21.232924Z,186.3542786
phase2_regularization,training_aggregate,train/avg_ppl,24000,2026-09-09T08:50:16.518694Z,182.3068848
phase2_regularization,training_aggregate,train/avg_ppl,25000,2026-09-09T08:51:15.536281Z,179.0282745
phase2_regularization,training_aggregate,train/avg_ppl,26000,2026-09-09T08:52:32.361050Z,176.2905273
phase2_regularization,training_aggregate,train/avg_ppl,27000,2026-09-09T08:53:25.574822Z,173.322876
phase2_regularization,training_aggregate,train/avg_ppl,28000,2026-09-09T08:54:25.329450Z,168.7667847
phase2_regularization,training_aggregate,train/avg_ppl,29000,2026-09-09T08:55:24.613400Z,166.2203369
phase2_regularization,training_aggregate,train/avg_ppl,30000,2026-09-09T08:56:22.610402Z,162.2570343
phase2_regularization,training_aggregate,train/avg_ppl,31000,2026-09-09T08:57:22.648050Z,160.2189026
phase2_regularization,training_aggregate,train/avg_ppl,32000,2026-09-09T08:58:21.594208Z,157.5406647
phase2_regularization,training_aggregate,train/avg_ppl,33000,2026-09-09T08:59:14.930166Z,153.8643341
phase2_regularization,training_aggregate,train/avg_ppl,34000,2026-09-09T09:00:12.493120Z,152.8471222
phase2_regularization,training_aggregate,train/avg_ppl,35000,2026-09-09T09:01:09.068493Z,150.6996613
phase2_regularization,training_aggregate,train/avg_ppl,36000,2026-09-09T09:02:09.197320Z,148.0148621
phase2_regularization,training_aggregate,train/avg_ppl,37000,2026-09-09T09:03:06.783221Z,147.3065033
phase2_regularization,training_aggregate,train/avg_ppl,38000,2026-09-09T09:04:02.430514Z,144.4626465
phase2_regularization,training_aggregate,train/avg_ppl,39000,2026-09-09T09:04:59.885070Z,141.6997528
phase2_regularization,training_aggregate,train/avg_ppl,40000,2026-09-09T09:05:55.747740Z,139.3781433
phase2_regularization,training_aggregate,train/avg_ppl,41000,2026-09-09T09:06:52.232044Z,141.0161896
phase2_regularization,training_aggregate,train/avg_ppl,42000,2026-09-09T09:07:49.075669Z,136.899765
phase2_regularization,training_aggregate,train/avg_ppl,43000,2026-09-09T09:08:48.076778Z,136.0988159
phase2_regularization,training_aggregate,train/avg_ppl,44000,2026-09-09T09:09:48.829630Z,135.6479187
phase2_regularization,training_aggregate,train/avg_ppl,45000,2026-09-09T09:10:45.994345Z,133.8198395
phase2_regularization,training_aggregate,train/avg_ppl,46000,2026-09-09T09:11:46.864630Z,133.0131836
phase2_regularization,training_aggregate,train/avg_ppl,47000,2026-09-09T09:12:46.210984Z,131.5990295
phase2_regularization,training_aggregate,train/avg_ppl,48000,2026-09-09T09:13:45.413965Z,129.9940338
phase2_regularization,training_aggregate,train/avg_ppl,49000,2026-09-09T09:14:44.003172Z,128.4256592
phase2_regularization,training_aggregate,train/avg_ppl,50000,2026-09-09T09:15:37.175389Z,128.4321594
phase2_regularization,training_aggregate,train/avg_ppl,51000,2026-09-09T09:16:58.294036Z,127.8201523
phase2_regularization,training_aggregate,train/avg_ppl,52000,2026-09-09T09:17:58.453703Z,125.888382
phase2_regularization,training_aggregate,train/avg_ppl,53000,2026-09-09T09:18:53.910273Z,125.6388702
phase2_regularization,training_aggregate,train/avg_ppl,54000,2026-09-09T09:19:50.715957Z,125.3037338
phase2_regularization,training_aggregate,train/avg_ppl,55000,2026-09-09T09:20:51.222032Z,123.9643097
phase2_regularization,training_aggregate,train/avg_ppl,56000,2026-09-09T09:21:47.376422Z,122.0429688
phase2_regularization,training_aggregate,train/avg_ppl,57000,2026-09-09T09:22:45.199303Z,122.2158813
phase2_regularization,training_aggregate,train/avg_ppl,58000,2026-09-09T09:23:42.262483Z,122.4061661
phase2_regularization,training_aggregate,train/avg_ppl,59000,2026-09-09T09:24:36.469240Z,117.7318192
phase2_regularization,training_aggregate,train/avg_ppl,60000,2026-09-09T09:25:32.391162Z,119.1178284
phase2_regularization,training_aggregate,train/avg_ppl,61000,2026-09-09T09:26:30.950245Z,118.7393188
phase2_regularization,training_aggregate,train/avg_ppl,62000,2026-09-09T09:27:28.889934Z,116.4894562
phase2_regularization,training_aggregate,train/avg_ppl,63000,2026-09-09T09:28:31.857466Z,117.1397095
phase2_regularization,training_aggregate,train/avg_ppl,64000,2026-09-09T09:29:27.054147Z,115.7438354
phase2_regularization,training_aggregate,train/avg_ppl,65000,2026-09-09T09:30:29.013694Z,113.9018478
phase2_regularization,training_aggregate,train/avg_ppl,66000,2026-09-09T09:31:28.942945Z,114.1595917
phase2_regularization,training_aggregate,train/avg_ppl,67000,2026-09-09T09:32:24.537683Z,112.3884125
phase2_regularization,training_aggregate,train/avg_ppl,68000,2026-09-09T09:33:18.506617Z,111.4367065
phase2_regularization,training_aggregate,train/avg_ppl,69000,2026-09-09T09:34:18.095529Z,111.0088272
phase2_regularization,training_aggregate,train/avg_ppl,70000,2026-09-09T09:35:19.219673Z,111.6659851
phase2_regularization,training_aggregate,train/avg_ppl,71000,2026-09-09T09:36:19.731611Z,108.8123398
phase2_regularization,training_aggregate,train/avg_ppl,72000,2026-09-09T09:37:20.015753Z,107.1999435
phase2_regularization,training_aggregate,train/avg_ppl,73000,2026-09-09T09:38:21.734109Z,106.3092575
phase2_regularization,training_aggregate,train/avg_ppl,74000,2026-09-09T09:39:19.350521Z,105.9306412
phase2_regularization,training_aggregate,train/avg_ppl,75000,2026-09-09T09:40:20.207312Z,105.1324005
phase2_regularization,training_aggregate,train/avg_ppl,76000,2026-09-09T09:41:37.140442Z,106.6190872
phase2_regularization,training_aggregate,train/avg_ppl,77000,2026-09-09T09:42:32.745228Z,103.6683578
phase2_regularization,training_aggregate,train/avg_ppl,78000,2026-09-09T09:43:31.212554Z,103.8855972
phase2_regularization,training_aggregate,train/avg_ppl,79000,2026-09-09T09:44:28.948632Z,102.9080811
phase2_regularization,training_aggregate,train/avg_ppl,80000,2026-09-09T09:45:23.589842Z,103.398468
phase2_regularization,training_aggregate,train/avg_ppl,81000,2026-09-09T09:46:21.500089Z,102.6997147
phase2_regularization,training_aggregate,train/avg_ppl,82000,2026-09-09T09:47:21.572092Z,101.3974533
phase2_regularization,training_aggregate,train/avg_ppl,83000,2026-09-09T09:48:21.620296Z,100.2461929
phase2_regularization,training_aggregate,train/avg_ppl,84000,2026-09-09T09:49:18.743850Z,99.57208252
phase2_regularization,training_aggregate,train/avg_ppl,85000,2026-09-09T09:50:17.975427Z,99.39492035
phase2_regularization,training_aggregate,train/avg_ppl,86000,2026-09-09T09:51:13.352971Z,98.02740479
phase2_regularization,training_aggregate,train/avg_ppl,87000,2026-09-09T09:52:09.313060Z,98.01819611
phase2_regularization,training_aggregate,train/avg_ppl,88000,2026-09-09T09:53:06.404347Z,96.59609222
phase2_regularization,training_aggregate,train/avg_ppl,89000,2026-09-09T09:54:04.552862Z,97.30345154
phase2_regularization,training_aggregate,train/avg_ppl,90000,2026-09-09T09:54:58.559414Z,96.24750519
phase2_regularization,training_aggregate,train/avg_ppl,91000,2026-09-09T09:55:53.681779Z,95.25711823
phase2_regularization,training_aggregate,train/avg_ppl,92000,2026-09-09T09:56:52.683715Z,94.30989838
phase2_regularization,training_aggregate,train/avg_ppl,93000,2026-09-09T09:57:50.627990Z,94.17141724
phase2_regularization,training_aggregate,train/avg_ppl,94000,2026-09-09T09:58:52.727167Z,93.33951569
phase2_regularization,training_aggregate,train/avg_ppl,95000,2026-09-09T09:59:50.918269Z,92.53878021
phase2_regularization,training_aggregate,train/avg_ppl,96000,2026-09-09T10:00:50.172165Z,92.63916016
phase2_regularization,training_aggregate,train/avg_ppl,97000,2026-09-09T10:01:45.546839Z,93.2025528
phase2_regularization,training_aggregate,train/avg_ppl,98000,2026-09-09T10:02:43.469994Z,91.53108215
phase2_regularization,training_aggregate,train/avg_ppl,99000,2026-09-09T10:03:41.990227Z,91.07060242
phase2_regularization,training_aggregate,train/avg_ppl,100000,2026-09-09T10:04:36.947611Z,90.74867249
phase2_regularization,training_aggregate,train/avg_ppl,101000,2026-09-09T10:05:58.508861Z,90.82269287
phase2_regularization,training_aggregate,train/avg_ppl,102000,2026-09-09T10:06:55.502422Z,90.48221588
phase2_regularization,training_aggregate,train/avg_ppl,103000,2026-09-09T10:07:51.749627Z,89.15815735
phase2_regularization,training_aggregate,train/avg_ppl,104000,2026-09-09T10:08:50.331351Z,88.76983643
phase2_regularization,training_aggregate,train/avg_ppl,105000,2026-09-09T10:09:48.345685Z,88.78868866
phase2_regularization,training_aggregate,train/avg_ppl,106000,2026-09-09T10:10:44.594366Z,89.06796265
phase2_regularization,training_aggregate,train/avg_ppl,107000,2026-09-09T10:11:41.307842Z,88.09056091
phase2_regularization,training_aggregate,train/avg_ppl,108000,2026-09-09T10:12:40.200557Z,86.89308929
phase2_regularization,training_aggregate,train/avg_ppl,109000,2026-09-09T10:13:32.349246Z,87.46232605
phase2_regularization,training_aggregate,train/avg_ppl,110000,2026-09-09T10:14:33.748717Z,86.52947998
phase2_regularization,training_aggregate,train/avg_ppl,111000,2026-09-09T10:15:32.088386Z,87.09513092
phase2_regularization,training_aggregate,train/avg_ppl,112000,2026-09-09T10:16:27.624328Z,86.2572403
phase2_regularization,training_aggregate,train/avg_ppl,113000,2026-09-09T10:17:25.650174Z,86.70992279
phase2_regularization,training_aggregate,train/avg_ppl,114000,2026-09-09T10:18:22.393408Z,86.46152496
phase2_regularization,training_aggregate,train/avg_ppl,115000,2026-09-09T10:19:22.007754Z,86.71157837
phase2_regularization,training_aggregate,train/avg_ppl,116000,2026-09-09T10:20:19.267912Z,85.43893433
phase2_regularization,training_aggregate,train/avg_ppl,117000,2026-09-09T10:21:19.687348Z,85.79235077
phase2_regularization,training_aggregate,train/avg_ppl,118000,2026-09-09T10:22:15.310105Z,84.02376556
phase2_regularization,training_aggregate,train/avg_ppl,119000,2026-09-09T10:23:14.353309Z,85.55899048
phase2_regularization,training_aggregate,train/avg_ppl,120000,2026-09-09T10:24:11.439136Z,84.32693481
phase2_regularization,training_aggregate,train/avg_ppl,121000,2026-09-09T10:25:04.895176Z,84.83306885
phase2_regularization,training_aggregate,train/avg_ppl,122000,2026-09-09T10:26:00.949500Z,83.94065857
phase2_regularization,training_aggregate,train/avg_ppl,123000,2026-09-09T10:27:01.379544Z,84.46165466
phase2_regularization,training_aggregate,train/avg_ppl,124000,2026-09-09T10:28:01.847989Z,83.76228333
phase2_regularization,training_aggregate,train/avg_ppl,125000,2026-09-09T10:28:57.719630Z,84.03795624
phase2_regularization,training_aggregate,train/avg_ppl,126000,2026-09-09T10:30:15.688507Z,83.66477203
phase2_regularization,training_aggregate,train/avg_ppl,127000,2026-09-09T10:31:13.178180Z,82.86057281
phase2_regularization,training_aggregate,train/avg_ppl,128000,2026-09-09T10:32:10.603003Z,82.21658325
phase2_regularization,training_aggregate,train/avg_ppl,129000,2026-09-09T10:33:10.390066Z,82.45513153
phase2_regularization,training_aggregate,train/avg_ppl,130000,2026-09-09T10:34:11.258447Z,82.51032257
phase2_regularization,training_aggregate,train/avg_ppl,131000,2026-09-09T10:35:05.125226Z,82.36219025
phase2_regularization,training_aggregate,train/avg_ppl,132000,2026-09-09T10:36:02.200974Z,82.91895294
phase2_regularization,training_aggregate,train/avg_ppl,133000,2026-09-09T10:37:01.152524Z,81.77531433
phase2_regularization,training_aggregate,train/avg_ppl,134000,2026-09-09T10:37:59.722847Z,82.14155579
phase2_regularization,training_aggregate,train/avg_ppl,135000,2026-09-09T10:38:59.394038Z,81.74990845
phase2_regularization,training_aggregate,train/avg_ppl,136000,2026-09-09T10:40:00.676591Z,80.97766876
phase2_regularization,training_aggregate,train/avg_ppl,137000,2026-09-09T10:40:59.470256Z,80.66244507
phase2_regularization,training_aggregate,train/avg_ppl,138000,2026-09-09T10:41:58.518625Z,80.74655151
phase2_regularization,training_aggregate,train/avg_ppl,139000,2026-09-09T10:42:57.762595Z,80.7766037
phase2_regularization,training_aggregate,train/avg_ppl,140000,2026-09-09T10:43:55.085636Z,80.17205811
phase2_regularization,training_aggregate,train/avg_ppl,141000,2026-09-09T10:44:53.151302Z,80.22070312
phase2_regularization,training_aggregate,train/avg_ppl,142000,2026-09-09T10:45:53.150690Z,79.7217865
phase2_regularization,training_aggregate,train/avg_ppl,143000,2026-09-09T10:46:50.496884Z,79.95071411
phase2_regularization,training_aggregate,train/avg_ppl,144000,2026-09-09T10:47:44.338333Z,80.36751556
phase2_regularization,training_aggregate,train/avg_ppl,145000,2026-09-09T10:48:36.611061Z,79.51178741
phase2_regularization,training_aggregate,train/avg_ppl,146000,2026-09-09T10:49:36.450823Z,80.18495941
phase2_regularization,training_aggregate,train/avg_ppl,147000,2026-09-09T10:50:41.182983Z,79.32073212
phase2_regularization,training_aggregate,train/avg_ppl,148000,2026-09-09T10:51:43.640657Z,78.54187012
phase2_regularization,training_aggregate,train/avg_ppl,149000,2026-09-09T10:52:47.420214Z,78.93885803
phase2_regularization,training_aggregate,train/avg_ppl,150000,2026-09-09T10:53:52.144646Z,78.92367554
phase2_regularization,training_aggregate,train/avg_ppl,151000,2026-09-09T10:55:21.786019Z,78.52558899
phase2_regularization,training_aggregate,train/avg_ppl,152000,2026-09-09T10:56:22.616426Z,78.6292572
phase2_regularization,training_aggregate,train/avg_ppl,153000,2026-09-09T10:57:24.590539Z,79.43400574
phase2_regularization,training_aggregate,train/avg_ppl,154000,2026-09-09T10:58:23.524373Z,79.37532806
phase2_regularization,training_aggregate,train/avg_ppl,155000,2026-09-09T10:59:22.579253Z,78.69972229
phase2_regularization,training_aggregate,train/avg_ppl,156000,2026-09-09T11:00:21.069216Z,79.29006195
phase2_regularization,training_aggregate,train/avg_ppl,157000,2026-09-09T11:01:26.147856Z,79.3659668
phase2_regularization,training_aggregate,train/avg_ppl,158000,2026-09-09T11:02:30.274388Z,78.2922821
phase2_regularization,training_aggregate,train/avg_ppl,159000,2026-09-09T11:03:29.778491Z,78.44882965
phase2_regularization,training_aggregate,train/avg_ppl,160000,2026-09-09T11:04:29.817213Z,78.25327301
phase2_regularization,training_aggregate,train/avg_ppl,161000,2026-09-09T11:05:29.571909Z,78.12332916
phase2_regularization,training_aggregate,train/avg_ppl,162000,2026-09-09T11:06:28.336096Z,77.51269531
phase2_regularization,training_aggregate,train/avg_ppl,163000,2026-09-09T11:07:28.655726Z,76.93890381
phase2_regularization,training_aggregate,train/avg_ppl,164000,2026-09-09T11:08:29.953605Z,76.83434296
phase2_regularization,training_aggregate,train/avg_ppl,165000,2026-09-09T11:09:31.768046Z,76.75904083
phase2_regularization,training_aggregate,train/avg_ppl,166000,2026-09-09T11:10:33.616635Z,77.41422272
phase2_regularization,training_aggregate,train/avg_ppl,167000,2026-09-09T11:11:33.717573Z,77.0761795
phase2_regularization,training_aggregate,train/avg_ppl,168000,2026-09-09T11:12:36.077704Z,77.60643005
phase2_regularization,training_aggregate,train/avg_ppl,169000,2026-09-09T11:13:36.901634Z,76.68492126
phase2_regularization,training_aggregate,train/avg_ppl,170000,2026-09-09T11:14:39.877582Z,76.38245392
phase2_regularization,training_aggregate,train/avg_ppl,171000,2026-09-09T11:15:39.911048Z,75.54741669
phase2_regularization,training_aggregate,train/avg_ppl,172000,2026-09-09T11:16:40.566433Z,76.01998901
phase2_regularization,training_aggregate,train/avg_ppl,173000,2026-09-09T11:17:40.560202Z,77.01519012
phase2_regularization,training_aggregate,train/avg_ppl,174000,2026-09-09T11:18:40.317255Z,76.33685303
phase2_regularization,training_aggregate,train/avg_ppl,175000,2026-09-09T11:19:41.642923Z,76.75614929
phase2_regularization,training_aggregate,train/avg_ppl,176000,2026-09-09T11:21:03.922895Z,75.45093536
phase2_regularization,training_aggregate,train/avg_ppl,177000,2026-09-09T11:22:03.751011Z,76.28050232
phase2_regularization,training_aggregate,train/avg_ppl,178000,2026-09-09T11:23:05.227686Z,75.20981598
phase2_regularization,training_aggregate,train/avg_ppl,179000,2026-09-09T11:24:03.198875Z,75.37902832
phase2_regularization,training_aggregate,train/avg_ppl,180000,2026-09-09T11:25:05.693339Z,75.77876282
phase2_regularization,training_aggregate,train/avg_ppl,181000,2026-09-09T11:26:06.068292Z,75.33770752
phase2_regularization,training_aggregate,train/avg_ppl,182000,2026-09-09T11:27:07.675056Z,75.41094208
phase2_regularization,training_aggregate,train/avg_ppl,183000,2026-09-09T11:28:07.315262Z,75.05152893
phase2_regularization,training_aggregate,train/avg_ppl,184000,2026-09-09T11:29:08.670327Z,75.68603516
phase2_regularization,training_aggregate,train/avg_ppl,185000,2026-09-09T11:30:07.057287Z,74.29660797
phase2_regularization,training_aggregate,train/avg_ppl,186000,2026-09-09T11:31:09.830912Z,75.09783936
phase2_regularization,training_aggregate,train/avg_ppl,187000,2026-09-09T11:32:11.851395Z,74.23613739
phase2_regularization,training_aggregate,train/avg_ppl,188000,2026-09-09T11:33:14.538133Z,76.21198273
phase2_regularization,training_aggregate,train/avg_ppl,189000,2026-09-09T11:34:19.098027Z,74.65280151
phase2_regularization,training_aggregate,train/avg_ppl,190000,2026-09-09T11:35:22.328779Z,74.8035202
phase2_regularization,training_aggregate,train/avg_ppl,191000,2026-09-09T11:36:25.025682Z,74.17726135
phase2_regularization,training_aggregate,train/avg_ppl,192000,2026-09-09T11:37:26.969670Z,74.22077179
phase2_regularization,training_aggregate,train/avg_ppl,193000,2026-09-09T11:38:28.449232Z,74.1762085
phase2_regularization,training_aggregate,train/avg_ppl,194000,2026-09-09T11:39:32.410131Z,73.78347015
phase2_regularization,training_aggregate,train/avg_ppl,195000,2026-09-09T11:40:34.870311Z,73.87415314
phase2_regularization,training_aggregate,train/avg_ppl,196000,2026-09-09T11:41:36.749230Z,74.39168549
phase2_regularization,training_aggregate,train/avg_ppl,197000,2026-09-09T11:42:37.449786Z,73.67572021
phase2_regularization,training_aggregate,train/avg_ppl,198000,2026-09-09T11:43:39.718562Z,73.98020172
phase2_regularization,training_aggregate,train/avg_ppl,199000,2026-09-09T11:44:40.640477Z,73.44176483
phase2_regularization,training_aggregate,train/avg_ppl,200000,2026-09-09T11:45:39.505103Z,73.48149872
phase2_regularization,training_aggregate,train/avg_ppl,201000,2026-09-09T11:47:05.800372Z,73.84370422
phase2_regularization,training_aggregate,train/avg_ppl,202000,2026-09-09T11:48:09.891719Z,72.08638763
phase2_regularization,training_aggregate,train/avg_ppl,203000,2026-09-09T11:49:13.758310Z,73.28534698
phase2_regularization,training_aggregate,train/avg_ppl,204000,2026-09-09T11:50:14.654894Z,72.78130341
phase2_regularization,training_aggregate,train/avg_ppl,205000,2026-09-09T11:51:12.262847Z,73.4421463
phase2_regularization,training_aggregate,train/avg_ppl,206000,2026-09-09T11:52:11.080141Z,73.6355896
phase2_regularization,training_aggregate,train/avg_ppl,207000,2026-09-09T11:53:13.455100Z,73.2779541
phase2_regularization,training_aggregate,train/avg_ppl,208000,2026-09-09T11:54:10.911775Z,71.65545654
phase2_regularization,training_aggregate,train/avg_ppl,209000,2026-09-09T11:55:11.700705Z,72.24063873
phase2_regularization,training_aggregate,train/avg_ppl,210000,2026-09-09T11:56:15.396218Z,73.05657959
phase2_regularization,training_aggregate,train/avg_ppl,211000,2026-09-09T11:57:19.801996Z,72.36117554
phase2_regularization,training_aggregate,train/avg_ppl,212000,2026-09-09T11:58:19.797514Z,72.6883316
phase2_regularization,training_aggregate,train/avg_ppl,213000,2026-09-09T11:59:21.984461Z,72.42750549
phase2_regularization,training_aggregate,train/avg_ppl,214000,2026-09-09T12:00:21.122482Z,72.60852051
phase2_regularization,training_aggregate,train/avg_ppl,215000,2026-09-09T12:01:22.261562Z,72.40706635
phase2_regularization,training_aggregate,train/avg_ppl,216000,2026-09-09T12:02:24.965567Z,71.450737
phase2_regularization,training_aggregate,train/avg_ppl,217000,2026-09-09T12:03:27.462220Z,71.59234619
phase2_regularization,training_aggregate,train/avg_ppl,218000,2026-09-09T12:04:25.588331Z,72.01493073
phase2_regularization,training_aggregate,train/avg_ppl,219000,2026-09-09T12:05:26.877866Z,71.69924164
phase2_regularization,training_aggregate,train/avg_ppl,220000,2026-09-09T12:06:27.568893Z,71.40551758
phase2_regularization,training_aggregate,train/avg_ppl,221000,2026-09-09T12:07:28.425956Z,71.48462677
phase2_regularization,training_aggregate,train/avg_ppl,222000,2026-09-09T12:08:30.118260Z,72.22698975
phase2_regularization,training_aggregate,train/avg_ppl,223000,2026-09-09T12:09:27.629154Z,71.31268311
phase2_regularization,training_aggregate,train/avg_ppl,224000,2026-09-09T12:10:29.843391Z,72.39363861
phase2_regularization,training_aggregate,train/avg_ppl,225000,2026-09-09T12:11:27.365866Z,71.29558563
phase2_regularization,training_aggregate,train/avg_ppl,226000,2026-09-09T12:12:46.504195Z,71.24260712
phase2_regularization,training_aggregate,train/avg_ppl,227000,2026-09-09T12:13:50.494368Z,70.60521698
phase2_regularization,training_aggregate,train/avg_ppl,228000,2026-09-09T12:14:54.629670Z,71.15943146
phase2_regularization,training_aggregate,train/avg_ppl,229000,2026-09-09T12:15:55.617091Z,70.50072479
phase2_regularization,training_aggregate,train/avg_ppl,230000,2026-09-09T12:16:57.043094Z,70.61946106
phase2_regularization,training_aggregate,train/avg_ppl,231000,2026-09-09T12:18:02.627524Z,70.97808075
phase2_regularization,training_aggregate,train/avg_ppl,232000,2026-09-09T12:19:05.448398Z,70.19338226
phase2_regularization,training_aggregate,train/avg_ppl,233000,2026-09-09T12:20:10.414955Z,70.60365295
phase2_regularization,training_aggregate,train/avg_ppl,234000,2026-09-09T12:21:10.265508Z,70.05412292
phase2_regularization,training_aggregate,train/avg_ppl,235000,2026-09-09T12:22:14.500908Z,71.23557281
phase2_regularization,training_aggregate,train/avg_ppl,236000,2026-09-09T12:23:19.450136Z,70.46026611
phase2_regularization,training_aggregate,train/avg_ppl,237000,2026-09-09T12:24:19.989678Z,70.68185425
phase2_regularization,training_aggregate,train/avg_ppl,238000,2026-09-09T12:25:17.107345Z,70.5113678
phase2_regularization,training_aggregate,train/avg_ppl,239000,2026-09-09T12:26:15.624298Z,70.78728485
phase2_regularization,training_aggregate,train/avg_ppl,240000,2026-09-09T12:27:16.106333Z,70.15472412
phase2_regularization,training_aggregate,train/avg_ppl,241000,2026-09-09T12:28:16.106034Z,69.85041809
phase2_regularization,training_aggregate,train/avg_ppl,242000,2026-09-09T12:29:20.606720Z,69.78231812
phase2_regularization,training_aggregate,train/avg_ppl,243000,2026-09-09T12:30:22.799750Z,69.66572571
phase2_regularization,training_aggregate,train/avg_ppl,244000,2026-09-09T12:31:23.396565Z,69.19681549
phase2_regularization,training_aggregate,train/avg_ppl,245000,2026-09-09T12:32:23.072741Z,70.35901642
phase2_regularization,training_aggregate,train/avg_ppl,246000,2026-09-09T12:33:16.743952Z,70.14110565
phase2_regularization,training_aggregate,train/avg_ppl,247000,2026-09-09T12:34:16.215783Z,70.16548157
phase2_regularization,training_aggregate,train/avg_ppl,248000,2026-09-09T12:35:14.626868Z,69.77788544
phase2_regularization,training_aggregate,train/avg_ppl,249000,2026-09-09T12:36:13.720264Z,69.79899597
phase2_regularization,training_aggregate,train/avg_ppl,250000,2026-09-09T12:37:14.623049Z,69.05967712
phase2_regularization,training_aggregate,train/avg_ppl,251000,2026-09-09T12:38:37.881518Z,69.52394867
phase2_regularization,training_aggregate,train/avg_ppl,252000,2026-09-09T12:39:32.934676Z,70.56703186
phase2_regularization,training_aggregate,train/avg_ppl,253000,2026-09-09T12:40:32.479120Z,69.40881348
phase2_regularization,training_aggregate,train/avg_ppl,254000,2026-09-09T12:41:33.082357Z,68.94444275
phase2_regularization,training_aggregate,train/avg_ppl,255000,2026-09-09T12:42:31.068643Z,67.74224091
phase2_regularization,training_aggregate,train/avg_ppl,256000,2026-09-09T12:43:31.266781Z,69.10076141
phase2_regularization,training_aggregate,train/avg_ppl,257000,2026-09-09T12:44:28.992252Z,68.7900238
phase2_regularization,training_aggregate,train/avg_ppl,258000,2026-09-09T12:45:26.672512Z,68.27793121
phase2_regularization,training_aggregate,train/avg_ppl,259000,2026-09-09T12:46:26.917022Z,67.95842743
phase2_regularization,training_aggregate,train/avg_ppl,260000,2026-09-09T12:47:26.324674Z,68.35792542
phase2_regularization,training_aggregate,train/avg_ppl,261000,2026-09-09T12:48:28.051408Z,67.39875031
phase2_regularization,training_aggregate,train/avg_ppl,262000,2026-09-09T12:49:27.071644Z,68.09188843
phase2_regularization,training_aggregate,train/avg_ppl,263000,2026-09-09T12:50:24.800226Z,67.9650116
phase2_regularization,training_aggregate,train/avg_ppl,264000,2026-09-09T12:51:25.340533Z,67.38646698
phase2_regularization,training_aggregate,train/avg_ppl,265000,2026-09-09T12:52:26.016941Z,68.24525452
phase2_regularization,training_aggregate,train/avg_ppl,266000,2026-09-09T12:53:23.198257Z,67.32214355
phase2_regularization,training_aggregate,train/avg_ppl,267000,2026-09-09T12:54:22.159454Z,67.93245697
phase2_regularization,training_aggregate,train/avg_ppl,268000,2026-09-09T12:55:24.234626Z,67.88559723
phase2_regularization,training_aggregate,train/avg_ppl,269000,2026-09-09T12:56:25.113082Z,67.24333954
phase2_regularization,training_aggregate,train/avg_ppl,270000,2026-09-09T12:57:25.487360Z,68.51313782
phase2_regularization,training_aggregate,train/avg_ppl,271000,2026-09-09T12:58:20.597663Z,66.86611176
phase2_regularization,training_aggregate,train/avg_ppl,272000,2026-09-09T12:59:18.124357Z,67.82543945
phase2_regularization,training_aggregate,train/avg_ppl,273000,2026-09-09T13:00:16.729357Z,66.76263428
phase2_regularization,training_aggregate,train/avg_ppl,274000,2026-09-09T13:01:17.847634Z,66.728302
phase2_regularization,training_aggregate,train/avg_ppl,275000,2026-09-09T13:02:16.556999Z,67.55754852
phase2_regularization,training_aggregate,train/avg_ppl,276000,2026-09-09T13:03:33.729022Z,67.39394379
phase2_regularization,training_aggregate,train/avg_ppl,277000,2026-09-09T13:04:29.691377Z,66.62281036
phase2_regularization,training_aggregate,train/avg_ppl,278000,2026-09-09T13:05:28.540486Z,66.1799469
phase2_regularization,training_aggregate,train/avg_ppl,279000,2026-09-09T13:06:24.198630Z,67.26073456
phase2_regularization,training_aggregate,train/avg_ppl,280000,2026-09-09T13:07:18.330667Z,66.3548584
phase2_regularization,training_aggregate,train/avg_ppl,281000,2026-09-09T13:08:17.548633Z,66.17609406
phase2_regularization,training_aggregate,train/avg_ppl,282000,2026-09-09T13:09:17.683635Z,67.06229401
phase2_regularization,training_aggregate,train/avg_ppl,283000,2026-09-09T13:10:15.434262Z,67.47983551
phase2_regularization,training_aggregate,train/avg_ppl,284000,2026-09-09T13:11:09.769545Z,66.43099976
phase2_regularization,training_aggregate,train/avg_ppl,285000,2026-09-09T13:12:03.362140Z,65.63439178
phase2_regularization,training_aggregate,train/avg_ppl,286000,2026-09-09T13:13:01.821143Z,65.87094879
phase2_regularization,training_aggregate,train/avg_ppl,287000,2026-09-09T13:13:59.887511Z,66.27429962
phase2_regularization,training_aggregate,train/avg_ppl,288000,2026-09-09T13:14:54.376134Z,65.95075226
phase2_regularization,training_aggregate,train/avg_ppl,289000,2026-09-09T13:15:56.319726Z,65.90070343
phase2_regularization,training_aggregate,train/avg_ppl,290000,2026-09-09T13:16:59.362154Z,65.87676239
phase2_regularization,training_aggregate,train/avg_ppl,291000,2026-09-09T13:18:00.037350Z,65.92100525
phase2_regularization,training_aggregate,train/avg_ppl,292000,2026-09-09T13:18:57.617068Z,65.8620224
phase2_regularization,training_aggregate,train/avg_ppl,293000,2026-09-09T13:19:55.335068Z,65.78913116
phase2_regularization,training_aggregate,train/avg_ppl,294000,2026-09-09T13:20:53.302701Z,64.55683899
phase2_regularization,training_aggregate,train/avg_ppl,295000,2026-09-09T13:21:53.998955Z,65.85516357
phase2_regularization,training_aggregate,train/avg_ppl,296000,2026-09-09T13:22:54.303461Z,64.48080444
phase2_regularization,training_aggregate,train/avg_ppl,297000,2026-09-09T13:23:51.148025Z,65.26490784
phase2_regularization,training_aggregate,train/avg_ppl,298000,2026-09-09T13:24:50.919177Z,64.53851318
phase2_regularization,training_aggregate,train/avg_ppl,299000,2026-09-09T13:25:47.547111Z,65.07278442
phase2_regularization,training_aggregate,train/avg_ppl,300000,2026-09-09T13:26:49.240503Z,64.70198059
phase2_regularization,training_aggregate,train/avg_ppl,301000,2026-09-09T13:28:11.925646Z,64.83187866
phase2_regularization,training_aggregate,train/avg_ppl,302000,2026-09-09T13:29:15.950822Z,65.05117035
phase2_regularization,training_aggregate,train/avg_ppl,303000,2026-09-09T13:30:15.935382Z,64.15220642
phase2_regularization,training_aggregate,train/avg_ppl,304000,2026-09-09T13:31:20.410877Z,64.13411713
phase2_regularization,training_aggregate,train/avg_ppl,305000,2026-09-09T13:32:22.320585Z,63.99359131
phase2_regularization,training_aggregate,train/avg_ppl,306000,2026-09-09T13:33:23.381812Z,64.06453705
phase2_regularization,training_aggregate,train/avg_ppl,307000,2026-09-09T13:34:22.376994Z,64.46118164
phase2_regularization,training_aggregate,train/avg_ppl,308000,2026-09-09T13:35:21.302667Z,63.66808701
phase2_regularization,training_aggregate,train/avg_ppl,309000,2026-09-09T13:36:22.418515Z,63.81696701
phase2_regularization,training_aggregate,train/avg_ppl,310000,2026-09-09T13:37:19.626113Z,64.04303741
phase2_regularization,training_aggregate,train/avg_ppl,311000,2026-09-09T13:38:17.500528Z,64.42996216
phase2_regularization,training_aggregate,train/avg_ppl,312000,2026-09-09T13:39:18.781868Z,62.99294662
phase2_regularization,training_aggregate,train/avg_ppl,313000,2026-09-09T13:40:17.709966Z,63.00221252
phase2_regularization,training_aggregate,train/avg_ppl,314000,2026-09-09T13:41:16.838456Z,62.32474518
phase2_regularization,training_aggregate,train/avg_ppl,315000,2026-09-09T13:42:16.259993Z,62.71981049
phase2_regularization,training_aggregate,train/avg_ppl,316000,2026-09-09T13:43:15.040926Z,62.16656113
phase2_regularization,training_aggregate,train/avg_ppl,317000,2026-09-09T13:44:11.382876Z,62.39966202
phase2_regularization,training_aggregate,train/avg_ppl,318000,2026-09-09T13:45:10.882459Z,62.56838226
phase2_regularization,training_aggregate,train/avg_ppl,319000,2026-09-09T13:46:14.960192Z,61.83904266
phase2_regularization,training_aggregate,train/avg_ppl,320000,2026-09-09T13:47:16.230124Z,62.08630371
phase2_regularization,training_aggregate,train/avg_ppl,321000,2026-09-09T13:48:17.039474Z,61.24938583
phase2_regularization,training_aggregate,train/avg_ppl,322000,2026-09-09T13:49:19.720398Z,61.33553696
phase2_regularization,training_aggregate,train/avg_ppl,323000,2026-09-09T13:50:19.442585Z,61.29150391
phase2_regularization,training_aggregate,train/avg_ppl,324000,2026-09-09T13:51:22.823311Z,60.79771423
phase2_regularization,training_aggregate,train/avg_ppl,325000,2026-09-09T13:52:23.309028Z,61.04740906
phase2_regularization,training_aggregate,train/avg_ppl,326000,2026-09-09T13:53:43.883012Z,60.35692596
phase2_regularization,training_aggregate,train/avg_ppl,327000,2026-09-09T13:54:45.990158Z,60.15244675
phase2_regularization,training_aggregate,train/avg_ppl,328000,2026-09-09T13:55:46.246427Z,59.9812355
phase2_regularization,training_aggregate,train/avg_ppl,329000,2026-09-09T13:56:47.025517Z,59.64731216
phase2_regularization,training_aggregate,train/avg_ppl,330000,2026-09-09T13:57:49.379117Z,59.81199265
phase2_regularization,training_aggregate,train/avg_ppl,331000,2026-09-09T13:58:44.599145Z,60.05689621
phase2_regularization,training_aggregate,train/avg_ppl,332000,2026-09-09T13:59:46.678681Z,60.13977432
phase2_regularization,training_aggregate,train/avg_ppl,333000,2026-09-09T14:00:49.536024Z,59.23036957
phase2_regularization,training_aggregate,train/avg_ppl,334000,2026-09-09T14:01:52.964208Z,58.8864212
phase2_regularization,training_aggregate,train/avg_ppl,335000,2026-09-09T14:02:57.189618Z,58.85915375
phase2_regularization,training_aggregate,train/avg_ppl,336000,2026-09-09T14:03:55.983891Z,58.79656601
phase2_regularization,training_aggregate,train/avg_ppl,337000,2026-09-09T14:04:58.755674Z,58.69713211
phase2_regularization,training_aggregate,train/avg_ppl,338000,2026-09-09T14:05:57.853160Z,58.92022705
phase2_regularization,training_aggregate,train/avg_ppl,339000,2026-09-09T14:06:57.470356Z,57.83495331
phase2_regularization,training_aggregate,train/avg_ppl,340000,2026-09-09T14:07:56.751060Z,58.08769608
phase2_regularization,training_aggregate,train/avg_ppl,341000,2026-09-09T14:08:56.553946Z,58.21565247
phase2_regularization,training_aggregate,train/avg_ppl,342000,2026-09-09T14:09:54.521548Z,57.95368958
phase2_regularization,training_aggregate,train/avg_ppl,343000,2026-09-09T14:10:50.076523Z,58.37924576
phase2_regularization,training_aggregate,train/avg_ppl,344000,2026-09-09T14:11:49.472137Z,57.66355515
phase2_regularization,training_aggregate,train/avg_ppl,345000,2026-09-09T14:12:48.662310Z,56.69617081
phase2_regularization,training_aggregate,train/avg_ppl,346000,2026-09-09T14:13:51.859345Z,56.86837006
phase2_regularization,training_aggregate,train/avg_ppl,347000,2026-09-09T14:14:48.161441Z,56.48106003
phase2_regularization,training_aggregate,train/avg_ppl,348000,2026-09-09T14:15:47.961979Z,57.99757385
phase2_regularization,training_aggregate,train/avg_ppl,349000,2026-09-09T14:16:42.825029Z,57.60289764
phase2_regularization,training_aggregate,train/avg_ppl,350000,2026-09-09T14:17:39.339352Z,57.7610054
phase2_regularization,training_aggregate,train/avg_ppl,351000,2026-09-09T14:19:05.680138Z,57.04109192
phase2_regularization,training_aggregate,train/avg_ppl,352000,2026-09-09T14:20:08.129824Z,56.90872955
phase2_regularization,training_aggregate,train/avg_ppl,353000,2026-09-09T14:21:08.933526Z,56.13409805
phase2_regularization,training_aggregate,train/avg_ppl,354000,2026-09-09T14:22:07.811849Z,57.07816315
phase2_regularization,training_aggregate,train/avg_ppl,355000,2026-09-09T14:23:07.531880Z,57.09106445
phase2_regularization,training_aggregate,train/avg_ppl,356000,2026-09-09T14:24:07.436609Z,56.67476273
phase2_regularization,training_aggregate,train/avg_ppl,357000,2026-09-09T14:25:09.404722Z,56.1244812
phase2_regularization,training_aggregate,train/avg_ppl,358000,2026-09-09T14:26:08.042746Z,55.87356949
phase2_regularization,training_aggregate,train/avg_ppl,359000,2026-09-09T14:27:08.212886Z,55.86626816
phase2_regularization,training_aggregate,train/avg_ppl,360000,2026-09-09T14:28:09.544344Z,56.10097122
phase2_regularization,training_aggregate,train/avg_ppl,361000,2026-09-09T14:29:09.226698Z,56.18860245
phase2_regularization,training_aggregate,train/avg_ppl,362000,2026-09-09T14:30:09.862004Z,55.38468552
phase2_regularization,training_aggregate,train/avg_ppl,363000,2026-09-09T14:31:11.952265Z,55.24632645
phase2_regularization,training_aggregate,train/avg_ppl,364000,2026-09-09T14:32:09.021179Z,55.00614929
phase2_regularization,training_aggregate,train/avg_ppl,365000,2026-09-09T14:33:08.836840Z,55.19015884
phase2_regularization,training_aggregate,train/avg_ppl,366000,2026-09-09T14:34:06.606274Z,54.78256226
phase2_regularization,training_aggregate,train/avg_ppl,367000,2026-09-09T14:35:08.499643Z,54.60104752
phase2_regularization,training_aggregate,train/avg_ppl,368000,2026-09-09T14:36:10.174524Z,55.97355652
phase2_regularization,training_aggregate,train/avg_ppl,369000,2026-09-09T14:37:05.904055Z,55.28753281
phase2_regularization,training_aggregate,train/avg_ppl,370000,2026-09-09T14:38:06.362544Z,54.9528389
phase2_regularization,training_aggregate,train/avg_ppl,371000,2026-09-09T14:39:05.034021Z,55.63415909
phase2_regularization,training_aggregate,train/avg_ppl,372000,2026-09-09T14:40:05.260213Z,54.44422531
phase2_regularization,training_aggregate,train/avg_ppl,373000,2026-09-09T14:41:02.823599Z,55.08750153
phase2_regularization,training_aggregate,train/avg_ppl,374000,2026-09-09T14:42:03.759604Z,54.60464478
phase2_regularization,training_aggregate,train/avg_ppl,375000,2026-09-09T14:43:04.096252Z,54.3886528
phase2_regularization,training_aggregate,train/avg_ppl,376000,2026-09-09T14:44:27.324087Z,54.12709427
phase2_regularization,training_aggregate,train/avg_ppl,377000,2026-09-09T14:45:28.381315Z,53.73833466
phase2_regularization,training_aggregate,train/avg_ppl,378000,2026-09-09T14:46:31.184419Z,54.36064911
phase2_regularization,training_aggregate,train/avg_ppl,379000,2026-09-09T14:47:32.853935Z,54.18015289
phase2_regularization,training_aggregate,train/avg_ppl,380000,2026-09-09T14:48:31.882767Z,54.16850662
phase2_regularization,training_aggregate,train/avg_ppl,381000,2026-09-09T14:49:33.161577Z,53.89971542
phase2_regularization,training_aggregate,train/avg_ppl,382000,2026-09-09T14:50:32.023844Z,53.7394371
phase2_regularization,training_aggregate,train/avg_ppl,383000,2026-09-09T14:51:32.057200Z,53.37874985
phase2_regularization,training_aggregate,train/avg_ppl,384000,2026-09-09T14:52:32.047040Z,53.46102142
phase2_regularization,training_aggregate,train/avg_ppl,385000,2026-09-09T14:53:29.986700Z,53.47891998
phase2_regularization,training_aggregate,train/avg_ppl,386000,2026-09-09T14:54:32.563695Z,53.02307892
phase2_regularization,training_aggregate,train/avg_ppl,387000,2026-09-09T14:55:32.796278Z,52.85434341
phase2_regularization,training_aggregate,train/avg_ppl,388000,2026-09-09T14:56:30.730258Z,53.05182648
phase2_regularization,training_aggregate,train/avg_ppl,389000,2026-09-09T14:57:29.320286Z,53.11945343
phase2_regularization,training_aggregate,train/avg_ppl,390000,2026-09-09T14:58:24.771505Z,52.94760513
phase2_regularization,training_aggregate,train/avg_ppl,391000,2026-09-09T14:59:25.708000Z,53.59490967
phase2_regularization,training_aggregate,train/avg_ppl,392000,2026-09-09T15:00:26.379358Z,53.75061417
phase2_regularization,training_aggregate,train/avg_ppl,393000,2026-09-09T15:01:28.798704Z,52.60488129
phase2_regularization,training_aggregate,train/avg_ppl,394000,2026-09-09T15:02:27.874498Z,52.53055573
phase2_regularization,training_aggregate,train/avg_ppl,395000,2026-09-09T15:03:26.963655Z,52.58695221
phase2_regularization,training_aggregate,train/avg_ppl,396000,2026-09-09T15:04:28.847645Z,52.72526169
phase2_regularization,training_aggregate,train/avg_ppl,397000,2026-09-09T15:05:29.434154Z,52.16044998
phase2_regularization,training_aggregate,train/avg_ppl,398000,2026-09-09T15:06:30.791889Z,52.12503433
phase2_regularization,training_aggregate,train/avg_ppl,399000,2026-09-09T15:07:28.002230Z,51.66516495
phase2_regularization,training_aggregate,train/avg_ppl,400000,2026-09-09T15:08:26.648172Z,51.78944778
phase2_regularization,training_aggregate,train/avg_ppl,401000,2026-09-09T15:09:52.432180Z,52.32536697
phase2_regularization,training_aggregate,train/avg_ppl,402000,2026-09-09T15:10:53.993846Z,51.73823547
phase2_regularization,training_aggregate,train/avg_ppl,403000,2026-09-09T15:11:54.987707Z,51.3875351
phase2_regularization,training_aggregate,train/avg_ppl,404000,2026-09-09T15:12:54.944225Z,51.88647079
phase2_regularization,training_aggregate,train/avg_ppl,405000,2026-09-09T15:13:53.066845Z,52.18803787
phase2_regularization,training_aggregate,train/avg_ppl,406000,2026-09-09T15:14:54.664104Z,51.8731842
phase2_regularization,training_aggregate,train/avg_ppl,407000,2026-09-09T15:15:55.312519Z,51.6073494
phase2_regularization,training_aggregate,train/avg_ppl,408000,2026-09-09T15:16:58.255579Z,51.40797424
phase2_regularization,training_aggregate,train/avg_ppl,409000,2026-09-09T15:17:56.953259Z,51.31626892
phase2_regularization,training_aggregate,train/avg_ppl,410000,2026-09-09T15:19:01.129391Z,51.32004547
phase2_regularization,training_aggregate,train/avg_ppl,411000,2026-09-09T15:20:02.886879Z,51.36474609
phase2_regularization,training_aggregate,train/avg_ppl,412000,2026-09-09T15:20:59.797882Z,50.95727539
phase2_regularization,training_aggregate,train/avg_ppl,413000,2026-09-09T15:21:58.602988Z,50.12332916
phase2_regularization,training_aggregate,train/avg_ppl,414000,2026-09-09T15:22:57.431073Z,50.38557434
phase2_regularization,training_aggregate,train/avg_ppl,415000,2026-09-09T15:23:58.265565Z,50.66711426
phase2_regularization,training_aggregate,train/avg_ppl,416000,2026-09-09T15:24:57.335388Z,51.14688873
phase2_regularization,training_aggregate,train/avg_ppl,417000,2026-09-09T15:25:55.825957Z,49.84345245
phase2_regularization,training_aggregate,train/avg_ppl,418000,2026-09-09T15:26:57.798057Z,50.9341011
phase2_regularization,training_aggregate,train/avg_ppl,419000,2026-09-09T15:27:58.063902Z,49.9849968
phase2_regularization,training_aggregate,train/avg_ppl,420000,2026-09-09T15:28:56.254941Z,50.12049866
phase2_regularization,training_aggregate,train/avg_ppl,421000,2026-09-09T15:29:51.447731Z,50.29120636
phase2_regularization,training_aggregate,train/avg_ppl,422000,2026-09-09T15:30:49.622409Z,49.92954636
phase2_regularization,training_aggregate,train/avg_ppl,423000,2026-09-09T15:31:50.301654Z,50.41898727
phase2_regularization,training_aggregate,train/avg_ppl,424000,2026-09-09T15:32:47.878711Z,50.423069
phase2_regularization,training_aggregate,train/avg_ppl,425000,2026-09-09T15:33:47.250467Z,50.07250977
phase2_regularization,training_aggregate,train/avg_ppl,426000,2026-09-09T15:35:07.606599Z,49.05043411
phase2_regularization,training_aggregate,train/avg_ppl,427000,2026-09-09T15:36:05.342498Z,49.72324753
phase2_regularization,training_aggregate,train/avg_ppl,428000,2026-09-09T15:37:06.735406Z,49.71663284
phase2_regularization,training_aggregate,train/avg_ppl,429000,2026-09-09T15:38:09.276472Z,49.61268997
phase2_regularization,training_aggregate,train/avg_ppl,430000,2026-09-09T15:39:06.072966Z,49.57978058
phase2_regularization,training_aggregate,train/avg_ppl,431000,2026-09-09T15:40:04.622731Z,48.99624252
phase2_regularization,training_aggregate,train/avg_ppl,432000,2026-09-09T15:41:01.526402Z,48.88533783
phase2_regularization,training_aggregate,train/avg_ppl,433000,2026-09-09T15:41:59.541237Z,49.46203995
phase2_regularization,training_aggregate,train/avg_ppl,434000,2026-09-09T15:42:56.978229Z,48.95739746
phase2_regularization,training_aggregate,train/avg_ppl,435000,2026-09-09T15:43:52.429853Z,49.99324799
phase2_regularization,training_aggregate,train/avg_ppl,436000,2026-09-09T15:44:53.323592Z,49.13159561
phase2_regularization,training_aggregate,train/avg_ppl,437000,2026-09-09T15:45:49.790644Z,48.73810959
phase2_regularization,training_aggregate,train/avg_ppl,438000,2026-09-09T15:46:52.490661Z,48.87646484
phase2_regularization,training_aggregate,train/avg_ppl,439000,2026-09-09T15:47:50.696971Z,47.96444702
phase2_regularization,training_aggregate,train/avg_ppl,440000,2026-09-09T15:48:51.579235Z,47.81538773
phase2_regularization,training_aggregate,train/avg_ppl,441000,2026-09-09T15:49:53.054742Z,48.40071487
phase2_regularization,training_aggregate,train/avg_ppl,442000,2026-09-09T15:50:51.098647Z,48.57661057
phase2_regularization,training_aggregate,train/avg_ppl,443000,2026-09-09T15:51:51.950138Z,47.56519318
phase2_regularization,training_aggregate,train/avg_ppl,444000,2026-09-09T15:52:54.783243Z,48.15998077
phase2_regularization,training_aggregate,train/avg_ppl,445000,2026-09-09T15:53:55.400922Z,47.93995667
phase2_regularization,training_aggregate,train/avg_ppl,446000,2026-09-09T15:54:56.968745Z,47.78040314
phase2_regularization,training_aggregate,train/avg_ppl,447000,2026-09-09T15:55:56.518486Z,47.60018158
phase2_regularization,training_aggregate,train/avg_ppl,448000,2026-09-09T15:56:56.885658Z,47.86422348
phase2_regularization,training_aggregate,train/avg_ppl,449000,2026-09-09T15:57:54.350238Z,47.59356689
phase2_regularization,training_aggregate,train/avg_ppl,450000,2026-09-09T15:58:54.851271Z,47.16893768
phase2_regularization,training_aggregate,train/avg_ppl,451000,2026-09-09T16:00:17.416719Z,47.21849442
phase2_regularization,training_aggregate,train/avg_ppl,452000,2026-09-09T16:01:19.050493Z,47.25786972
phase2_regularization,training_aggregate,train/avg_ppl,453000,2026-09-09T16:02:21.006447Z,47.35866547
phase2_regularization,training_aggregate,train/avg_ppl,454000,2026-09-09T16:03:21.592844Z,47.1992569
phase2_regularization,training_aggregate,train/avg_ppl,455000,2026-09-09T16:04:21.266342Z,46.97251129
phase2_regularization,training_aggregate,train/avg_ppl,456000,2026-09-09T16:05:20.412316Z,47.15786362
phase2_regularization,training_aggregate,train/avg_ppl,457000,2026-09-09T16:06:22.538717Z,46.88267899
phase2_regularization,training_aggregate,train/avg_ppl,458000,2026-09-09T16:07:21.544625Z,46.70216751
phase2_regularization,training_aggregate,train/avg_ppl,459000,2026-09-09T16:08:17.765516Z,47.42462921
phase2_regularization,training_aggregate,train/avg_ppl,460000,2026-09-09T16:09:17.375333Z,46.27736282
phase2_regularization,training_aggregate,train/avg_ppl,461000,2026-09-09T16:10:14.915746Z,46.51917267
phase2_regularization,training_aggregate,train/avg_ppl,462000,2026-09-09T16:11:13.451669Z,46.57762527
phase2_regularization,training_aggregate,train/avg_ppl,463000,2026-09-09T16:12:16.694272Z,45.75629044
phase2_regularization,training_aggregate,train/avg_ppl,464000,2026-09-09T16:13:10.478055Z,46.28651047
phase2_regularization,training_aggregate,train/avg_ppl,465000,2026-09-09T16:14:11.098772Z,46.31676102
phase2_regularization,training_aggregate,train/avg_ppl,466000,2026-09-09T16:15:10.993451Z,46.23929596
phase2_regularization,training_aggregate,train/avg_ppl,467000,2026-09-09T16:16:06.574447Z,46.32426453
phase2_regularization,training_aggregate,train/avg_ppl,468000,2026-09-09T16:17:04.708916Z,46.04052353
phase2_regularization,training_aggregate,train/avg_ppl,469000,2026-09-09T16:18:01.473200Z,45.70830536
phase2_regularization,training_aggregate,train/avg_ppl,470000,2026-09-09T16:19:00.902067Z,46.14303207
phase2_regularization,training_aggregate,train/avg_ppl,471000,2026-09-09T16:20:00.807122Z,45.99998093
phase2_regularization,training_aggregate,train/avg_ppl,472000,2026-09-09T16:21:00.873144Z,46.1157074
phase2_regularization,training_aggregate,train/avg_ppl,473000,2026-09-09T16:21:58.938755Z,45.98452759
phase2_regularization,training_aggregate,train/avg_ppl,474000,2026-09-09T16:23:00.438992Z,45.64073563
phase2_regularization,training_aggregate,train/avg_ppl,475000,2026-09-09T16:23:59.089521Z,45.62976837
phase2_regularization,training_aggregate,train/avg_ppl,476000,2026-09-09T16:25:23.639131Z,45.337677
phase2_regularization,training_aggregate,train/avg_ppl,477000,2026-09-09T16:26:26.125533Z,45.56919098
phase2_regularization,training_aggregate,train/avg_ppl,478000,2026-09-09T16:27:26.073900Z,45.37679291
phase2_regularization,training_aggregate,train/avg_ppl,479000,2026-09-09T16:28:25.025990Z,45.65930176
phase2_regularization,training_aggregate,train/avg_ppl,480000,2026-09-09T16:29:22.070516Z,45.05299377
phase2_regularization,training_aggregate,train/avg_ppl,481000,2026-09-09T16:30:20.982910Z,45.48241043
phase2_regularization,training_aggregate,train/avg_ppl,482000,2026-09-09T16:31:22.729172Z,45.27448654
phase2_regularization,training_aggregate,train/avg_ppl,483000,2026-09-09T16:32:22.826276Z,45.09954834
phase2_regularization,training_aggregate,train/avg_ppl,484000,2026-09-09T16:33:21.162957Z,44.81358719
phase2_regularization,training_aggregate,train/avg_ppl,485000,2026-09-09T16:34:22.180251Z,44.63029861
phase2_regularization,training_aggregate,train/avg_ppl,486000,2026-09-09T16:35:20.567390Z,45.07386017
phase2_regularization,training_aggregate,train/avg_ppl,487000,2026-09-09T16:36:21.056872Z,45.06980133
phase2_regularization,training_aggregate,train/avg_ppl,488000,2026-09-09T16:37:21.213898Z,44.40809631
phase2_regularization,training_aggregate,train/avg_ppl,489000,2026-09-09T16:38:24.489569Z,44.52161789
phase2_regularization,training_aggregate,train/avg_ppl,490000,2026-09-09T16:39:21.088160Z,45.02216721
phase2_regularization,training_aggregate,train/avg_ppl,491000,2026-09-09T16:40:17.772120Z,44.42736816
phase2_regularization,training_aggregate,train/avg_ppl,492000,2026-09-09T16:41:17.183028Z,44.43757248
phase2_regularization,training_aggregate,train/avg_ppl,493000,2026-09-09T16:42:12.110216Z,44.83530045
phase2_regularization,training_aggregate,train/avg_ppl,494000,2026-09-09T16:43:09.367809Z,44.87311172
phase2_regularization,training_aggregate,train/avg_ppl,495000,2026-09-09T16:44:07.807374Z,44.72314453
phase2_regularization,training_aggregate,train/avg_ppl,496000,2026-09-09T16:45:10.007401Z,44.20344543
phase2_regularization,training_aggregate,train/avg_ppl,497000,2026-09-09T16:46:13.630749Z,44.7663269
phase2_regularization,training_aggregate,train/avg_ppl,498000,2026-09-09T16:47:12.699927Z,44.65800095
phase2_regularization,training_aggregate,train/avg_ppl,499000,2026-09-09T16:48:14.165956Z,44.41007233
phase2_regularization,training_aggregate,train/avg_ppl,500000,2026-09-09T16:49:14.967607Z,44.46757889
phase2_regularization,training_aggregate,train/avg_ppl,501000,2026-09-09T16:50:38.209502Z,43.91954422
phase2_regularization,training_aggregate,train/avg_ppl,502000,2026-09-09T16:51:43.664538Z,44.10251999
phase2_regularization,training_aggregate,train/avg_ppl,503000,2026-09-09T16:52:52.212869Z,44.29933929
phase2_regularization,training_aggregate,train/avg_ppl,504000,2026-09-09T16:54:02.791171Z,44.2301445
phase2_regularization,training_aggregate,train/avg_ppl,505000,2026-09-09T16:55:14.510129Z,44.14230347
phase2_regularization,training_aggregate,train/avg_ppl,506000,2026-09-09T16:56:23.796129Z,44.45302582
phase2_regularization,training_aggregate,train/avg_ppl,507000,2026-09-09T16:57:34.175470Z,43.55241013
phase2_regularization,training_aggregate,train/avg_ppl,508000,2026-09-09T16:58:47.053168Z,43.6228714
phase2_regularization,training_aggregate,train/avg_ppl,509000,2026-09-09T16:59:57.813115Z,43.43418884
phase2_regularization,training_aggregate,train/avg_ppl,510000,2026-09-09T17:01:10.403125Z,44.15934372
phase2_regularization,training_aggregate,train/avg_ppl,511000,2026-09-09T17:02:21.606264Z,43.61662674
phase2_regularization,training_aggregate,train/avg_ppl,512000,2026-09-09T17:03:32.017123Z,43.64774323
phase2_regularization,training_aggregate,train/avg_ppl,513000,2026-09-09T17:04:43.111136Z,43.55989838
phase2_regularization,training_aggregate,train/avg_ppl,514000,2026-09-09T17:05:53.636556Z,43.21084595
phase2_regularization,training_aggregate,train/avg_ppl,515000,2026-09-09T17:07:04.255116Z,43.53033829
phase2_regularization,training_aggregate,train/avg_ppl,516000,2026-09-09T17:08:14.821849Z,43.33544159
phase2_regularization,training_aggregate,train/avg_ppl,517000,2026-09-09T17:09:25.723207Z,43.21422577
phase2_regularization,training_aggregate,train/avg_ppl,518000,2026-09-09T17:10:36.951897Z,43.1326828
phase2_regularization,training_aggregate,train/avg_ppl,519000,2026-09-09T17:11:48.252662Z,43.09385681
phase2_regularization,training_aggregate,train/avg_ppl,520000,2026-09-09T17:12:59.043385Z,43.44058609
phase2_regularization,training_aggregate,train/avg_ppl,521000,2026-09-09T17:14:09.636199Z,43.72435379
phase2_regularization,training_aggregate,train/avg_ppl,522000,2026-09-09T17:15:20.616642Z,44.2794838
phase2_regularization,training_aggregate,train/avg_ppl,523000,2026-09-09T17:16:30.623349Z,43.18336105
phase2_regularization,training_aggregate,train/avg_ppl,524000,2026-09-09T17:17:41.592641Z,43.86565399
phase2_regularization,training_aggregate,train/avg_ppl,525000,2026-09-09T17:18:52.078932Z,43.98705673
phase2_regularization,training_aggregate,train/avg_ppl,526000,2026-09-09T17:20:52.582135Z,43.5791893
phase2_regularization,training_aggregate,train/avg_ppl,527000,2026-09-09T17:22:03.155679Z,43.35578156
phase2_regularization,training_aggregate,train/avg_ppl,528000,2026-09-09T17:23:13.530426Z,43.59722519
phase2_regularization,training_aggregate,train/avg_ppl,529000,2026-09-09T17:24:25.340132Z,43.38511276
phase2_regularization,training_aggregate,train/avg_ppl,530000,2026-09-09T17:25:35.182398Z,43.49337387
phase2_regularization,training_aggregate,train/avg_ppl,531000,2026-09-09T17:26:47.036824Z,43.47103882
phase2_regularization,training_aggregate,train/avg_ppl,532000,2026-09-09T17:27:59.066983Z,43.73921204
phase2_regularization,training_aggregate,train/avg_ppl,533000,2026-09-09T17:29:09.478457Z,43.12592697
phase2_regularization,training_aggregate,train/avg_ppl,534000,2026-09-09T17:30:20.509116Z,43.64999008
phase2_regularization,training_aggregate,train/avg_ppl,535000,2026-09-09T17:31:30.322378Z,42.93743896
phase2_regularization,training_aggregate,train/avg_ppl,536000,2026-09-09T17:32:41.978840Z,43.17331314
phase2_regularization,training_aggregate,train/avg_ppl,537000,2026-09-09T17:33:52.567111Z,43.63602066
phase2_regularization,training_aggregate,train/avg_ppl,538000,2026-09-09T17:35:02.923130Z,43.17831802
phase2_regularization,training_aggregate,train/avg_ppl,539000,2026-09-09T17:36:14.971738Z,43.65875626
phase2_regularization,training_aggregate,train/avg_ppl,540000,2026-09-09T17:37:26.914857Z,43.26306152
phase2_regularization,training_aggregate,train/avg_ppl,541000,2026-09-09T17:38:38.428976Z,43.30224228
phase2_regularization,training_aggregate,train/avg_ppl,542000,2026-09-09T17:39:49.522155Z,43.45112991
phase2_regularization,training_aggregate,train/avg_ppl,543000,2026-09-09T17:41:00.767787Z,43.53380203
phase2_regularization,training_aggregate,train/avg_ppl,544000,2026-09-09T17:42:12.151397Z,43.37927628
phase2_regularization,training_aggregate,train/avg_ppl,545000,2026-09-09T17:43:23.243859Z,43.41108322
phase2_regularization,training_aggregate,train/avg_ppl,546000,2026-09-09T17:44:33.281111Z,43.17003632
phase2_regularization,training_aggregate,train/avg_ppl,547000,2026-09-09T17:45:44.303733Z,43.32731247
phase2_regularization,training_aggregate,train/avg_ppl,548000,2026-09-09T17:46:56.969233Z,43.64704895
phase2_regularization,training_aggregate,train/avg_ppl,549000,2026-09-09T17:48:07.978379Z,44.04530334
phase2_regularization,training_aggregate,train/avg_ppl,550000,2026-09-09T17:49:20.091723Z,43.40657425
phase2_regularization,training_aggregate,train/avg_ppl,551000,2026-09-09T17:51:22.303498Z,43.69006348
phase2_regularization,training_aggregate,train/avg_ppl,552000,2026-09-09T17:52:34.103196Z,44.02657318
phase2_regularization,training_aggregate,train/avg_ppl,553000,2026-09-09T17:53:45.577685Z,43.49952698
phase2_regularization,training_aggregate,train/avg_ppl,554000,2026-09-09T17:54:56.958407Z,43.8568306
phase2_regularization,training_aggregate,train/avg_ppl,555000,2026-09-09T17:56:08.613141Z,44.0650177
phase2_regularization,training_aggregate,train/avg_ppl,556000,2026-09-09T17:57:19.625235Z,43.33155441
phase2_regularization,training_aggregate,train/avg_ppl,557000,2026-09-09T17:58:31.579262Z,43.64326477
phase2_regularization,training_aggregate,train/avg_ppl,558000,2026-09-09T17:59:42.455009Z,43.72819138
phase2_regularization,training_aggregate,train/avg_ppl,559000,2026-09-09T18:00:53.354634Z,43.95868683
phase2_regularization,training_aggregate,train/avg_ppl,560000,2026-09-09T18:02:04.203558Z,43.77445984
phase2_regularization,training_aggregate,train/avg_ppl,561000,2026-09-09T18:03:14.688136Z,44.01789093
phase2_regularization,training_aggregate,train/avg_ppl,562000,2026-09-09T18:04:26.948133Z,44.11980057
phase2_regularization,training_aggregate,train/avg_ppl,563000,2026-09-09T18:05:36.958592Z,43.90397263
phase2_regularization,training_aggregate,train/avg_ppl,564000,2026-09-09T18:06:49.015965Z,43.66613007
phase2_regularization,training_aggregate,train/avg_ppl,565000,2026-09-09T18:07:59.651479Z,43.68732452
phase2_regularization,training_aggregate,train/avg_ppl,566000,2026-09-09T18:09:10.329148Z,44.1039505
phase2_regularization,training_aggregate,train/avg_ppl,567000,2026-09-09T18:10:21.062224Z,43.95328522
phase2_regularization,training_aggregate,train/avg_ppl,568000,2026-09-09T18:11:32.644500Z,44.10679626
phase2_regularization,training_aggregate,train/avg_ppl,569000,2026-09-09T18:12:43.659026Z,44.65188217
phase2_regularization,training_aggregate,train/avg_ppl,570000,2026-09-09T18:13:49.346560Z,43.82688522
phase2_regularization,training_aggregate,train/avg_ppl,571000,2026-09-09T18:14:51.138875Z,43.9145546
phase2_regularization,training_aggregate,train/avg_ppl,572000,2026-09-09T18:15:53.023086Z,44.39253616
phase2_regularization,training_aggregate,train/avg_ppl,573000,2026-09-09T18:16:51.731948Z,44.22842407
phase2_regularization,training_aggregate,train/avg_ppl,574000,2026-09-09T18:17:54.330134Z,44.16898346
phase2_regularization,training_aggregate,train/avg_ppl,575000,2026-09-09T18:18:54.276543Z,43.90125275
phase2_regularization,training_aggregate,train/avg_ppl,576000,2026-09-09T18:20:14.673029Z,44.17738724
phase2_regularization,training_aggregate,train/avg_ppl,577000,2026-09-09T18:21:14.129603Z,44.17998505
phase2_regularization,training_aggregate,train/avg_ppl,578000,2026-09-09T18:22:16.104244Z,44.15650177
phase2_regularization,training_aggregate,train/avg_ppl,579000,2026-09-09T18:23:14.783193Z,44.09442902
phase2_regularization,training_aggregate,train/avg_ppl,580000,2026-09-09T18:24:17.319265Z,44.30212021
phase2_regularization,training_aggregate,train/avg_ppl,581000,2026-09-09T18:25:20.649509Z,44.47120285
phase2_regularization,training_aggregate,train/avg_ppl,582000,2026-09-09T18:26:16.509530Z,43.85926819
phase2_regularization,training_aggregate,train/avg_ppl,583000,2026-09-09T18:27:16.887587Z,44.20581055
phase2_regularization,training_aggregate,train/avg_ppl,584000,2026-09-09T18:28:18.907009Z,44.44751358
phase2_regularization,training_aggregate,train/avg_ppl,585000,2026-09-09T18:29:21.689406Z,44.70013809
phase2_regularization,training_aggregate,train/avg_ppl,586000,2026-09-09T18:30:19.972170Z,44.44159317
phase2_regularization,training_aggregate,train/avg_ppl,587000,2026-09-09T18:31:19.355330Z,44.33911133
phase2_regularization,training_aggregate,train/avg_ppl,588000,2026-09-09T18:32:18.639338Z,45.10400772
phase2_regularization,training_aggregate,train/avg_ppl,589000,2026-09-09T18:33:20.286839Z,43.99090195
phase2_regularization,training_aggregate,train/avg_ppl,590000,2026-09-09T18:34:22.233912Z,43.94496918
phase2_regularization,training_aggregate,train/avg_ppl,591000,2026-09-09T18:35:26.121266Z,44.16003036
phase2_regularization,training_aggregate,train/avg_ppl,592000,2026-09-09T18:36:20.624196Z,44.64138794
phase2_regularization,training_aggregate,train/avg_ppl,593000,2026-09-09T18:37:22.059466Z,44.16965866
phase2_regularization,training_aggregate,train/avg_ppl,594000,2026-09-09T18:38:24.635001Z,44.01648331
phase2_regularization,training_aggregate,train/avg_ppl,595000,2026-09-09T18:39:21.175532Z,44.43913651
phase2_regularization,training_aggregate,train/avg_ppl,596000,2026-09-09T18:40:21.816140Z,43.82323837
phase2_regularization,training_aggregate,train/avg_ppl,597000,2026-09-09T18:41:24.422626Z,43.67814636
phase2_regularization,training_aggregate,train/avg_ppl,598000,2026-09-09T18:42:25.980324Z,44.25198364
phase2_regularization,training_aggregate,train/avg_ppl,599000,2026-09-09T18:43:26.706257Z,44.64519119
phase2_regularization,training_aggregate,train/avg_ppl,600000,2026-09-09T18:44:23.010028Z,43.92795944
phase2_regularization,validation_metric,val/combined_loss,25000,2026-09-09T08:51:15.821000Z,4.993580341
phase2_regularization,validation_metric,val/combined_loss,50000,2026-09-09T09:15:37.287369Z,5.048135757
phase2_regularization,validation_metric,val/combined_loss,75000,2026-09-09T09:40:20.431323Z,5.266937733
phase2_regularization,validation_metric,val/combined_loss,100000,2026-09-09T10:04:37.214419Z,5.273358345
phase2_regularization,validation_metric,val/combined_loss,125000,2026-09-09T10:28:57.833098Z,5.311232567
phase2_regularization,validation_metric,val/combined_loss,150000,2026-09-09T10:53:52.386694Z,5.282748699
phase2_regularization,validation_metric,val/combined_loss,175000,2026-09-09T11:19:41.764395Z,5.336456776
phase2_regularization,validation_metric,val/combined_loss,200000,2026-09-09T11:45:39.628296Z,5.402741432
phase2_regularization,validation_metric,val/combined_loss,225000,2026-09-09T12:11:27.512551Z,5.368778229
phase2_regularization,validation_metric,val/combined_loss,250000,2026-09-09T12:37:14.907914Z,5.38346386
phase2_regularization,validation_metric,val/combined_loss,275000,2026-09-09T13:02:16.693634Z,5.420662403
phase2_regularization,validation_metric,val/combined_loss,300000,2026-09-09T13:26:49.610150Z,5.325084686
phase2_regularization,validation_metric,val/combined_loss,325000,2026-09-09T13:52:23.439712Z,5.411334515
phase2_regularization,validation_metric,val/combined_loss,350000,2026-09-09T14:17:39.456356Z,5.455096722
phase2_regularization,validation_metric,val/combined_loss,375000,2026-09-09T14:43:04.406355Z,5.479186535
phase2_regularization,validation_metric,val/combined_loss,400000,2026-09-09T15:08:26.823565Z,5.501039505
phase2_regularization,validation_metric,val/combined_loss,425000,2026-09-09T15:33:47.391135Z,5.521040916
phase2_regularization,validation_metric,val/combined_loss,450000,2026-09-09T15:58:55.268867Z,5.517784595
phase2_regularization,validation_metric,val/combined_loss,475000,2026-09-09T16:23:59.431831Z,5.521719933
phase2_regularization,validation_metric,val/combined_loss,500000,2026-09-09T16:49:15.115253Z,5.518762589
phase2_regularization,validation_metric,val/combined_loss,525000,2026-09-09T17:18:52.231220Z,5.495827675
phase2_regularization,validation_metric,val/combined_loss,550000,2026-09-09T17:49:20.238909Z,5.341805935
phase2_regularization,validation_metric,val/combined_loss,575000,2026-09-09T18:18:54.410300Z,5.290901184
phase2_regularization,validation_metric,val/combined_loss,600000,2026-09-09T18:44:23.382892Z,5.250796318
phase2_regularization,validation_metric,val/high_acc_top1,25000,2026-09-09T08:51:15.820298Z,0.01009114552
phase2_regularization,validation_metric,val/high_acc_top1,50000,2026-09-09T09:15:37.286982Z,0.0126953125
phase2_regularization,validation_metric,val/high_acc_top1,75000,2026-09-09T09:40:20.430867Z,0.01497395802
phase2_regularization,validation_metric,val/high_acc_top1,100000,2026-09-09T10:04:37.213758Z,0.009114583023
phase2_regularization,validation_metric,val/high_acc_top1,125000,2026-09-09T10:28:57.832587Z,0.02278645895
phase2_regularization,validation_metric,val/high_acc_top1,150000,2026-09-09T10:53:52.385985Z,0.01920572855
phase2_regularization,validation_metric,val/high_acc_top1,175000,2026-09-09T11:19:41.763835Z,0.021484375
phase2_regularization,validation_metric,val/high_acc_top1,200000,2026-09-09T11:45:39.627453Z,0.021484375
phase2_regularization,validation_metric,val/high_acc_top1,225000,2026-09-09T12:11:27.511921Z,0.01985677145
phase2_regularization,validation_metric,val/high_acc_top1,250000,2026-09-09T12:37:14.907505Z,0.009440104477
phase2_regularization,validation_metric,val/high_acc_top1,275000,2026-09-09T13:02:16.692914Z,0.01041666698
phase2_regularization,validation_metric,val/high_acc_top1,300000,2026-09-09T13:26:49.609431Z,0.01692708395
phase2_regularization,validation_metric,val/high_acc_top1,325000,2026-09-09T13:52:23.439261Z,0.007486979477
phase2_regularization,validation_metric,val/high_acc_top1,350000,2026-09-09T14:17:39.455943Z,0.01595052145
phase2_regularization,validation_metric,val/high_acc_top1,375000,2026-09-09T14:43:04.405864Z,0.0205078125
phase2_regularization,validation_metric,val/high_acc_top1,400000,2026-09-09T15:08:26.822690Z,0.01595052145
phase2_regularization,validation_metric,val/high_acc_top1,425000,2026-09-09T15:33:47.390687Z,0.0126953125
phase2_regularization,validation_metric,val/high_acc_top1,450000,2026-09-09T15:58:55.267583Z,0.01529947948
phase2_regularization,validation_metric,val/high_acc_top1,475000,2026-09-09T16:23:59.431276Z,0.015625
phase2_regularization,validation_metric,val/high_acc_top1,500000,2026-09-09T16:49:15.114492Z,0.01790364645
phase2_regularization,validation_metric,val/high_acc_top1,525000,2026-09-09T17:18:52.230307Z,0.01692708395
phase2_regularization,validation_metric,val/high_acc_top1,550000,2026-09-09T17:49:20.238204Z,0.01497395895
phase2_regularization,validation_metric,val/high_acc_top1,575000,2026-09-09T18:18:54.409510Z,0.01106770895
phase2_regularization,validation_metric,val/high_acc_top1,600000,2026-09-09T18:44:23.382156Z,0.01920573041
phase2_regularization,validation_metric,val/high_acc_top5,25000,2026-09-09T08:51:15.820305Z,0.05078125
phase2_regularization,validation_metric,val/high_acc_top5,50000,2026-09-09T09:15:37.286988Z,0.0673828125
phase2_regularization,validation_metric,val/high_acc_top5,75000,2026-09-09T09:40:20.430875Z,0.04427083582
phase2_regularization,validation_metric,val/high_acc_top5,100000,2026-09-09T10:04:37.213764Z,0.04752604291
phase2_regularization,validation_metric,val/high_acc_top5,125000,2026-09-09T10:28:57.832593Z,0.060546875
phase2_regularization,validation_metric,val/high_acc_top5,150000,2026-09-09T10:53:52.385991Z,0.06575521082
phase2_regularization,validation_metric,val/high_acc_top5,175000,2026-09-09T11:19:41.763841Z,0.068359375
phase2_regularization,validation_metric,val/high_acc_top5,200000,2026-09-09T11:45:39.627459Z,0.05794271082
phase2_regularization,validation_metric,val/high_acc_top5,225000,2026-09-09T12:11:27.511930Z,0.04947916791
phase2_regularization,validation_metric,val/high_acc_top5,250000,2026-09-09T12:37:14.907511Z,0.0458984375
phase2_regularization,validation_metric,val/high_acc_top5,275000,2026-09-09T13:02:16.692919Z,0.041015625
phase2_regularization,validation_metric,val/high_acc_top5,300000,2026-09-09T13:26:49.609437Z,0.04817708582
phase2_regularization,validation_metric,val/high_acc_top5,325000,2026-09-09T13:52:23.439267Z,0.04459635541
phase2_regularization,validation_metric,val/high_acc_top5,350000,2026-09-09T14:17:39.455949Z,0.05240885541
phase2_regularization,validation_metric,val/high_acc_top5,375000,2026-09-09T14:43:04.405870Z,0.056640625
phase2_regularization,validation_metric,val/high_acc_top5,400000,2026-09-09T15:08:26.822701Z,0.04817708209
phase2_regularization,validation_metric,val/high_acc_top5,425000,2026-09-09T15:33:47.390693Z,0.04427083582
phase2_regularization,validation_metric,val/high_acc_top5,450000,2026-09-09T15:58:55.267589Z,0.0439453125
phase2_regularization,validation_metric,val/high_acc_top5,475000,2026-09-09T16:23:59.431290Z,0.04752604291
phase2_regularization,validation_metric,val/high_acc_top5,500000,2026-09-09T16:49:15.114498Z,0.04264323041
phase2_regularization,validation_metric,val/high_acc_top5,525000,2026-09-09T17:18:52.230316Z,0.0439453125
phase2_regularization,validation_metric,val/high_acc_top5,550000,2026-09-09T17:49:20.238213Z,0.04557291791
phase2_regularization,validation_metric,val/high_acc_top5,575000,2026-09-09T18:18:54.409516Z,0.0498046875
phase2_regularization,validation_metric,val/high_acc_top5,600000,2026-09-09T18:44:23.382162Z,0.05240885541
phase2_regularization,validation_metric,val/high_len_1_acc_top1,25000,2026-09-09T08:51:15.693518Z,0.015625
phase2_regularization,validation_metric,val/high_len_1_acc_top1,50000,2026-09-09T09:15:37.190260Z,0.015625
phase2_regularization,validation_metric,val/high_len_1_acc_top1,75000,2026-09-09T09:40:20.320246Z,0.03125
phase2_regularization,validation_metric,val/high_len_1_acc_top1,100000,2026-09-09T10:04:37.114319Z,0.015625
phase2_regularization,validation_metric,val/high_len_1_acc_top1,125000,2026-09-09T10:28:57.734559Z,0.046875
phase2_regularization,validation_metric,val/high_len_1_acc_top1,150000,2026-09-09T10:53:52.283711Z,0.03125
phase2_regularization,validation_metric,val/high_len_1_acc_top1,175000,2026-09-09T11:19:41.659742Z,0.046875
phase2_regularization,validation_metric,val/high_len_1_acc_top1,200000,2026-09-09T11:45:39.524280Z,0.046875
phase2_regularization,validation_metric,val/high_len_1_acc_top1,225000,2026-09-09T12:11:27.395573Z,0.03125
phase2_regularization,validation_metric,val/high_len_1_acc_top1,250000,2026-09-09T12:37:14.809847Z,0.015625
phase2_regularization,validation_metric,val/high_len_1_acc_top1,275000,2026-09-09T13:02:16.573069Z,0
phase2_regularization,validation_metric,val/high_len_1_acc_top1,300000,2026-09-09T13:26:49.510127Z,0.015625
phase2_regularization,validation_metric,val/high_len_1_acc_top1,325000,2026-09-09T13:52:23.337769Z,0.015625
phase2_regularization,validation_metric,val/high_len_1_acc_top1,350000,2026-09-09T14:17:39.355623Z,0
phase2_regularization,validation_metric,val/high_len_1_acc_top1,375000,2026-09-09T14:43:04.281700Z,0.03125
phase2_regularization,validation_metric,val/high_len_1_acc_top1,400000,2026-09-09T15:08:26.663919Z,0.03125
phase2_regularization,validation_metric,val/high_len_1_acc_top1,425000,2026-09-09T15:33:47.275867Z,0
phase2_regularization,validation_metric,val/high_len_1_acc_top1,450000,2026-09-09T15:58:55.168998Z,0.015625
phase2_regularization,validation_metric,val/high_len_1_acc_top1,475000,2026-09-09T16:23:59.308903Z,0
phase2_regularization,validation_metric,val/high_len_1_acc_top1,500000,2026-09-09T16:49:15.004673Z,0.015625
phase2_regularization,validation_metric,val/high_len_1_acc_top1,525000,2026-09-09T17:18:52.099207Z,0
phase2_regularization,validation_metric,val/high_len_1_acc_top1,550000,2026-09-09T17:49:20.111454Z,0
phase2_regularization,validation_metric,val/high_len_1_acc_top1,575000,2026-09-09T18:18:54.293490Z,0
phase2_regularization,validation_metric,val/high_len_1_acc_top1,600000,2026-09-09T18:44:23.282755Z,0.015625
phase2_regularization,validation_metric,val/high_len_1_acc_top5,25000,2026-09-09T08:51:15.693524Z,0.0625
phase2_regularization,validation_metric,val/high_len_1_acc_top5,50000,2026-09-09T09:15:37.190267Z,0.078125
phase2_regularization,validation_metric,val/high_len_1_acc_top5,75000,2026-09-09T09:40:20.320253Z,0.078125
phase2_regularization,validation_metric,val/high_len_1_acc_top5,100000,2026-09-09T10:04:37.114330Z,0.0625
phase2_regularization,validation_metric,val/high_len_1_acc_top5,125000,2026-09-09T10:28:57.734565Z,0.09375
phase2_regularization,validation_metric,val/high_len_1_acc_top5,150000,2026-09-09T10:53:52.283718Z,0.125
phase2_regularization,validation_metric,val/high_len_1_acc_top5,175000,2026-09-09T11:19:41.659749Z,0.078125
phase2_regularization,validation_metric,val/high_len_1_acc_top5,200000,2026-09-09T11:45:39.524287Z,0.046875
phase2_regularization,validation_metric,val/high_len_1_acc_top5,225000,2026-09-09T12:11:27.395582Z,0.0625
phase2_regularization,validation_metric,val/high_len_1_acc_top5,250000,2026-09-09T12:37:14.809853Z,0.0625
phase2_regularization,validation_metric,val/high_len_1_acc_top5,275000,2026-09-09T13:02:16.573076Z,0.046875
phase2_regularization,validation_metric,val/high_len_1_acc_top5,300000,2026-09-09T13:26:49.510134Z,0.046875
phase2_regularization,validation_metric,val/high_len_1_acc_top5,325000,2026-09-09T13:52:23.337776Z,0.015625
phase2_regularization,validation_metric,val/high_len_1_acc_top5,350000,2026-09-09T14:17:39.355629Z,0.03125
phase2_regularization,validation_metric,val/high_len_1_acc_top5,375000,2026-09-09T14:43:04.281706Z,0.0625
phase2_regularization,validation_metric,val/high_len_1_acc_top5,400000,2026-09-09T15:08:26.663926Z,0.0625
phase2_regularization,validation_metric,val/high_len_1_acc_top5,425000,2026-09-09T15:33:47.275874Z,0.046875
phase2_regularization,validation_metric,val/high_len_1_acc_top5,450000,2026-09-09T15:58:55.169004Z,0.03125
phase2_regularization,validation_metric,val/high_len_1_acc_top5,475000,2026-09-09T16:23:59.308912Z,0.046875
phase2_regularization,validation_metric,val/high_len_1_acc_top5,500000,2026-09-09T16:49:15.004691Z,0.0625
phase2_regularization,validation_metric,val/high_len_1_acc_top5,525000,2026-09-09T17:18:52.099218Z,0.046875
phase2_regularization,validation_metric,val/high_len_1_acc_top5,550000,2026-09-09T17:49:20.111465Z,0.03125
phase2_regularization,validation_metric,val/high_len_1_acc_top5,575000,2026-09-09T18:18:54.293497Z,0.046875
phase2_regularization,validation_metric,val/high_len_1_acc_top5,600000,2026-09-09T18:44:23.282762Z,0.0625
phase2_regularization,validation_metric,val/high_len_1_loss,25000,2026-09-09T08:51:15.693473Z,6.484710693
phase2_regularization,validation_metric,val/high_len_1_loss,50000,2026-09-09T09:15:37.190220Z,6.570587158
phase2_regularization,validation_metric,val/high_len_1_loss,75000,2026-09-09T09:40:20.320203Z,6.865875244
phase2_regularization,validation_metric,val/high_len_1_loss,100000,2026-09-09T10:04:37.114229Z,7.005966187
phase2_regularization,validation_metric,val/high_len_1_loss,125000,2026-09-09T10:28:57.734518Z,6.80519104
phase2_regularization,validation_metric,val/high_len_1_loss,150000,2026-09-09T10:53:52.283667Z,6.778347015
phase2_regularization,validation_metric,val/high_len_1_loss,175000,2026-09-09T11:19:41.659702Z,6.946151733
phase2_regularization,validation_metric,val/high_len_1_loss,200000,2026-09-09T11:45:39.524239Z,7.132007599
phase2_regularization,validation_metric,val/high_len_1_loss,225000,2026-09-09T12:11:27.395516Z,7.151199341
phase2_regularization,validation_metric,val/high_len_1_loss,250000,2026-09-09T12:37:14.809789Z,7.326873779
phase2_regularization,validation_metric,val/high_len_1_loss,275000,2026-09-09T13:02:16.573031Z,7.217910767
phase2_regularization,validation_metric,val/high_len_1_loss,300000,2026-09-09T13:26:49.510067Z,7.228210449
phase2_regularization,validation_metric,val/high_len_1_loss,325000,2026-09-09T13:52:23.337720Z,7.23744297
phase2_regularization,validation_metric,val/high_len_1_loss,350000,2026-09-09T14:17:39.355582Z,7.583953857
phase2_regularization,validation_metric,val/high_len_1_loss,375000,2026-09-09T14:43:04.281655Z,7.456756592
phase2_regularization,validation_metric,val/high_len_1_loss,400000,2026-09-09T15:08:26.663865Z,7.62021637
phase2_regularization,validation_metric,val/high_len_1_loss,425000,2026-09-09T15:33:47.275824Z,7.744537354
phase2_regularization,validation_metric,val/high_len_1_loss,450000,2026-09-09T15:58:55.168954Z,7.654115677
phase2_regularization,validation_metric,val/high_len_1_loss,475000,2026-09-09T16:23:59.308843Z,7.624542236
phase2_regularization,validation_metric,val/high_len_1_loss,500000,2026-09-09T16:49:15.004569Z,7.35546875
phase2_regularization,validation_metric,val/high_len_1_loss,525000,2026-09-09T17:18:52.099135Z,7.526489258
phase2_regularization,validation_metric,val/high_len_1_loss,550000,2026-09-09T17:49:20.111382Z,7.095649719
phase2_regularization,validation_metric,val/high_len_1_loss,575000,2026-09-09T18:18:54.293452Z,7.025634766
phase2_regularization,validation_metric,val/high_len_1_loss,600000,2026-09-09T18:44:23.282708Z,6.963790894
phase2_regularization,validation_metric,val/high_len_1_nll,25000,2026-09-09T08:51:15.693501Z,6.484710693
phase2_regularization,validation_metric,val/high_len_1_nll,50000,2026-09-09T09:15:37.190242Z,6.570587158
phase2_regularization,validation_metric,val/high_len_1_nll,75000,2026-09-09T09:40:20.320231Z,6.865875244
phase2_regularization,validation_metric,val/high_len_1_nll,100000,2026-09-09T10:04:37.114276Z,7.005966187
phase2_regularization,validation_metric,val/high_len_1_nll,125000,2026-09-09T10:28:57.734540Z,6.80519104
phase2_regularization,validation_metric,val/high_len_1_nll,150000,2026-09-09T10:53:52.283695Z,6.778347015
phase2_regularization,validation_metric,val/high_len_1_nll,175000,2026-09-09T11:19:41.659726Z,6.946151733
phase2_regularization,validation_metric,val/high_len_1_nll,200000,2026-09-09T11:45:39.524264Z,7.132007599
phase2_regularization,validation_metric,val/high_len_1_nll,225000,2026-09-09T12:11:27.395550Z,7.151199341
phase2_regularization,validation_metric,val/high_len_1_nll,250000,2026-09-09T12:37:14.809827Z,7.326873779
phase2_regularization,validation_metric,val/high_len_1_nll,275000,2026-09-09T13:02:16.573053Z,7.217910767
phase2_regularization,validation_metric,val/high_len_1_nll,300000,2026-09-09T13:26:49.510096Z,7.228210449
phase2_regularization,validation_metric,val/high_len_1_nll,325000,2026-09-09T13:52:23.337747Z,7.23744297
phase2_regularization,validation_metric,val/high_len_1_nll,350000,2026-09-09T14:17:39.355607Z,7.583953857
phase2_regularization,validation_metric,val/high_len_1_nll,375000,2026-09-09T14:43:04.281684Z,7.456756592
phase2_regularization,validation_metric,val/high_len_1_nll,400000,2026-09-09T15:08:26.663887Z,7.62021637
phase2_regularization,validation_metric,val/high_len_1_nll,425000,2026-09-09T15:33:47.275850Z,7.744537354
phase2_regularization,validation_metric,val/high_len_1_nll,450000,2026-09-09T15:58:55.168982Z,7.654115677
phase2_regularization,validation_metric,val/high_len_1_nll,475000,2026-09-09T16:23:59.308880Z,7.624542236
phase2_regularization,validation_metric,val/high_len_1_nll,500000,2026-09-09T16:49:15.004626Z,7.35546875
phase2_regularization,validation_metric,val/high_len_1_nll,525000,2026-09-09T17:18:52.099185Z,7.526489258
phase2_regularization,validation_metric,val/high_len_1_nll,550000,2026-09-09T17:49:20.111431Z,7.095649719
phase2_regularization,validation_metric,val/high_len_1_nll,575000,2026-09-09T18:18:54.293474Z,7.025634766
phase2_regularization,validation_metric,val/high_len_1_nll,600000,2026-09-09T18:44:23.282740Z,6.963790894
phase2_regularization,validation_metric,val/high_len_1_ppl,25000,2026-09-09T08:51:15.693510Z,655.0494385
phase2_regularization,validation_metric,val/high_len_1_ppl,50000,2026-09-09T09:15:37.190253Z,713.7888184
phase2_regularization,validation_metric,val/high_len_1_ppl,75000,2026-09-09T09:40:20.320240Z,958.9848022
phase2_regularization,validation_metric,val/high_len_1_ppl,100000,2026-09-09T10:04:37.114307Z,1103.195435
phase2_regularization,validation_metric,val/high_len_1_ppl,125000,2026-09-09T10:28:57.734551Z,902.5201416
phase2_regularization,validation_metric,val/high_len_1_ppl,150000,2026-09-09T10:53:52.283704Z,878.6151733
phase2_regularization,validation_metric,val/high_len_1_ppl,175000,2026-09-09T11:19:41.659734Z,1039.143066
phase2_regularization,validation_metric,val/high_len_1_ppl,200000,2026-09-09T11:45:39.524272Z,1251.386719
phase2_regularization,validation_metric,val/high_len_1_ppl,225000,2026-09-09T12:11:27.395562Z,1275.63501
phase2_regularization,validation_metric,val/high_len_1_ppl,250000,2026-09-09T12:37:14.809839Z,1520.620483
phase2_regularization,validation_metric,val/high_len_1_ppl,275000,2026-09-09T13:02:16.573062Z,1363.637085
phase2_regularization,validation_metric,val/high_len_1_ppl,300000,2026-09-09T13:26:49.510104Z,1377.754761
phase2_regularization,validation_metric,val/high_len_1_ppl,325000,2026-09-09T13:52:23.337759Z,1390.533813
phase2_regularization,validation_metric,val/high_len_1_ppl,350000,2026-09-09T14:17:39.355616Z,1966.388428
phase2_regularization,validation_metric,val/high_len_1_ppl,375000,2026-09-09T14:43:04.281692Z,1731.522949
phase2_regularization,validation_metric,val/high_len_1_ppl,400000,2026-09-09T15:08:26.663896Z,2039.003296
phase2_regularization,validation_metric,val/high_len_1_ppl,425000,2026-09-09T15:33:47.275859Z,2308.925049
phase2_regularization,validation_metric,val/high_len_1_ppl,450000,2026-09-09T15:58:55.168991Z,2109.309082
phase2_regularization,validation_metric,val/high_len_1_ppl,475000,2026-09-09T16:23:59.308892Z,2047.842773
phase2_regularization,validation_metric,val/high_len_1_ppl,500000,2026-09-09T16:49:15.004651Z,1564.730347
phase2_regularization,validation_metric,val/high_len_1_ppl,525000,2026-09-09T17:18:52.099197Z,1856.57605
phase2_regularization,validation_metric,val/high_len_1_ppl,550000,2026-09-09T17:49:20.111444Z,1206.706177
phase2_regularization,validation_metric,val/high_len_1_ppl,575000,2026-09-09T18:18:54.293483Z,1125.108521
phase2_regularization,validation_metric,val/high_len_1_ppl,600000,2026-09-09T18:44:23.282748Z,1057.635376
phase2_regularization,validation_metric,val/high_len_1_si_sdr_db,25000,2026-09-09T08:51:16.670974Z,14.88915062
phase2_regularization,validation_metric,val/high_len_1_si_sdr_db,50000,2026-09-09T09:15:38.122416Z,14.20929718
phase2_regularization,validation_metric,val/high_len_1_si_sdr_db,75000,2026-09-09T09:40:21.287818Z,15.05721474
phase2_regularization,validation_metric,val/high_len_1_si_sdr_db,100000,2026-09-09T10:04:38.051718Z,15.27312279
phase2_regularization,validation_metric,val/high_len_1_si_sdr_db,125000,2026-09-09T10:28:58.665606Z,14.842453
phase2_regularization,validation_metric,val/high_len_1_si_sdr_db,150000,2026-09-09T10:53:53.252347Z,15.7999115
phase2_regularization,validation_metric,val/high_len_1_si_sdr_db,175000,2026-09-09T11:19:42.640363Z,15.24612808
phase2_regularization,validation_metric,val/high_len_1_si_sdr_db,200000,2026-09-09T11:45:40.480416Z,15.15688419
phase2_regularization,validation_metric,val/high_len_1_si_sdr_db,225000,2026-09-09T12:11:28.379338Z,15.62129784
phase2_regularization,validation_metric,val/high_len_1_si_sdr_db,250000,2026-09-09T12:37:15.767209Z,15.15409756
phase2_regularization,validation_metric,val/high_len_1_si_sdr_db,275000,2026-09-09T13:02:17.545758Z,14.33791161
phase2_regularization,validation_metric,val/high_len_1_si_sdr_db,300000,2026-09-09T13:26:50.458536Z,15.4352932
phase2_regularization,validation_metric,val/high_len_1_si_sdr_db,325000,2026-09-09T13:52:24.293606Z,15.87443447
phase2_regularization,validation_metric,val/high_len_1_si_sdr_db,350000,2026-09-09T14:17:40.297267Z,14.51948738
phase2_regularization,validation_metric,val/high_len_1_si_sdr_db,375000,2026-09-09T14:43:05.258678Z,16.27027702
phase2_regularization,validation_metric,val/high_len_1_si_sdr_db,400000,2026-09-09T15:08:27.668519Z,14.75185013
phase2_regularization,validation_metric,val/high_len_1_si_sdr_db,425000,2026-09-09T15:33:48.234626Z,14.87144947
phase2_regularization,validation_metric,val/high_len_1_si_sdr_db,450000,2026-09-09T15:58:56.130684Z,14.98004723
phase2_regularization,validation_metric,val/high_len_1_si_sdr_db,475000,2026-09-09T16:24:00.291250Z,14.81506252
phase2_regularization,validation_metric,val/high_len_1_si_sdr_db,500000,2026-09-09T16:49:15.983492Z,15.75464249
phase2_regularization,validation_metric,val/high_len_1_si_sdr_db,525000,2026-09-09T17:18:55.519246Z,15.18159103
phase2_regularization,validation_metric,val/high_len_1_si_sdr_db,550000,2026-09-09T17:49:24.046365Z,14.48327446
phase2_regularization,validation_metric,val/high_len_1_si_sdr_db,575000,2026-09-09T18:18:55.264313Z,14.95317745
phase2_regularization,validation_metric,val/high_len_1_si_sdr_db,600000,2026-09-09T18:44:24.243733Z,15.017066
phase2_regularization,validation_metric,val/high_len_1_si_sdr_db_gap_only,25000,2026-09-09T08:51:16.671011Z,-11.58211994
phase2_regularization,validation_metric,val/high_len_1_si_sdr_db_gap_only,50000,2026-09-09T09:15:38.122455Z,-12.13366604
phase2_regularization,validation_metric,val/high_len_1_si_sdr_db_gap_only,75000,2026-09-09T09:40:21.287855Z,-13.1539011
phase2_regularization,validation_metric,val/high_len_1_si_sdr_db_gap_only,100000,2026-09-09T10:04:38.051764Z,-7.040539742
phase2_regularization,validation_metric,val/high_len_1_si_sdr_db_gap_only,125000,2026-09-09T10:28:58.665642Z,-15.70371151
phase2_regularization,validation_metric,val/high_len_1_si_sdr_db_gap_only,150000,2026-09-09T10:53:53.252388Z,-5.142786026
phase2_regularization,validation_metric,val/high_len_1_si_sdr_db_gap_only,175000,2026-09-09T11:19:42.640405Z,-7.821051121
phase2_regularization,validation_metric,val/high_len_1_si_sdr_db_gap_only,200000,2026-09-09T11:45:40.480458Z,-7.961868286
phase2_regularization,validation_metric,val/high_len_1_si_sdr_db_gap_only,225000,2026-09-09T12:11:28.379387Z,-8.726346016
phase2_regularization,validation_metric,val/high_len_1_si_sdr_db_gap_only,250000,2026-09-09T12:37:15.767249Z,-8.8045578
phase2_regularization,validation_metric,val/high_len_1_si_sdr_db_gap_only,275000,2026-09-09T13:02:17.545809Z,-12.22650433
phase2_regularization,validation_metric,val/high_len_1_si_sdr_db_gap_only,300000,2026-09-09T13:26:50.458578Z,-8.280905724
phase2_regularization,validation_metric,val/high_len_1_si_sdr_db_gap_only,325000,2026-09-09T13:52:24.293651Z,-3.917652845
phase2_regularization,validation_metric,val/high_len_1_si_sdr_db_gap_only,350000,2026-09-09T14:17:40.297310Z,-10.52449894
phase2_regularization,validation_metric,val/high_len_1_si_sdr_db_gap_only,375000,2026-09-09T14:43:05.258723Z,-5.372993469
phase2_regularization,validation_metric,val/high_len_1_si_sdr_db_gap_only,400000,2026-09-09T15:08:27.668559Z,-9.245725632
phase2_regularization,validation_metric,val/high_len_1_si_sdr_db_gap_only,425000,2026-09-09T15:33:48.234671Z,-12.94694424
phase2_regularization,validation_metric,val/high_len_1_si_sdr_db_gap_only,450000,2026-09-09T15:58:56.130725Z,-11.64151382
phase2_regularization,validation_metric,val/high_len_1_si_sdr_db_gap_only,475000,2026-09-09T16:24:00.291294Z,-10.18358803
phase2_regularization,validation_metric,val/high_len_1_si_sdr_db_gap_only,500000,2026-09-09T16:49:15.983535Z,-8.925252914
phase2_regularization,validation_metric,val/high_len_1_si_sdr_db_gap_only,525000,2026-09-09T17:18:55.519297Z,-8.910274506
phase2_regularization,validation_metric,val/high_len_1_si_sdr_db_gap_only,550000,2026-09-09T17:49:24.046416Z,-11.86052036
phase2_regularization,validation_metric,val/high_len_1_si_sdr_db_gap_only,575000,2026-09-09T18:18:55.264357Z,-14.69518089
phase2_regularization,validation_metric,val/high_len_1_si_sdr_db_gap_only,600000,2026-09-09T18:44:24.243776Z,-10.13626289
phase2_regularization,validation_metric,val/high_len_1_spectral_convergence,25000,2026-09-09T08:51:16.671026Z,0.1096510887
phase2_regularization,validation_metric,val/high_len_1_spectral_convergence,50000,2026-09-09T09:15:38.122469Z,0.1221446246
phase2_regularization,validation_metric,val/high_len_1_spectral_convergence,75000,2026-09-09T09:40:21.287870Z,0.1055925712
phase2_regularization,validation_metric,val/high_len_1_spectral_convergence,100000,2026-09-09T10:04:38.051778Z,0.1158786267
phase2_regularization,validation_metric,val/high_len_1_spectral_convergence,125000,2026-09-09T10:28:58.665655Z,0.1125168055
phase2_regularization,validation_metric,val/high_len_1_spectral_convergence,150000,2026-09-09T10:53:53.252403Z,0.09911579639
phase2_regularization,validation_metric,val/high_len_1_spectral_convergence,175000,2026-09-09T11:19:42.640418Z,0.1101301908
phase2_regularization,validation_metric,val/high_len_1_spectral_convergence,200000,2026-09-09T11:45:40.480472Z,0.1211889312
phase2_regularization,validation_metric,val/high_len_1_spectral_convergence,225000,2026-09-09T12:11:28.379404Z,0.1177958772
phase2_regularization,validation_metric,val/high_len_1_spectral_convergence,250000,2026-09-09T12:37:15.767264Z,0.1218835264
phase2_regularization,validation_metric,val/high_len_1_spectral_convergence,275000,2026-09-09T13:02:17.545824Z,0.1156384796
phase2_regularization,validation_metric,val/high_len_1_spectral_convergence,300000,2026-09-09T13:26:50.458592Z,0.1175974607
phase2_regularization,validation_metric,val/high_len_1_spectral_convergence,325000,2026-09-09T13:52:24.293666Z,0.1074372381
phase2_regularization,validation_metric,val/high_len_1_spectral_convergence,350000,2026-09-09T14:17:40.297326Z,0.1211730391
phase2_regularization,validation_metric,val/high_len_1_spectral_convergence,375000,2026-09-09T14:43:05.258738Z,0.1056828573
phase2_regularization,validation_metric,val/high_len_1_spectral_convergence,400000,2026-09-09T15:08:27.668573Z,0.1198861375
phase2_regularization,validation_metric,val/high_len_1_spectral_convergence,425000,2026-09-09T15:33:48.234686Z,0.1173583195
phase2_regularization,validation_metric,val/high_len_1_spectral_convergence,450000,2026-09-09T15:58:56.130740Z,0.116480276
phase2_regularization,validation_metric,val/high_len_1_spectral_convergence,475000,2026-09-09T16:24:00.291309Z,0.1138600335
phase2_regularization,validation_metric,val/high_len_1_spectral_convergence,500000,2026-09-09T16:49:15.983550Z,0.1115566641
phase2_regularization,validation_metric,val/high_len_1_spectral_convergence,525000,2026-09-09T17:18:55.519312Z,0.1137451977
phase2_regularization,validation_metric,val/high_len_1_spectral_convergence,550000,2026-09-09T17:49:24.046430Z,0.1225277036
phase2_regularization,validation_metric,val/high_len_1_spectral_convergence,575000,2026-09-09T18:18:55.264372Z,0.1165514067
phase2_regularization,validation_metric,val/high_len_1_spectral_convergence,600000,2026-09-09T18:44:24.243790Z,0.1151444539
phase2_regularization,validation_metric,val/high_len_1_spectral_convergence_gap_only,25000,2026-09-09T08:51:16.671037Z,0.630956471
phase2_regularization,validation_metric,val/high_len_1_spectral_convergence_gap_only,50000,2026-09-09T09:15:38.122483Z,0.6683810949
phase2_regularization,validation_metric,val/high_len_1_spectral_convergence_gap_only,75000,2026-09-09T09:40:21.287883Z,0.6386588812
phase2_regularization,validation_metric,val/high_len_1_spectral_convergence_gap_only,100000,2026-09-09T10:04:38.051791Z,0.7329139709
phase2_regularization,validation_metric,val/high_len_1_spectral_convergence_gap_only,125000,2026-09-09T10:28:58.665665Z,0.7012224197
phase2_regularization,validation_metric,val/high_len_1_spectral_convergence_gap_only,150000,2026-09-09T10:53:53.252417Z,0.6152527332
phase2_regularization,validation_metric,val/high_len_1_spectral_convergence_gap_only,175000,2026-09-09T11:19:42.640429Z,0.6554620266
phase2_regularization,validation_metric,val/high_len_1_spectral_convergence_gap_only,200000,2026-09-09T11:45:40.480485Z,0.70366925
phase2_regularization,validation_metric,val/high_len_1_spectral_convergence_gap_only,225000,2026-09-09T12:11:28.379419Z,0.6723952293
phase2_regularization,validation_metric,val/high_len_1_spectral_convergence_gap_only,250000,2026-09-09T12:37:15.767277Z,0.7811146379
phase2_regularization,validation_metric,val/high_len_1_spectral_convergence_gap_only,275000,2026-09-09T13:02:17.545837Z,0.6776558161
phase2_regularization,validation_metric,val/high_len_1_spectral_convergence_gap_only,300000,2026-09-09T13:26:50.458605Z,0.6960023642
phase2_regularization,validation_metric,val/high_len_1_spectral_convergence_gap_only,325000,2026-09-09T13:52:24.293678Z,0.6770672798
phase2_regularization,validation_metric,val/high_len_1_spectral_convergence_gap_only,350000,2026-09-09T14:17:40.297338Z,0.7342550159
phase2_regularization,validation_metric,val/high_len_1_spectral_convergence_gap_only,375000,2026-09-09T14:43:05.258751Z,0.6632512212
phase2_regularization,validation_metric,val/high_len_1_spectral_convergence_gap_only,400000,2026-09-09T15:08:27.668584Z,0.7513887286
phase2_regularization,validation_metric,val/high_len_1_spectral_convergence_gap_only,425000,2026-09-09T15:33:48.234699Z,0.7676838636
phase2_regularization,validation_metric,val/high_len_1_spectral_convergence_gap_only,450000,2026-09-09T15:58:56.130754Z,0.6866441369
phase2_regularization,validation_metric,val/high_len_1_spectral_convergence_gap_only,475000,2026-09-09T16:24:00.291322Z,0.7296189666
phase2_regularization,validation_metric,val/high_len_1_spectral_convergence_gap_only,500000,2026-09-09T16:49:15.983563Z,0.6553454995
phase2_regularization,validation_metric,val/high_len_1_spectral_convergence_gap_only,525000,2026-09-09T17:18:55.519325Z,0.6881074309
phase2_regularization,validation_metric,val/high_len_1_spectral_convergence_gap_only,550000,2026-09-09T17:49:24.046443Z,0.7360572815
phase2_regularization,validation_metric,val/high_len_1_spectral_convergence_gap_only,575000,2026-09-09T18:18:55.264384Z,0.7212384939
phase2_regularization,validation_metric,val/high_len_1_spectral_convergence_gap_only,600000,2026-09-09T18:44:24.243811Z,0.7219824195
phase2_regularization,validation_metric,val/high_len_2_acc_top1,25000,2026-09-09T08:51:15.715013Z,0
phase2_regularization,validation_metric,val/high_len_2_acc_top1,50000,2026-09-09T09:15:37.203936Z,0.015625
phase2_regularization,validation_metric,val/high_len_2_acc_top1,75000,2026-09-09T09:40:20.334729Z,0
phase2_regularization,validation_metric,val/high_len_2_acc_top1,100000,2026-09-09T10:04:37.128892Z,0.0078125
phase2_regularization,validation_metric,val/high_len_2_acc_top1,125000,2026-09-09T10:28:57.748505Z,0
phase2_regularization,validation_metric,val/high_len_2_acc_top1,150000,2026-09-09T10:53:52.298004Z,0.015625
phase2_regularization,validation_metric,val/high_len_2_acc_top1,175000,2026-09-09T11:19:41.674088Z,0.015625
phase2_regularization,validation_metric,val/high_len_2_acc_top1,200000,2026-09-09T11:45:39.538703Z,0.0078125
phase2_regularization,validation_metric,val/high_len_2_acc_top1,225000,2026-09-09T12:11:27.411856Z,0.0078125
phase2_regularization,validation_metric,val/high_len_2_acc_top1,250000,2026-09-09T12:37:14.824152Z,0
phase2_regularization,validation_metric,val/high_len_2_acc_top1,275000,2026-09-09T13:02:16.587207Z,0.015625
phase2_regularization,validation_metric,val/high_len_2_acc_top1,300000,2026-09-09T13:26:49.524255Z,0.015625
phase2_regularization,validation_metric,val/high_len_2_acc_top1,325000,2026-09-09T13:52:23.353483Z,0
phase2_regularization,validation_metric,val/high_len_2_acc_top1,350000,2026-09-09T14:17:39.370044Z,0.0234375
phase2_regularization,validation_metric,val/high_len_2_acc_top1,375000,2026-09-09T14:43:04.296133Z,0.015625
phase2_regularization,validation_metric,val/high_len_2_acc_top1,400000,2026-09-09T15:08:26.678178Z,0.0234375
phase2_regularization,validation_metric,val/high_len_2_acc_top1,425000,2026-09-09T15:33:47.290557Z,0.0234375
phase2_regularization,validation_metric,val/high_len_2_acc_top1,450000,2026-09-09T15:58:55.183324Z,0.015625
phase2_regularization,validation_metric,val/high_len_2_acc_top1,475000,2026-09-09T16:23:59.324532Z,0.0234375
phase2_regularization,validation_metric,val/high_len_2_acc_top1,500000,2026-09-09T16:49:15.026605Z,0.0234375
phase2_regularization,validation_metric,val/high_len_2_acc_top1,525000,2026-09-09T17:18:52.117663Z,0.03125
phase2_regularization,validation_metric,val/high_len_2_acc_top1,550000,2026-09-09T17:49:20.129658Z,0.0234375
phase2_regularization,validation_metric,val/high_len_2_acc_top1,575000,2026-09-09T18:18:54.307779Z,0.0078125
phase2_regularization,validation_metric,val/high_len_2_acc_top1,600000,2026-09-09T18:44:23.297080Z,0.0234375
phase2_regularization,validation_metric,val/high_len_2_acc_top5,25000,2026-09-09T08:51:15.715019Z,0.0390625
phase2_regularization,validation_metric,val/high_len_2_acc_top5,50000,2026-09-09T09:15:37.203942Z,0.046875
phase2_regularization,validation_metric,val/high_len_2_acc_top5,75000,2026-09-09T09:40:20.334735Z,0
phase2_regularization,validation_metric,val/high_len_2_acc_top5,100000,2026-09-09T10:04:37.128898Z,0.0234375
phase2_regularization,validation_metric,val/high_len_2_acc_top5,125000,2026-09-09T10:28:57.748511Z,0.0546875
phase2_regularization,validation_metric,val/high_len_2_acc_top5,150000,2026-09-09T10:53:52.298011Z,0.0390625
phase2_regularization,validation_metric,val/high_len_2_acc_top5,175000,2026-09-09T11:19:41.674095Z,0.078125
phase2_regularization,validation_metric,val/high_len_2_acc_top5,200000,2026-09-09T11:45:39.538710Z,0.0703125
phase2_regularization,validation_metric,val/high_len_2_acc_top5,225000,2026-09-09T12:11:27.411862Z,0.046875
phase2_regularization,validation_metric,val/high_len_2_acc_top5,250000,2026-09-09T12:37:14.824159Z,0.0234375
phase2_regularization,validation_metric,val/high_len_2_acc_top5,275000,2026-09-09T13:02:16.587229Z,0.0390625
phase2_regularization,validation_metric,val/high_len_2_acc_top5,300000,2026-09-09T13:26:49.524262Z,0.0546875
phase2_regularization,validation_metric,val/high_len_2_acc_top5,325000,2026-09-09T13:52:23.353490Z,0.0703125
phase2_regularization,validation_metric,val/high_len_2_acc_top5,350000,2026-09-09T14:17:39.370050Z,0.0859375
phase2_regularization,validation_metric,val/high_len_2_acc_top5,375000,2026-09-09T14:43:04.296140Z,0.0703125
phase2_regularization,validation_metric,val/high_len_2_acc_top5,400000,2026-09-09T15:08:26.678185Z,0.0703125
phase2_regularization,validation_metric,val/high_len_2_acc_top5,425000,2026-09-09T15:33:47.290564Z,0.03125
phase2_regularization,validation_metric,val/high_len_2_acc_top5,450000,2026-09-09T15:58:55.183331Z,0.0546875
phase2_regularization,validation_metric,val/high_len_2_acc_top5,475000,2026-09-09T16:23:59.324539Z,0.046875
phase2_regularization,validation_metric,val/high_len_2_acc_top5,500000,2026-09-09T16:49:15.026613Z,0.0390625
phase2_regularization,validation_metric,val/high_len_2_acc_top5,525000,2026-09-09T17:18:52.117673Z,0.046875
phase2_regularization,validation_metric,val/high_len_2_acc_top5,550000,2026-09-09T17:49:20.129667Z,0.0625
phase2_regularization,validation_metric,val/high_len_2_acc_top5,575000,2026-09-09T18:18:54.307808Z,0.0546875
phase2_regularization,validation_metric,val/high_len_2_acc_top5,600000,2026-09-09T18:44:23.297086Z,0.0546875
phase2_regularization,validation_metric,val/high_len_2_loss,25000,2026-09-09T08:51:15.714972Z,6.758178711
phase2_regularization,validation_metric,val/high_len_2_loss,50000,2026-09-09T09:15:37.203895Z,6.798095703
phase2_regularization,validation_metric,val/high_len_2_loss,75000,2026-09-09T09:40:20.334693Z,7.318145752
phase2_regularization,validation_metric,val/high_len_2_loss,100000,2026-09-09T10:04:37.128857Z,7.208511353
phase2_regularization,validation_metric,val/high_len_2_loss,125000,2026-09-09T10:28:57.748464Z,7.090988159
phase2_regularization,validation_metric,val/high_len_2_loss,150000,2026-09-09T10:53:52.297962Z,7.141616821
phase2_regularization,validation_metric,val/high_len_2_loss,175000,2026-09-09T11:19:41.674047Z,7.100830078
phase2_regularization,validation_metric,val/high_len_2_loss,200000,2026-09-09T11:45:39.538665Z,7.185760498
phase2_regularization,validation_metric,val/high_len_2_loss,225000,2026-09-09T12:11:27.411813Z,7.32624054
phase2_regularization,validation_metric,val/high_len_2_loss,250000,2026-09-09T12:37:14.824107Z,7.38230896
phase2_regularization,validation_metric,val/high_len_2_loss,275000,2026-09-09T13:02:16.587171Z,7.351036072
phase2_regularization,validation_metric,val/high_len_2_loss,300000,2026-09-09T13:26:49.524218Z,7.424694061
phase2_regularization,validation_metric,val/high_len_2_loss,325000,2026-09-09T13:52:23.353448Z,7.131958008
phase2_regularization,validation_metric,val/high_len_2_loss,350000,2026-09-09T14:17:39.370005Z,7.32824707
phase2_regularization,validation_metric,val/high_len_2_loss,375000,2026-09-09T14:43:04.296095Z,7.652832031
phase2_regularization,validation_metric,val/high_len_2_loss,400000,2026-09-09T15:08:26.678125Z,7.538684845
phase2_regularization,validation_metric,val/high_len_2_loss,425000,2026-09-09T15:33:47.290518Z,7.748149872
phase2_regularization,validation_metric,val/high_len_2_loss,450000,2026-09-09T15:58:55.183284Z,7.820037842
phase2_regularization,validation_metric,val/high_len_2_loss,475000,2026-09-09T16:23:59.324477Z,7.884056091
phase2_regularization,validation_metric,val/high_len_2_loss,500000,2026-09-09T16:49:15.026554Z,7.743392944
phase2_regularization,validation_metric,val/high_len_2_loss,525000,2026-09-09T17:18:52.117586Z,7.623771667
phase2_regularization,validation_metric,val/high_len_2_loss,550000,2026-09-09T17:49:20.129580Z,7.400413513
phase2_regularization,validation_metric,val/high_len_2_loss,575000,2026-09-09T18:18:54.307742Z,7.226264954
phase2_regularization,validation_metric,val/high_len_2_loss,600000,2026-09-09T18:44:23.297026Z,7.184288025
phase2_regularization,validation_metric,val/high_len_2_nll,25000,2026-09-09T08:51:15.714996Z,6.758178711
phase2_regularization,validation_metric,val/high_len_2_nll,50000,2026-09-09T09:15:37.203917Z,6.798095703
phase2_regularization,validation_metric,val/high_len_2_nll,75000,2026-09-09T09:40:20.334714Z,7.318145752
phase2_regularization,validation_metric,val/high_len_2_nll,100000,2026-09-09T10:04:37.128877Z,7.208511353
phase2_regularization,validation_metric,val/high_len_2_nll,125000,2026-09-09T10:28:57.748487Z,7.090988159
phase2_regularization,validation_metric,val/high_len_2_nll,150000,2026-09-09T10:53:52.297988Z,7.141616821
phase2_regularization,validation_metric,val/high_len_2_nll,175000,2026-09-09T11:19:41.674073Z,7.100830078
phase2_regularization,validation_metric,val/high_len_2_nll,200000,2026-09-09T11:45:39.538688Z,7.185760498
phase2_regularization,validation_metric,val/high_len_2_nll,225000,2026-09-09T12:11:27.411839Z,7.32624054
phase2_regularization,validation_metric,val/high_len_2_nll,250000,2026-09-09T12:37:14.824133Z,7.38230896
phase2_regularization,validation_metric,val/high_len_2_nll,275000,2026-09-09T13:02:16.587192Z,7.351036072
phase2_regularization,validation_metric,val/high_len_2_nll,300000,2026-09-09T13:26:49.524240Z,7.424694061
phase2_regularization,validation_metric,val/high_len_2_nll,325000,2026-09-09T13:52:23.353468Z,7.131958008
phase2_regularization,validation_metric,val/high_len_2_nll,350000,2026-09-09T14:17:39.370028Z,7.32824707
phase2_regularization,validation_metric,val/high_len_2_nll,375000,2026-09-09T14:43:04.296118Z,7.652832031
phase2_regularization,validation_metric,val/high_len_2_nll,400000,2026-09-09T15:08:26.678146Z,7.538684845
phase2_regularization,validation_metric,val/high_len_2_nll,425000,2026-09-09T15:33:47.290541Z,7.748149872
phase2_regularization,validation_metric,val/high_len_2_nll,450000,2026-09-09T15:58:55.183308Z,7.820037842
phase2_regularization,validation_metric,val/high_len_2_nll,475000,2026-09-09T16:23:59.324500Z,7.884056091
phase2_regularization,validation_metric,val/high_len_2_nll,500000,2026-09-09T16:49:15.026584Z,7.743392944
phase2_regularization,validation_metric,val/high_len_2_nll,525000,2026-09-09T17:18:52.117640Z,7.623771667
phase2_regularization,validation_metric,val/high_len_2_nll,550000,2026-09-09T17:49:20.129635Z,7.400413513
phase2_regularization,validation_metric,val/high_len_2_nll,575000,2026-09-09T18:18:54.307763Z,7.226264954
phase2_regularization,validation_metric,val/high_len_2_nll,600000,2026-09-09T18:44:23.297049Z,7.184288025
phase2_regularization,validation_metric,val/high_len_2_ppl,25000,2026-09-09T08:51:15.715005Z,861.0725098
phase2_regularization,validation_metric,val/high_len_2_ppl,50000,2026-09-09T09:15:37.203928Z,896.1391602
phase2_regularization,validation_metric,val/high_len_2_ppl,75000,2026-09-09T09:40:20.334722Z,1507.40625
phase2_regularization,validation_metric,val/high_len_2_ppl,100000,2026-09-09T10:04:37.128885Z,1350.879761
phase2_regularization,validation_metric,val/high_len_2_ppl,125000,2026-09-09T10:28:57.748498Z,1201.094116
phase2_regularization,validation_metric,val/high_len_2_ppl,150000,2026-09-09T10:53:52.297997Z,1263.469482
phase2_regularization,validation_metric,val/high_len_2_ppl,175000,2026-09-09T11:19:41.674081Z,1212.973511
phase2_regularization,validation_metric,val/high_len_2_ppl,200000,2026-09-09T11:45:39.538696Z,1320.493042
phase2_regularization,validation_metric,val/high_len_2_ppl,225000,2026-09-09T12:11:27.411848Z,1519.657959
phase2_regularization,validation_metric,val/high_len_2_ppl,250000,2026-09-09T12:37:14.824145Z,1607.296631
phase2_regularization,validation_metric,val/high_len_2_ppl,275000,2026-09-09T13:02:16.587200Z,1557.809692
phase2_regularization,validation_metric,val/high_len_2_ppl,300000,2026-09-09T13:26:49.524248Z,1676.886475
phase2_regularization,validation_metric,val/high_len_2_ppl,325000,2026-09-09T13:52:23.353477Z,1251.324707
phase2_regularization,validation_metric,val/high_len_2_ppl,350000,2026-09-09T14:17:39.370036Z,1522.710205
phase2_regularization,validation_metric,val/high_len_2_ppl,375000,2026-09-09T14:43:04.296126Z,2106.603027
phase2_regularization,validation_metric,val/high_len_2_ppl,400000,2026-09-09T15:08:26.678154Z,1879.356812
phase2_regularization,validation_metric,val/high_len_2_ppl,425000,2026-09-09T15:33:47.290550Z,2317.28125
phase2_regularization,validation_metric,val/high_len_2_ppl,450000,2026-09-09T15:58:55.183316Z,2489.999512
phase2_regularization,validation_metric,val/high_len_2_ppl,475000,2026-09-09T16:23:59.324509Z,2654.618164
phase2_regularization,validation_metric,val/high_len_2_ppl,500000,2026-09-09T16:49:15.026596Z,2306.28418
phase2_regularization,validation_metric,val/high_len_2_ppl,525000,2026-09-09T17:18:52.117652Z,2046.265381
phase2_regularization,validation_metric,val/high_len_2_ppl,550000,2026-09-09T17:49:20.129647Z,1636.661011
phase2_regularization,validation_metric,val/high_len_2_ppl,575000,2026-09-09T18:18:54.307772Z,1375.076904
phase2_regularization,validation_metric,val/high_len_2_ppl,600000,2026-09-09T18:44:23.297057Z,1318.550171
phase2_regularization,validation_metric,val/high_len_2_si_sdr_db,25000,2026-09-09T08:51:17.331390Z,9.909050941
phase2_regularization,validation_metric,val/high_len_2_si_sdr_db,50000,2026-09-09T09:15:38.792443Z,10.80157852
phase2_regularization,validation_metric,val/high_len_2_si_sdr_db,75000,2026-09-09T09:40:21.966766Z,10.954813
phase2_regularization,validation_metric,val/high_len_2_si_sdr_db,100000,2026-09-09T10:04:38.721700Z,10.18329811
phase2_regularization,validation_metric,val/high_len_2_si_sdr_db,125000,2026-09-09T10:28:59.337589Z,10.16223907
phase2_regularization,validation_metric,val/high_len_2_si_sdr_db,150000,2026-09-09T10:53:53.954289Z,11.3439188
phase2_regularization,validation_metric,val/high_len_2_si_sdr_db,175000,2026-09-09T11:19:43.327261Z,11.10757446
phase2_regularization,validation_metric,val/high_len_2_si_sdr_db,200000,2026-09-09T11:45:41.160873Z,11.60191917
phase2_regularization,validation_metric,val/high_len_2_si_sdr_db,225000,2026-09-09T12:11:29.069915Z,11.41485596
phase2_regularization,validation_metric,val/high_len_2_si_sdr_db,250000,2026-09-09T12:37:16.451343Z,11.7486887
phase2_regularization,validation_metric,val/high_len_2_si_sdr_db,275000,2026-09-09T13:02:18.212823Z,10.70035458
phase2_regularization,validation_metric,val/high_len_2_si_sdr_db,300000,2026-09-09T13:26:51.138213Z,11.17788219
phase2_regularization,validation_metric,val/high_len_2_si_sdr_db,325000,2026-09-09T13:52:24.985187Z,10.66523457
phase2_regularization,validation_metric,val/high_len_2_si_sdr_db,350000,2026-09-09T14:17:40.983697Z,10.91357327
phase2_regularization,validation_metric,val/high_len_2_si_sdr_db,375000,2026-09-09T14:43:05.935979Z,10.40841007
phase2_regularization,validation_metric,val/high_len_2_si_sdr_db,400000,2026-09-09T15:08:28.338533Z,11.04000282
phase2_regularization,validation_metric,val/high_len_2_si_sdr_db,425000,2026-09-09T15:33:48.912874Z,10.85606289
phase2_regularization,validation_metric,val/high_len_2_si_sdr_db,450000,2026-09-09T15:58:56.797547Z,11.15614223
phase2_regularization,validation_metric,val/high_len_2_si_sdr_db,475000,2026-09-09T16:24:00.967044Z,10.42082119
phase2_regularization,validation_metric,val/high_len_2_si_sdr_db,500000,2026-09-09T16:49:16.679426Z,10.7191124
phase2_regularization,validation_metric,val/high_len_2_si_sdr_db,525000,2026-09-09T17:18:58.862185Z,10.99630165
phase2_regularization,validation_metric,val/high_len_2_si_sdr_db,550000,2026-09-09T17:49:26.789220Z,10.5982008
phase2_regularization,validation_metric,val/high_len_2_si_sdr_db,575000,2026-09-09T18:18:55.946661Z,10.31524086
phase2_regularization,validation_metric,val/high_len_2_si_sdr_db,600000,2026-09-09T18:44:24.921095Z,10.44537258
phase2_regularization,validation_metric,val/high_len_2_si_sdr_db_gap_only,25000,2026-09-09T08:51:17.331436Z,-17.53627586
phase2_regularization,validation_metric,val/high_len_2_si_sdr_db_gap_only,50000,2026-09-09T09:15:38.792484Z,-17.7553196
phase2_regularization,validation_metric,val/high_len_2_si_sdr_db_gap_only,75000,2026-09-09T09:40:21.966815Z,-17.85787964
phase2_regularization,validation_metric,val/high_len_2_si_sdr_db_gap_only,100000,2026-09-09T10:04:38.721744Z,-12.59674644
phase2_regularization,validation_metric,val/high_len_2_si_sdr_db_gap_only,125000,2026-09-09T10:28:59.337627Z,-17.29776573
phase2_regularization,validation_metric,val/high_len_2_si_sdr_db_gap_only,150000,2026-09-09T10:53:53.954331Z,-11.17009068
phase2_regularization,validation_metric,val/high_len_2_si_sdr_db_gap_only,175000,2026-09-09T11:19:43.327299Z,-13.95049381
phase2_regularization,validation_metric,val/high_len_2_si_sdr_db_gap_only,200000,2026-09-09T11:45:41.160919Z,-14.96929455
phase2_regularization,validation_metric,val/high_len_2_si_sdr_db_gap_only,225000,2026-09-09T12:11:29.069956Z,-15.02304935
phase2_regularization,validation_metric,val/high_len_2_si_sdr_db_gap_only,250000,2026-09-09T12:37:16.451385Z,-11.37544537
phase2_regularization,validation_metric,val/high_len_2_si_sdr_db_gap_only,275000,2026-09-09T13:02:18.212867Z,-17.65114784
phase2_regularization,validation_metric,val/high_len_2_si_sdr_db_gap_only,300000,2026-09-09T13:26:51.138256Z,-15.12736988
phase2_regularization,validation_metric,val/high_len_2_si_sdr_db_gap_only,325000,2026-09-09T13:52:24.985230Z,-14.41950893
phase2_regularization,validation_metric,val/high_len_2_si_sdr_db_gap_only,350000,2026-09-09T14:17:40.983737Z,-12.09887409
phase2_regularization,validation_metric,val/high_len_2_si_sdr_db_gap_only,375000,2026-09-09T14:43:05.936027Z,-14.48720551
phase2_regularization,validation_metric,val/high_len_2_si_sdr_db_gap_only,400000,2026-09-09T15:08:28.338576Z,-11.37739754
phase2_regularization,validation_metric,val/high_len_2_si_sdr_db_gap_only,425000,2026-09-09T15:33:48.912915Z,-15.34349155
phase2_regularization,validation_metric,val/high_len_2_si_sdr_db_gap_only,450000,2026-09-09T15:58:56.797591Z,-20.3480072
phase2_regularization,validation_metric,val/high_len_2_si_sdr_db_gap_only,475000,2026-09-09T16:24:00.967093Z,-21.83425522
phase2_regularization,validation_metric,val/high_len_2_si_sdr_db_gap_only,500000,2026-09-09T16:49:16.679471Z,-14.45385647
phase2_regularization,validation_metric,val/high_len_2_si_sdr_db_gap_only,525000,2026-09-09T17:18:58.862235Z,-17.18062401
phase2_regularization,validation_metric,val/high_len_2_si_sdr_db_gap_only,550000,2026-09-09T17:49:26.789278Z,-16.4341259
phase2_regularization,validation_metric,val/high_len_2_si_sdr_db_gap_only,575000,2026-09-09T18:18:55.946703Z,-22.2960701
phase2_regularization,validation_metric,val/high_len_2_si_sdr_db_gap_only,600000,2026-09-09T18:44:24.921133Z,-20.15984344
phase2_regularization,validation_metric,val/high_len_2_spectral_convergence,25000,2026-09-09T08:51:17.331457Z,0.2062815875
phase2_regularization,validation_metric,val/high_len_2_spectral_convergence,50000,2026-09-09T09:15:38.792498Z,0.1859304905
phase2_regularization,validation_metric,val/high_len_2_spectral_convergence,75000,2026-09-09T09:40:21.966830Z,0.1990731061
phase2_regularization,validation_metric,val/high_len_2_spectral_convergence,100000,2026-09-09T10:04:38.721759Z,0.2392207086
phase2_regularization,validation_metric,val/high_len_2_spectral_convergence,125000,2026-09-09T10:28:59.337642Z,0.2079293579
phase2_regularization,validation_metric,val/high_len_2_spectral_convergence,150000,2026-09-09T10:53:53.954346Z,0.1833008528
phase2_regularization,validation_metric,val/high_len_2_spectral_convergence,175000,2026-09-09T11:19:43.327313Z,0.1901074648
phase2_regularization,validation_metric,val/high_len_2_spectral_convergence,200000,2026-09-09T11:45:41.160934Z,0.1754792035
phase2_regularization,validation_metric,val/high_len_2_spectral_convergence,225000,2026-09-09T12:11:29.069972Z,0.1755402684
phase2_regularization,validation_metric,val/high_len_2_spectral_convergence,250000,2026-09-09T12:37:16.451400Z,0.177222833
phase2_regularization,validation_metric,val/high_len_2_spectral_convergence,275000,2026-09-09T13:02:18.212881Z,0.1849479973
phase2_regularization,validation_metric,val/high_len_2_spectral_convergence,300000,2026-09-09T13:26:51.138272Z,0.1901646256
phase2_regularization,validation_metric,val/high_len_2_spectral_convergence,325000,2026-09-09T13:52:24.985245Z,0.1839283556
phase2_regularization,validation_metric,val/high_len_2_spectral_convergence,350000,2026-09-09T14:17:40.983752Z,0.1880467236
phase2_regularization,validation_metric,val/high_len_2_spectral_convergence,375000,2026-09-09T14:43:05.936044Z,0.1888682842
phase2_regularization,validation_metric,val/high_len_2_spectral_convergence,400000,2026-09-09T15:08:28.338591Z,0.1894869655
phase2_regularization,validation_metric,val/high_len_2_spectral_convergence,425000,2026-09-09T15:33:48.912930Z,0.185761407
phase2_regularization,validation_metric,val/high_len_2_spectral_convergence,450000,2026-09-09T15:58:56.797606Z,0.1827250868
phase2_regularization,validation_metric,val/high_len_2_spectral_convergence,475000,2026-09-09T16:24:00.967113Z,0.2031021565
phase2_regularization,validation_metric,val/high_len_2_spectral_convergence,500000,2026-09-09T16:49:16.679486Z,0.1968273818
phase2_regularization,validation_metric,val/high_len_2_spectral_convergence,525000,2026-09-09T17:18:58.862250Z,0.1811327636
phase2_regularization,validation_metric,val/high_len_2_spectral_convergence,550000,2026-09-09T17:49:26.789293Z,0.1908460557
phase2_regularization,validation_metric,val/high_len_2_spectral_convergence,575000,2026-09-09T18:18:55.946718Z,0.199538216
phase2_regularization,validation_metric,val/high_len_2_spectral_convergence,600000,2026-09-09T18:44:24.921146Z,0.1967808008
phase2_regularization,validation_metric,val/high_len_2_spectral_convergence_gap_only,25000,2026-09-09T08:51:17.331472Z,0.9292181134
phase2_regularization,validation_metric,val/high_len_2_spectral_convergence_gap_only,50000,2026-09-09T09:15:38.792512Z,0.8037600517
phase2_regularization,validation_metric,val/high_len_2_spectral_convergence_gap_only,75000,2026-09-09T09:40:21.966843Z,0.8622983694
phase2_regularization,validation_metric,val/high_len_2_spectral_convergence_gap_only,100000,2026-09-09T10:04:38.721772Z,1.013846636
phase2_regularization,validation_metric,val/high_len_2_spectral_convergence_gap_only,125000,2026-09-09T10:28:59.337655Z,0.9694633484
phase2_regularization,validation_metric,val/high_len_2_spectral_convergence_gap_only,150000,2026-09-09T10:53:53.954360Z,0.7837421894
phase2_regularization,validation_metric,val/high_len_2_spectral_convergence_gap_only,175000,2026-09-09T11:19:43.327327Z,0.8081910014
phase2_regularization,validation_metric,val/high_len_2_spectral_convergence_gap_only,200000,2026-09-09T11:45:41.160947Z,0.7935013175
phase2_regularization,validation_metric,val/high_len_2_spectral_convergence_gap_only,225000,2026-09-09T12:11:29.069984Z,0.8121805191
phase2_regularization,validation_metric,val/high_len_2_spectral_convergence_gap_only,250000,2026-09-09T12:37:16.451413Z,0.7746898532
phase2_regularization,validation_metric,val/high_len_2_spectral_convergence_gap_only,275000,2026-09-09T13:02:18.212894Z,0.8491249681
phase2_regularization,validation_metric,val/high_len_2_spectral_convergence_gap_only,300000,2026-09-09T13:26:51.138285Z,0.8634939194
phase2_regularization,validation_metric,val/high_len_2_spectral_convergence_gap_only,325000,2026-09-09T13:52:24.985257Z,0.8396657705
phase2_regularization,validation_metric,val/high_len_2_spectral_convergence_gap_only,350000,2026-09-09T14:17:40.983764Z,0.8284075856
phase2_regularization,validation_metric,val/high_len_2_spectral_convergence_gap_only,375000,2026-09-09T14:43:05.936058Z,0.8203197718
phase2_regularization,validation_metric,val/high_len_2_spectral_convergence_gap_only,400000,2026-09-09T15:08:28.338604Z,0.8408652544
phase2_regularization,validation_metric,val/high_len_2_spectral_convergence_gap_only,425000,2026-09-09T15:33:48.912943Z,0.8197341561
phase2_regularization,validation_metric,val/high_len_2_spectral_convergence_gap_only,450000,2026-09-09T15:58:56.797619Z,0.8227260709
phase2_regularization,validation_metric,val/high_len_2_spectral_convergence_gap_only,475000,2026-09-09T16:24:00.967130Z,0.8879715204
phase2_regularization,validation_metric,val/high_len_2_spectral_convergence_gap_only,500000,2026-09-09T16:49:16.679499Z,0.8495537639
phase2_regularization,validation_metric,val/high_len_2_spectral_convergence_gap_only,525000,2026-09-09T17:18:58.862262Z,0.8209174871
phase2_regularization,validation_metric,val/high_len_2_spectral_convergence_gap_only,550000,2026-09-09T17:49:26.789305Z,0.8296093345
phase2_regularization,validation_metric,val/high_len_2_spectral_convergence_gap_only,575000,2026-09-09T18:18:55.946730Z,0.894141078
phase2_regularization,validation_metric,val/high_len_2_spectral_convergence_gap_only,600000,2026-09-09T18:44:24.921157Z,0.8831296563
phase2_regularization,validation_metric,val/high_len_3_acc_top1,25000,2026-09-09T08:51:15.729930Z,0.005208333489
phase2_regularization,validation_metric,val/high_len_3_acc_top1,50000,2026-09-09T09:15:37.217854Z,0
phase2_regularization,validation_metric,val/high_len_3_acc_top1,75000,2026-09-09T09:40:20.349231Z,0.005208333489
phase2_regularization,validation_metric,val/high_len_3_acc_top1,100000,2026-09-09T10:04:37.142950Z,0.005208333489
phase2_regularization,validation_metric,val/high_len_3_acc_top1,125000,2026-09-09T10:28:57.762584Z,0.005208333489
phase2_regularization,validation_metric,val/high_len_3_acc_top1,150000,2026-09-09T10:53:52.312720Z,0.01041666698
phase2_regularization,validation_metric,val/high_len_3_acc_top1,175000,2026-09-09T11:19:41.688776Z,0.015625
phase2_regularization,validation_metric,val/high_len_3_acc_top1,200000,2026-09-09T11:45:39.554276Z,0.015625
phase2_regularization,validation_metric,val/high_len_3_acc_top1,225000,2026-09-09T12:11:27.426957Z,0.02083333395
phase2_regularization,validation_metric,val/high_len_3_acc_top1,250000,2026-09-09T12:37:14.838487Z,0.01041666698
phase2_regularization,validation_metric,val/high_len_3_acc_top1,275000,2026-09-09T13:02:16.601484Z,0.01041666698
phase2_regularization,validation_metric,val/high_len_3_acc_top1,300000,2026-09-09T13:26:49.538726Z,0.02083333395
phase2_regularization,validation_metric,val/high_len_3_acc_top1,325000,2026-09-09T13:52:23.367928Z,0.01041666698
phase2_regularization,validation_metric,val/high_len_3_acc_top1,350000,2026-09-09T14:17:39.384561Z,0.02083333395
phase2_regularization,validation_metric,val/high_len_3_acc_top1,375000,2026-09-09T14:43:04.310673Z,0.015625
phase2_regularization,validation_metric,val/high_len_3_acc_top1,400000,2026-09-09T15:08:26.708266Z,0.005208333489
phase2_regularization,validation_metric,val/high_len_3_acc_top1,425000,2026-09-09T15:33:47.319077Z,0.015625
phase2_regularization,validation_metric,val/high_len_3_acc_top1,450000,2026-09-09T15:58:55.197670Z,0.01041666698
phase2_regularization,validation_metric,val/high_len_3_acc_top1,475000,2026-09-09T16:23:59.339105Z,0.015625
phase2_regularization,validation_metric,val/high_len_3_acc_top1,500000,2026-09-09T16:49:15.042087Z,0.02083333395
phase2_regularization,validation_metric,val/high_len_3_acc_top1,525000,2026-09-09T17:18:52.137293Z,0.02083333395
phase2_regularization,validation_metric,val/high_len_3_acc_top1,550000,2026-09-09T17:49:20.148235Z,0.02083333395
phase2_regularization,validation_metric,val/high_len_3_acc_top1,575000,2026-09-09T18:18:54.322223Z,0.02083333395
phase2_regularization,validation_metric,val/high_len_3_acc_top1,600000,2026-09-09T18:44:23.311737Z,0.02604166791
phase2_regularization,validation_metric,val/high_len_3_acc_top5,25000,2026-09-09T08:51:15.729937Z,0.046875
phase2_regularization,validation_metric,val/high_len_3_acc_top5,50000,2026-09-09T09:15:37.217860Z,0.0625
phase2_regularization,validation_metric,val/high_len_3_acc_top5,75000,2026-09-09T09:40:20.349237Z,0.03645833582
phase2_regularization,validation_metric,val/high_len_3_acc_top5,100000,2026-09-09T10:04:37.142973Z,0.04166666791
phase2_regularization,validation_metric,val/high_len_3_acc_top5,125000,2026-09-09T10:28:57.762591Z,0.03125
phase2_regularization,validation_metric,val/high_len_3_acc_top5,150000,2026-09-09T10:53:52.312727Z,0.03645833582
phase2_regularization,validation_metric,val/high_len_3_acc_top5,175000,2026-09-09T11:19:41.688783Z,0.0625
phase2_regularization,validation_metric,val/high_len_3_acc_top5,200000,2026-09-09T11:45:39.554282Z,0.05208333582
phase2_regularization,validation_metric,val/high_len_3_acc_top5,225000,2026-09-09T12:11:27.426963Z,0.04166666791
phase2_regularization,validation_metric,val/high_len_3_acc_top5,250000,2026-09-09T12:37:14.838493Z,0.046875
phase2_regularization,validation_metric,val/high_len_3_acc_top5,275000,2026-09-09T13:02:16.601506Z,0.03125
phase2_regularization,validation_metric,val/high_len_3_acc_top5,300000,2026-09-09T13:26:49.538733Z,0.05208333582
phase2_regularization,validation_metric,val/high_len_3_acc_top5,325000,2026-09-09T13:52:23.367934Z,0.04166666791
phase2_regularization,validation_metric,val/high_len_3_acc_top5,350000,2026-09-09T14:17:39.384567Z,0.02604166791
phase2_regularization,validation_metric,val/high_len_3_acc_top5,375000,2026-09-09T14:43:04.310680Z,0.03125
phase2_regularization,validation_metric,val/high_len_3_acc_top5,400000,2026-09-09T15:08:26.708276Z,0.02083333395
phase2_regularization,validation_metric,val/high_len_3_acc_top5,425000,2026-09-09T15:33:47.319087Z,0.03645833582
phase2_regularization,validation_metric,val/high_len_3_acc_top5,450000,2026-09-09T15:58:55.197676Z,0.03125
phase2_regularization,validation_metric,val/high_len_3_acc_top5,475000,2026-09-09T16:23:59.339111Z,0.04166666791
phase2_regularization,validation_metric,val/high_len_3_acc_top5,500000,2026-09-09T16:49:15.042094Z,0.02604166791
phase2_regularization,validation_metric,val/high_len_3_acc_top5,525000,2026-09-09T17:18:52.137303Z,0.046875
phase2_regularization,validation_metric,val/high_len_3_acc_top5,550000,2026-09-09T17:49:20.148243Z,0.04166666791
phase2_regularization,validation_metric,val/high_len_3_acc_top5,575000,2026-09-09T18:18:54.322230Z,0.046875
phase2_regularization,validation_metric,val/high_len_3_acc_top5,600000,2026-09-09T18:44:23.311744Z,0.04166666791
phase2_regularization,validation_metric,val/high_len_3_loss,25000,2026-09-09T08:51:15.729876Z,6.560760498
phase2_regularization,validation_metric,val/high_len_3_loss,50000,2026-09-09T09:15:37.217813Z,6.728118896
phase2_regularization,validation_metric,val/high_len_3_loss,75000,2026-09-09T09:40:20.349195Z,6.98165369
phase2_regularization,validation_metric,val/high_len_3_loss,100000,2026-09-09T10:04:37.142915Z,7.147695065
phase2_regularization,validation_metric,val/high_len_3_loss,125000,2026-09-09T10:28:57.762543Z,7.319839478
phase2_regularization,validation_metric,val/high_len_3_loss,150000,2026-09-09T10:53:52.312680Z,7.231424809
phase2_regularization,validation_metric,val/high_len_3_loss,175000,2026-09-09T11:19:41.688736Z,7.281230927
phase2_regularization,validation_metric,val/high_len_3_loss,200000,2026-09-09T11:45:39.554235Z,7.311612606
phase2_regularization,validation_metric,val/high_len_3_loss,225000,2026-09-09T12:11:27.426917Z,7.258712769
phase2_regularization,validation_metric,val/high_len_3_loss,250000,2026-09-09T12:37:14.838444Z,7.180652618
phase2_regularization,validation_metric,val/high_len_3_loss,275000,2026-09-09T13:02:16.601450Z,7.26594305
phase2_regularization,validation_metric,val/high_len_3_loss,300000,2026-09-09T13:26:49.538687Z,7.200035095
phase2_regularization,validation_metric,val/high_len_3_loss,325000,2026-09-09T13:52:23.367895Z,7.458165646
phase2_regularization,validation_metric,val/high_len_3_loss,350000,2026-09-09T14:17:39.384525Z,7.468681335
phase2_regularization,validation_metric,val/high_len_3_loss,375000,2026-09-09T14:43:04.310637Z,7.521024227
phase2_regularization,validation_metric,val/high_len_3_loss,400000,2026-09-09T15:08:26.708217Z,7.481243134
phase2_regularization,validation_metric,val/high_len_3_loss,425000,2026-09-09T15:33:47.319016Z,7.540171146
phase2_regularization,validation_metric,val/high_len_3_loss,450000,2026-09-09T15:58:55.197633Z,7.636940002
phase2_regularization,validation_metric,val/high_len_3_loss,475000,2026-09-09T16:23:59.339068Z,7.446904659
phase2_regularization,validation_metric,val/high_len_3_loss,500000,2026-09-09T16:49:15.042044Z,7.427257538
phase2_regularization,validation_metric,val/high_len_3_loss,525000,2026-09-09T17:18:52.137221Z,7.36680603
phase2_regularization,validation_metric,val/high_len_3_loss,550000,2026-09-09T17:49:20.148161Z,7.189711094
phase2_regularization,validation_metric,val/high_len_3_loss,575000,2026-09-09T18:18:54.322186Z,7.076647282
phase2_regularization,validation_metric,val/high_len_3_loss,600000,2026-09-09T18:44:23.311697Z,6.99980402
phase2_regularization,validation_metric,val/high_len_3_nll,25000,2026-09-09T08:51:15.729899Z,6.560760498
phase2_regularization,validation_metric,val/high_len_3_nll,50000,2026-09-09T09:15:37.217835Z,6.728118896
phase2_regularization,validation_metric,val/high_len_3_nll,75000,2026-09-09T09:40:20.349215Z,6.98165369
phase2_regularization,validation_metric,val/high_len_3_nll,100000,2026-09-09T10:04:37.142935Z,7.147695065
phase2_regularization,validation_metric,val/high_len_3_nll,125000,2026-09-09T10:28:57.762566Z,7.319839478
phase2_regularization,validation_metric,val/high_len_3_nll,150000,2026-09-09T10:53:52.312705Z,7.231424809
phase2_regularization,validation_metric,val/high_len_3_nll,175000,2026-09-09T11:19:41.688759Z,7.281230927
phase2_regularization,validation_metric,val/high_len_3_nll,200000,2026-09-09T11:45:39.554260Z,7.311612606
phase2_regularization,validation_metric,val/high_len_3_nll,225000,2026-09-09T12:11:27.426941Z,7.258712769
phase2_regularization,validation_metric,val/high_len_3_nll,250000,2026-09-09T12:37:14.838467Z,7.180652618
phase2_regularization,validation_metric,val/high_len_3_nll,275000,2026-09-09T13:02:16.601470Z,7.26594305
phase2_regularization,validation_metric,val/high_len_3_nll,300000,2026-09-09T13:26:49.538711Z,7.200035095
phase2_regularization,validation_metric,val/high_len_3_nll,325000,2026-09-09T13:52:23.367913Z,7.458165646
phase2_regularization,validation_metric,val/high_len_3_nll,350000,2026-09-09T14:17:39.384545Z,7.468681335
phase2_regularization,validation_metric,val/high_len_3_nll,375000,2026-09-09T14:43:04.310658Z,7.521024227
phase2_regularization,validation_metric,val/high_len_3_nll,400000,2026-09-09T15:08:26.708245Z,7.481243134
phase2_regularization,validation_metric,val/high_len_3_nll,425000,2026-09-09T15:33:47.319048Z,7.540171146
phase2_regularization,validation_metric,val/high_len_3_nll,450000,2026-09-09T15:58:55.197655Z,7.636940002
phase2_regularization,validation_metric,val/high_len_3_nll,475000,2026-09-09T16:23:59.339089Z,7.446904659
phase2_regularization,validation_metric,val/high_len_3_nll,500000,2026-09-09T16:49:15.042071Z,7.427257538
phase2_regularization,validation_metric,val/high_len_3_nll,525000,2026-09-09T17:18:52.137270Z,7.36680603
phase2_regularization,validation_metric,val/high_len_3_nll,550000,2026-09-09T17:49:20.148213Z,7.189711094
phase2_regularization,validation_metric,val/high_len_3_nll,575000,2026-09-09T18:18:54.322207Z,7.076647282
phase2_regularization,validation_metric,val/high_len_3_nll,600000,2026-09-09T18:44:23.311722Z,6.99980402
phase2_regularization,validation_metric,val/high_len_3_ppl,25000,2026-09-09T08:51:15.729908Z,706.809021
phase2_regularization,validation_metric,val/high_len_3_ppl,50000,2026-09-09T09:15:37.217845Z,835.5739746
phase2_regularization,validation_metric,val/high_len_3_ppl,75000,2026-09-09T09:40:20.349223Z,1076.697388
phase2_regularization,validation_metric,val/high_len_3_ppl,100000,2026-09-09T10:04:37.142943Z,1271.172607
phase2_regularization,validation_metric,val/high_len_3_ppl,125000,2026-09-09T10:28:57.762577Z,1509.961548
phase2_regularization,validation_metric,val/high_len_3_ppl,150000,2026-09-09T10:53:52.312713Z,1382.19043
phase2_regularization,validation_metric,val/high_len_3_ppl,175000,2026-09-09T11:19:41.688768Z,1452.775146
phase2_regularization,validation_metric,val/high_len_3_ppl,200000,2026-09-09T11:45:39.554268Z,1497.59021
phase2_regularization,validation_metric,val/high_len_3_ppl,225000,2026-09-09T12:11:27.426949Z,1420.427002
phase2_regularization,validation_metric,val/high_len_3_ppl,250000,2026-09-09T12:37:14.838479Z,1313.765381
phase2_regularization,validation_metric,val/high_len_3_ppl,275000,2026-09-09T13:02:16.601477Z,1430.734253
phase2_regularization,validation_metric,val/high_len_3_ppl,300000,2026-09-09T13:26:49.538719Z,1339.477783
phase2_regularization,validation_metric,val/high_len_3_ppl,325000,2026-09-09T13:52:23.367921Z,1733.964478
phase2_regularization,validation_metric,val/high_len_3_ppl,350000,2026-09-09T14:17:39.384554Z,1752.294434
phase2_regularization,validation_metric,val/high_len_3_ppl,375000,2026-09-09T14:43:04.310666Z,1846.45752
phase2_regularization,validation_metric,val/high_len_3_ppl,400000,2026-09-09T15:08:26.708256Z,1774.445312
phase2_regularization,validation_metric,val/high_len_3_ppl,425000,2026-09-09T15:33:47.319066Z,1882.1521
phase2_regularization,validation_metric,val/high_len_3_ppl,450000,2026-09-09T15:58:55.197663Z,2073.389648
phase2_regularization,validation_metric,val/high_len_3_ppl,475000,2026-09-09T16:23:59.339098Z,1714.547852
phase2_regularization,validation_metric,val/high_len_3_ppl,500000,2026-09-09T16:49:15.042080Z,1681.190674
phase2_regularization,validation_metric,val/high_len_3_ppl,525000,2026-09-09T17:18:52.137283Z,1582.571045
phase2_regularization,validation_metric,val/high_len_3_ppl,550000,2026-09-09T17:49:20.148224Z,1325.720093
phase2_regularization,validation_metric,val/high_len_3_ppl,575000,2026-09-09T18:18:54.322216Z,1183.99231
phase2_regularization,validation_metric,val/high_len_3_ppl,600000,2026-09-09T18:44:23.311730Z,1096.418213
phase2_regularization,validation_metric,val/high_len_3_si_sdr_db,25000,2026-09-09T08:51:18.170086Z,8.399136543
phase2_regularization,validation_metric,val/high_len_3_si_sdr_db,50000,2026-09-09T09:15:39.641677Z,9.109719276
phase2_regularization,validation_metric,val/high_len_3_si_sdr_db,75000,2026-09-09T09:40:22.813320Z,8.806142807
phase2_regularization,validation_metric,val/high_len_3_si_sdr_db,100000,2026-09-09T10:04:39.564810Z,8.830592155
phase2_regularization,validation_metric,val/high_len_3_si_sdr_db,125000,2026-09-09T10:29:00.177713Z,8.7554245
phase2_regularization,validation_metric,val/high_len_3_si_sdr_db,150000,2026-09-09T10:53:54.847609Z,7.751760483
phase2_regularization,validation_metric,val/high_len_3_si_sdr_db,175000,2026-09-09T11:19:44.223287Z,9.422142982
phase2_regularization,validation_metric,val/high_len_3_si_sdr_db,200000,2026-09-09T11:45:42.023186Z,8.625021935
phase2_regularization,validation_metric,val/high_len_3_si_sdr_db,225000,2026-09-09T12:11:29.935536Z,8.819636345
phase2_regularization,validation_metric,val/high_len_3_si_sdr_db,250000,2026-09-09T12:37:17.326941Z,9.154540062
phase2_regularization,validation_metric,val/high_len_3_si_sdr_db,275000,2026-09-09T13:02:19.071327Z,9.205836296
phase2_regularization,validation_metric,val/high_len_3_si_sdr_db,300000,2026-09-09T13:26:51.972341Z,9.240348816
phase2_regularization,validation_metric,val/high_len_3_si_sdr_db,325000,2026-09-09T13:52:25.837175Z,8.766181946
phase2_regularization,validation_metric,val/high_len_3_si_sdr_db,350000,2026-09-09T14:17:41.850293Z,8.915341377
phase2_regularization,validation_metric,val/high_len_3_si_sdr_db,375000,2026-09-09T14:43:06.783507Z,8.910910606
phase2_regularization,validation_metric,val/high_len_3_si_sdr_db,400000,2026-09-09T15:08:29.192778Z,8.04890728
phase2_regularization,validation_metric,val/high_len_3_si_sdr_db,425000,2026-09-09T15:33:49.745149Z,9.519533157
phase2_regularization,validation_metric,val/high_len_3_si_sdr_db,450000,2026-09-09T15:58:57.651082Z,9.340766907
phase2_regularization,validation_metric,val/high_len_3_si_sdr_db,475000,2026-09-09T16:24:01.820848Z,9.310360909
phase2_regularization,validation_metric,val/high_len_3_si_sdr_db,500000,2026-09-09T16:49:17.521184Z,9.785794258
phase2_regularization,validation_metric,val/high_len_3_si_sdr_db,525000,2026-09-09T17:19:02.185153Z,9.679423332
phase2_regularization,validation_metric,val/high_len_3_si_sdr_db,550000,2026-09-09T17:49:30.150143Z,9.487015724
phase2_regularization,validation_metric,val/high_len_3_si_sdr_db,575000,2026-09-09T18:18:56.802788Z,10.41532803
phase2_regularization,validation_metric,val/high_len_3_si_sdr_db,600000,2026-09-09T18:44:25.770807Z,9.852033615
phase2_regularization,validation_metric,val/high_len_3_si_sdr_db_gap_only,25000,2026-09-09T08:51:18.170126Z,-18.97309113
phase2_regularization,validation_metric,val/high_len_3_si_sdr_db_gap_only,50000,2026-09-09T09:15:39.641716Z,-17.8414917
phase2_regularization,validation_metric,val/high_len_3_si_sdr_db_gap_only,75000,2026-09-09T09:40:22.813360Z,-17.30814171
phase2_regularization,validation_metric,val/high_len_3_si_sdr_db_gap_only,100000,2026-09-09T10:04:39.564860Z,-20.78923798
phase2_regularization,validation_metric,val/high_len_3_si_sdr_db_gap_only,125000,2026-09-09T10:29:00.177754Z,-18.27494431
phase2_regularization,validation_metric,val/high_len_3_si_sdr_db_gap_only,150000,2026-09-09T10:53:54.847650Z,-29.6971283
phase2_regularization,validation_metric,val/high_len_3_si_sdr_db_gap_only,175000,2026-09-09T11:19:44.223329Z,-15.96927357
phase2_regularization,validation_metric,val/high_len_3_si_sdr_db_gap_only,200000,2026-09-09T11:45:42.023225Z,-21.74448204
phase2_regularization,validation_metric,val/high_len_3_si_sdr_db_gap_only,225000,2026-09-09T12:11:29.935575Z,-17.87750626
phase2_regularization,validation_metric,val/high_len_3_si_sdr_db_gap_only,250000,2026-09-09T12:37:17.326986Z,-20.80109596
phase2_regularization,validation_metric,val/high_len_3_si_sdr_db_gap_only,275000,2026-09-09T13:02:19.071368Z,-18.92013359
phase2_regularization,validation_metric,val/high_len_3_si_sdr_db_gap_only,300000,2026-09-09T13:26:51.972390Z,-15.96590424
phase2_regularization,validation_metric,val/high_len_3_si_sdr_db_gap_only,325000,2026-09-09T13:52:25.837219Z,-18.67870712
phase2_regularization,validation_metric,val/high_len_3_si_sdr_db_gap_only,350000,2026-09-09T14:17:41.850338Z,-19.14442825
phase2_regularization,validation_metric,val/high_len_3_si_sdr_db_gap_only,375000,2026-09-09T14:43:06.783550Z,-18.24885178
phase2_regularization,validation_metric,val/high_len_3_si_sdr_db_gap_only,400000,2026-09-09T15:08:29.192831Z,-20.86819839
phase2_regularization,validation_metric,val/high_len_3_si_sdr_db_gap_only,425000,2026-09-09T15:33:49.745196Z,-13.4063921
phase2_regularization,validation_metric,val/high_len_3_si_sdr_db_gap_only,450000,2026-09-09T15:58:57.651124Z,-17.99499893
phase2_regularization,validation_metric,val/high_len_3_si_sdr_db_gap_only,475000,2026-09-09T16:24:01.820890Z,-13.26021576
phase2_regularization,validation_metric,val/high_len_3_si_sdr_db_gap_only,500000,2026-09-09T16:49:17.521226Z,-11.90005207
phase2_regularization,validation_metric,val/high_len_3_si_sdr_db_gap_only,525000,2026-09-09T17:19:02.185202Z,-13.27457809
phase2_regularization,validation_metric,val/high_len_3_si_sdr_db_gap_only,550000,2026-09-09T17:49:30.150187Z,-12.00423145
phase2_regularization,validation_metric,val/high_len_3_si_sdr_db_gap_only,575000,2026-09-09T18:18:56.802839Z,-11.45610428
phase2_regularization,validation_metric,val/high_len_3_si_sdr_db_gap_only,600000,2026-09-09T18:44:25.770849Z,-14.63435459
phase2_regularization,validation_metric,val/high_len_3_spectral_convergence,25000,2026-09-09T08:51:18.170141Z,0.218257457
phase2_regularization,validation_metric,val/high_len_3_spectral_convergence,50000,2026-09-09T09:15:39.641731Z,0.2267697453
phase2_regularization,validation_metric,val/high_len_3_spectral_convergence,75000,2026-09-09T09:40:22.813375Z,0.2222287208
phase2_regularization,validation_metric,val/high_len_3_spectral_convergence,100000,2026-09-09T10:04:39.564878Z,0.217112273
phase2_regularization,validation_metric,val/high_len_3_spectral_convergence,125000,2026-09-09T10:29:00.177769Z,0.2271369845
phase2_regularization,validation_metric,val/high_len_3_spectral_convergence,150000,2026-09-09T10:53:54.847664Z,0.2485041916
phase2_regularization,validation_metric,val/high_len_3_spectral_convergence,175000,2026-09-09T11:19:44.223344Z,0.226468578
phase2_regularization,validation_metric,val/high_len_3_spectral_convergence,200000,2026-09-09T11:45:42.023239Z,0.2350767553
phase2_regularization,validation_metric,val/high_len_3_spectral_convergence,225000,2026-09-09T12:11:29.935590Z,0.2253323495
phase2_regularization,validation_metric,val/high_len_3_spectral_convergence,250000,2026-09-09T12:37:17.327001Z,0.2192789167
phase2_regularization,validation_metric,val/high_len_3_spectral_convergence,275000,2026-09-09T13:02:19.071383Z,0.2321944237
phase2_regularization,validation_metric,val/high_len_3_spectral_convergence,300000,2026-09-09T13:26:51.972405Z,0.2151656449
phase2_regularization,validation_metric,val/high_len_3_spectral_convergence,325000,2026-09-09T13:52:25.837233Z,0.2473678142
phase2_regularization,validation_metric,val/high_len_3_spectral_convergence,350000,2026-09-09T14:17:41.850352Z,0.2272443473
phase2_regularization,validation_metric,val/high_len_3_spectral_convergence,375000,2026-09-09T14:43:06.783566Z,0.2330880612
phase2_regularization,validation_metric,val/high_len_3_spectral_convergence,400000,2026-09-09T15:08:29.192846Z,0.2407951206
phase2_regularization,validation_metric,val/high_len_3_spectral_convergence,425000,2026-09-09T15:33:49.745210Z,0.2056150734
phase2_regularization,validation_metric,val/high_len_3_spectral_convergence,450000,2026-09-09T15:58:57.651139Z,0.2220130861
phase2_regularization,validation_metric,val/high_len_3_spectral_convergence,475000,2026-09-09T16:24:01.820906Z,0.2283956409
phase2_regularization,validation_metric,val/high_len_3_spectral_convergence,500000,2026-09-09T16:49:17.521241Z,0.2094472796
phase2_regularization,validation_metric,val/high_len_3_spectral_convergence,525000,2026-09-09T17:19:02.185216Z,0.2049037516
phase2_regularization,validation_metric,val/high_len_3_spectral_convergence,550000,2026-09-09T17:49:30.150199Z,0.217644453
phase2_regularization,validation_metric,val/high_len_3_spectral_convergence,575000,2026-09-09T18:18:56.802854Z,0.1969348341
phase2_regularization,validation_metric,val/high_len_3_spectral_convergence,600000,2026-09-09T18:44:25.770864Z,0.2015398592
phase2_regularization,validation_metric,val/high_len_3_spectral_convergence_gap_only,25000,2026-09-09T08:51:18.170153Z,0.7925685644
phase2_regularization,validation_metric,val/high_len_3_spectral_convergence_gap_only,50000,2026-09-09T09:15:39.641744Z,0.8904282451
phase2_regularization,validation_metric,val/high_len_3_spectral_convergence_gap_only,75000,2026-09-09T09:40:22.813387Z,0.8392973542
phase2_regularization,validation_metric,val/high_len_3_spectral_convergence_gap_only,100000,2026-09-09T10:04:39.564893Z,0.78021878
phase2_regularization,validation_metric,val/high_len_3_spectral_convergence_gap_only,125000,2026-09-09T10:29:00.177783Z,0.8719296455
phase2_regularization,validation_metric,val/high_len_3_spectral_convergence_gap_only,150000,2026-09-09T10:53:54.847677Z,0.996370852
phase2_regularization,validation_metric,val/high_len_3_spectral_convergence_gap_only,175000,2026-09-09T11:19:44.223357Z,0.8742141724
phase2_regularization,validation_metric,val/high_len_3_spectral_convergence_gap_only,200000,2026-09-09T11:45:42.023252Z,0.9221447706
phase2_regularization,validation_metric,val/high_len_3_spectral_convergence_gap_only,225000,2026-09-09T12:11:29.935604Z,0.894043684
phase2_regularization,validation_metric,val/high_len_3_spectral_convergence_gap_only,250000,2026-09-09T12:37:17.327013Z,0.8335306048
phase2_regularization,validation_metric,val/high_len_3_spectral_convergence_gap_only,275000,2026-09-09T13:02:19.071396Z,0.8885186315
phase2_regularization,validation_metric,val/high_len_3_spectral_convergence_gap_only,300000,2026-09-09T13:26:51.972419Z,0.8388371468
phase2_regularization,validation_metric,val/high_len_3_spectral_convergence_gap_only,325000,2026-09-09T13:52:25.837246Z,0.9618356228
phase2_regularization,validation_metric,val/high_len_3_spectral_convergence_gap_only,350000,2026-09-09T14:17:41.850365Z,0.8396772742
phase2_regularization,validation_metric,val/high_len_3_spectral_convergence_gap_only,375000,2026-09-09T14:43:06.783578Z,0.8980671167
phase2_regularization,validation_metric,val/high_len_3_spectral_convergence_gap_only,400000,2026-09-09T15:08:29.192859Z,0.9044566751
phase2_regularization,validation_metric,val/high_len_3_spectral_convergence_gap_only,425000,2026-09-09T15:33:49.745224Z,0.8048918247
phase2_regularization,validation_metric,val/high_len_3_spectral_convergence_gap_only,450000,2026-09-09T15:58:57.651152Z,0.8191711903
phase2_regularization,validation_metric,val/high_len_3_spectral_convergence_gap_only,475000,2026-09-09T16:24:01.820919Z,0.9102171659
phase2_regularization,validation_metric,val/high_len_3_spectral_convergence_gap_only,500000,2026-09-09T16:49:17.521254Z,0.7885319591
phase2_regularization,validation_metric,val/high_len_3_spectral_convergence_gap_only,525000,2026-09-09T17:19:02.185228Z,0.7821625471
phase2_regularization,validation_metric,val/high_len_3_spectral_convergence_gap_only,550000,2026-09-09T17:49:30.150209Z,0.8367223144
phase2_regularization,validation_metric,val/high_len_3_spectral_convergence_gap_only,575000,2026-09-09T18:18:56.802867Z,0.7544832826
phase2_regularization,validation_metric,val/high_len_3_spectral_convergence_gap_only,600000,2026-09-09T18:44:25.770877Z,0.7624483109
phase2_regularization,validation_metric,val/high_len_4_acc_top1,25000,2026-09-09T08:51:15.745448Z,0.01953125
phase2_regularization,validation_metric,val/high_len_4_acc_top1,50000,2026-09-09T09:15:37.231782Z,0.01953125
phase2_regularization,validation_metric,val/high_len_4_acc_top1,75000,2026-09-09T09:40:20.364770Z,0.0234375
phase2_regularization,validation_metric,val/high_len_4_acc_top1,100000,2026-09-09T10:04:37.157602Z,0.0078125
phase2_regularization,validation_metric,val/high_len_4_acc_top1,125000,2026-09-09T10:28:57.776530Z,0.0390625
phase2_regularization,validation_metric,val/high_len_4_acc_top1,150000,2026-09-09T10:53:52.327709Z,0.01953125
phase2_regularization,validation_metric,val/high_len_4_acc_top1,175000,2026-09-09T11:19:41.703301Z,0.0078125
phase2_regularization,validation_metric,val/high_len_4_acc_top1,200000,2026-09-09T11:45:39.568918Z,0.015625
phase2_regularization,validation_metric,val/high_len_4_acc_top1,225000,2026-09-09T12:11:27.441447Z,0.01953125
phase2_regularization,validation_metric,val/high_len_4_acc_top1,250000,2026-09-09T12:37:14.852576Z,0.01171875
phase2_regularization,validation_metric,val/high_len_4_acc_top1,275000,2026-09-09T13:02:16.632081Z,0.015625
phase2_regularization,validation_metric,val/high_len_4_acc_top1,300000,2026-09-09T13:26:49.553133Z,0.015625
phase2_regularization,validation_metric,val/high_len_4_acc_top1,325000,2026-09-09T13:52:23.382010Z,0.00390625
phase2_regularization,validation_metric,val/high_len_4_acc_top1,350000,2026-09-09T14:17:39.398731Z,0.01953125
phase2_regularization,validation_metric,val/high_len_4_acc_top1,375000,2026-09-09T14:43:04.325349Z,0.01953125
phase2_regularization,validation_metric,val/high_len_4_acc_top1,400000,2026-09-09T15:08:26.739928Z,0.00390625
phase2_regularization,validation_metric,val/high_len_4_acc_top1,425000,2026-09-09T15:33:47.334965Z,0.01171875
phase2_regularization,validation_metric,val/high_len_4_acc_top1,450000,2026-09-09T15:58:55.211854Z,0.01953125
phase2_regularization,validation_metric,val/high_len_4_acc_top1,475000,2026-09-09T16:23:59.353361Z,0.0234375
phase2_regularization,validation_metric,val/high_len_4_acc_top1,500000,2026-09-09T16:49:15.056752Z,0.01171875
phase2_regularization,validation_metric,val/high_len_4_acc_top1,525000,2026-09-09T17:18:52.156012Z,0.015625
phase2_regularization,validation_metric,val/high_len_4_acc_top1,550000,2026-09-09T17:49:20.166553Z,0.015625
phase2_regularization,validation_metric,val/high_len_4_acc_top1,575000,2026-09-09T18:18:54.336712Z,0.015625
phase2_regularization,validation_metric,val/high_len_4_acc_top1,600000,2026-09-09T18:44:23.326021Z,0.01171875
phase2_regularization,validation_metric,val/high_len_4_acc_top5,25000,2026-09-09T08:51:15.745455Z,0.0546875
phase2_regularization,validation_metric,val/high_len_4_acc_top5,50000,2026-09-09T09:15:37.231789Z,0.08203125
phase2_regularization,validation_metric,val/high_len_4_acc_top5,75000,2026-09-09T09:40:20.364777Z,0.0625
phase2_regularization,validation_metric,val/high_len_4_acc_top5,100000,2026-09-09T10:04:37.157624Z,0.0625
phase2_regularization,validation_metric,val/high_len_4_acc_top5,125000,2026-09-09T10:28:57.776536Z,0.0625
phase2_regularization,validation_metric,val/high_len_4_acc_top5,150000,2026-09-09T10:53:52.327715Z,0.0625
phase2_regularization,validation_metric,val/high_len_4_acc_top5,175000,2026-09-09T11:19:41.703308Z,0.0546875
phase2_regularization,validation_metric,val/high_len_4_acc_top5,200000,2026-09-09T11:45:39.568925Z,0.0625
phase2_regularization,validation_metric,val/high_len_4_acc_top5,225000,2026-09-09T12:11:27.441453Z,0.046875
phase2_regularization,validation_metric,val/high_len_4_acc_top5,250000,2026-09-09T12:37:14.852583Z,0.05078125
phase2_regularization,validation_metric,val/high_len_4_acc_top5,275000,2026-09-09T13:02:16.632092Z,0.046875
phase2_regularization,validation_metric,val/high_len_4_acc_top5,300000,2026-09-09T13:26:49.553140Z,0.0390625
phase2_regularization,validation_metric,val/high_len_4_acc_top5,325000,2026-09-09T13:52:23.382033Z,0.05078125
phase2_regularization,validation_metric,val/high_len_4_acc_top5,350000,2026-09-09T14:17:39.398738Z,0.06640625
phase2_regularization,validation_metric,val/high_len_4_acc_top5,375000,2026-09-09T14:43:04.325372Z,0.0625
phase2_regularization,validation_metric,val/high_len_4_acc_top5,400000,2026-09-09T15:08:26.739941Z,0.0390625
phase2_regularization,validation_metric,val/high_len_4_acc_top5,425000,2026-09-09T15:33:47.334972Z,0.0625
phase2_regularization,validation_metric,val/high_len_4_acc_top5,450000,2026-09-09T15:58:55.211861Z,0.05859375
phase2_regularization,validation_metric,val/high_len_4_acc_top5,475000,2026-09-09T16:23:59.353367Z,0.0546875
phase2_regularization,validation_metric,val/high_len_4_acc_top5,500000,2026-09-09T16:49:15.056759Z,0.04296875
phase2_regularization,validation_metric,val/high_len_4_acc_top5,525000,2026-09-09T17:18:52.156022Z,0.03515625
phase2_regularization,validation_metric,val/high_len_4_acc_top5,550000,2026-09-09T17:49:20.166563Z,0.046875
phase2_regularization,validation_metric,val/high_len_4_acc_top5,575000,2026-09-09T18:18:54.336719Z,0.05078125
phase2_regularization,validation_metric,val/high_len_4_acc_top5,600000,2026-09-09T18:44:23.326044Z,0.05078125
phase2_regularization,validation_metric,val/high_len_4_loss,25000,2026-09-09T08:51:15.745410Z,6.416042328
phase2_regularization,validation_metric,val/high_len_4_loss,50000,2026-09-09T09:15:37.231742Z,6.786554337
phase2_regularization,validation_metric,val/high_len_4_loss,75000,2026-09-09T09:40:20.364725Z,7.110990524
phase2_regularization,validation_metric,val/high_len_4_loss,100000,2026-09-09T10:04:37.157568Z,7.226219177
phase2_regularization,validation_metric,val/high_len_4_loss,125000,2026-09-09T10:28:57.776491Z,7.287205696
phase2_regularization,validation_metric,val/high_len_4_loss,150000,2026-09-09T10:53:52.327667Z,7.297836304
phase2_regularization,validation_metric,val/high_len_4_loss,175000,2026-09-09T11:19:41.703262Z,7.314239502
phase2_regularization,validation_metric,val/high_len_4_loss,200000,2026-09-09T11:45:39.568879Z,7.45318985
phase2_regularization,validation_metric,val/high_len_4_loss,225000,2026-09-09T12:11:27.441410Z,7.389282227
phase2_regularization,validation_metric,val/high_len_4_loss,250000,2026-09-09T12:37:14.852532Z,7.509773254
phase2_regularization,validation_metric,val/high_len_4_loss,275000,2026-09-09T13:02:16.632021Z,7.460702896
phase2_regularization,validation_metric,val/high_len_4_loss,300000,2026-09-09T13:26:49.553080Z,7.450410366
phase2_regularization,validation_metric,val/high_len_4_loss,325000,2026-09-09T13:52:23.381977Z,7.558879852
phase2_regularization,validation_metric,val/high_len_4_loss,350000,2026-09-09T14:17:39.398697Z,7.462650299
phase2_regularization,validation_metric,val/high_len_4_loss,375000,2026-09-09T14:43:04.325312Z,7.543106079
phase2_regularization,validation_metric,val/high_len_4_loss,400000,2026-09-09T15:08:26.739862Z,7.565994263
phase2_regularization,validation_metric,val/high_len_4_loss,425000,2026-09-09T15:33:47.334923Z,7.494792938
phase2_regularization,validation_metric,val/high_len_4_loss,450000,2026-09-09T15:58:55.211819Z,7.439319611
phase2_regularization,validation_metric,val/high_len_4_loss,475000,2026-09-09T16:23:59.353326Z,7.446094513
phase2_regularization,validation_metric,val/high_len_4_loss,500000,2026-09-09T16:49:15.056713Z,7.319942474
phase2_regularization,validation_metric,val/high_len_4_loss,525000,2026-09-09T17:18:52.155936Z,7.297939301
phase2_regularization,validation_metric,val/high_len_4_loss,550000,2026-09-09T17:49:20.166494Z,7.206453323
phase2_regularization,validation_metric,val/high_len_4_loss,575000,2026-09-09T18:18:54.336675Z,6.997600555
phase2_regularization,validation_metric,val/high_len_4_loss,600000,2026-09-09T18:44:23.325985Z,6.981220245
phase2_regularization,validation_metric,val/high_len_4_nll,25000,2026-09-09T08:51:15.745433Z,6.416042328
phase2_regularization,validation_metric,val/high_len_4_nll,50000,2026-09-09T09:15:37.231764Z,6.786554337
phase2_regularization,validation_metric,val/high_len_4_nll,75000,2026-09-09T09:40:20.364750Z,7.110990524
phase2_regularization,validation_metric,val/high_len_4_nll,100000,2026-09-09T10:04:37.157588Z,7.226219177
phase2_regularization,validation_metric,val/high_len_4_nll,125000,2026-09-09T10:28:57.776513Z,7.287205696
phase2_regularization,validation_metric,val/high_len_4_nll,150000,2026-09-09T10:53:52.327692Z,7.297836304
phase2_regularization,validation_metric,val/high_len_4_nll,175000,2026-09-09T11:19:41.703285Z,7.314239502
phase2_regularization,validation_metric,val/high_len_4_nll,200000,2026-09-09T11:45:39.568902Z,7.45318985
phase2_regularization,validation_metric,val/high_len_4_nll,225000,2026-09-09T12:11:27.441431Z,7.389282227
phase2_regularization,validation_metric,val/high_len_4_nll,250000,2026-09-09T12:37:14.852557Z,7.509773254
phase2_regularization,validation_metric,val/high_len_4_nll,275000,2026-09-09T13:02:16.632052Z,7.460702896
phase2_regularization,validation_metric,val/high_len_4_nll,300000,2026-09-09T13:26:49.553102Z,7.450410366
phase2_regularization,validation_metric,val/high_len_4_nll,325000,2026-09-09T13:52:23.381995Z,7.558879852
phase2_regularization,validation_metric,val/high_len_4_nll,350000,2026-09-09T14:17:39.398716Z,7.462650299
phase2_regularization,validation_metric,val/high_len_4_nll,375000,2026-09-09T14:43:04.325333Z,7.543106079
phase2_regularization,validation_metric,val/high_len_4_nll,400000,2026-09-09T15:08:26.739900Z,7.565994263
phase2_regularization,validation_metric,val/high_len_4_nll,425000,2026-09-09T15:33:47.334947Z,7.494792938
phase2_regularization,validation_metric,val/high_len_4_nll,450000,2026-09-09T15:58:55.211839Z,7.439319611
phase2_regularization,validation_metric,val/high_len_4_nll,475000,2026-09-09T16:23:59.353346Z,7.446094513
phase2_regularization,validation_metric,val/high_len_4_nll,500000,2026-09-09T16:49:15.056736Z,7.319942474
phase2_regularization,validation_metric,val/high_len_4_nll,525000,2026-09-09T17:18:52.155988Z,7.297939301
phase2_regularization,validation_metric,val/high_len_4_nll,550000,2026-09-09T17:49:20.166532Z,7.206453323
phase2_regularization,validation_metric,val/high_len_4_nll,575000,2026-09-09T18:18:54.336697Z,6.997600555
phase2_regularization,validation_metric,val/high_len_4_nll,600000,2026-09-09T18:44:23.326006Z,6.981220245
phase2_regularization,validation_metric,val/high_len_4_ppl,25000,2026-09-09T08:51:15.745441Z,611.5778809
phase2_regularization,validation_metric,val/high_len_4_ppl,50000,2026-09-09T09:15:37.231775Z,885.855957
phase2_regularization,validation_metric,val/high_len_4_ppl,75000,2026-09-09T09:40:20.364762Z,1225.360718
phase2_regularization,validation_metric,val/high_len_4_ppl,100000,2026-09-09T10:04:37.157596Z,1375.014038
phase2_regularization,validation_metric,val/high_len_4_ppl,125000,2026-09-09T10:28:57.776523Z,1461.481201
phase2_regularization,validation_metric,val/high_len_4_ppl,150000,2026-09-09T10:53:52.327701Z,1477.100464
phase2_regularization,validation_metric,val/high_len_4_ppl,175000,2026-09-09T11:19:41.703294Z,1501.529419
phase2_regularization,validation_metric,val/high_len_4_ppl,200000,2026-09-09T11:45:39.568911Z,1725.358032
phase2_regularization,validation_metric,val/high_len_4_ppl,225000,2026-09-09T12:11:27.441440Z,1618.543945
phase2_regularization,validation_metric,val/high_len_4_ppl,250000,2026-09-09T12:37:14.852568Z,1825.799561
phase2_regularization,validation_metric,val/high_len_4_ppl,275000,2026-09-09T13:02:16.632068Z,1738.369507
phase2_regularization,validation_metric,val/high_len_4_ppl,300000,2026-09-09T13:26:49.553110Z,1720.569092
phase2_regularization,validation_metric,val/high_len_4_ppl,325000,2026-09-09T13:52:23.382004Z,1917.696167
phase2_regularization,validation_metric,val/high_len_4_ppl,350000,2026-09-09T14:17:39.398724Z,1741.758179
phase2_regularization,validation_metric,val/high_len_4_ppl,375000,2026-09-09T14:43:04.325342Z,1887.684204
phase2_regularization,validation_metric,val/high_len_4_ppl,400000,2026-09-09T15:08:26.739916Z,1931.388184
phase2_regularization,validation_metric,val/high_len_4_ppl,425000,2026-09-09T15:33:47.334958Z,1798.652344
phase2_regularization,validation_metric,val/high_len_4_ppl,450000,2026-09-09T15:58:55.211847Z,1701.592041
phase2_regularization,validation_metric,val/high_len_4_ppl,475000,2026-09-09T16:23:59.353354Z,1713.159302
phase2_regularization,validation_metric,val/high_len_4_ppl,500000,2026-09-09T16:49:15.056744Z,1510.117065
phase2_regularization,validation_metric,val/high_len_4_ppl,525000,2026-09-09T17:18:52.156001Z,1477.252563
phase2_regularization,validation_metric,val/high_len_4_ppl,550000,2026-09-09T17:49:20.166543Z,1348.102539
phase2_regularization,validation_metric,val/high_len_4_ppl,575000,2026-09-09T18:18:54.336705Z,1094.005005
phase2_regularization,validation_metric,val/high_len_4_ppl,600000,2026-09-09T18:44:23.326015Z,1076.230835
phase2_regularization,validation_metric,val/high_len_4_si_sdr_db,25000,2026-09-09T08:51:19.013719Z,7.58258009
phase2_regularization,validation_metric,val/high_len_4_si_sdr_db,50000,2026-09-09T09:15:40.478719Z,7.894229412
phase2_regularization,validation_metric,val/high_len_4_si_sdr_db,75000,2026-09-09T09:40:23.672322Z,7.268778324
phase2_regularization,validation_metric,val/high_len_4_si_sdr_db,100000,2026-09-09T10:04:40.403458Z,7.682304382
phase2_regularization,validation_metric,val/high_len_4_si_sdr_db,125000,2026-09-09T10:29:01.024656Z,8.466682434
phase2_regularization,validation_metric,val/high_len_4_si_sdr_db,150000,2026-09-09T10:53:55.717420Z,9.112616539
phase2_regularization,validation_metric,val/high_len_4_si_sdr_db,175000,2026-09-09T11:19:45.091100Z,8.352303505
phase2_regularization,validation_metric,val/high_len_4_si_sdr_db,200000,2026-09-09T11:45:42.887306Z,8.078534126
phase2_regularization,validation_metric,val/high_len_4_si_sdr_db,225000,2026-09-09T12:11:30.796955Z,8.576826096
phase2_regularization,validation_metric,val/high_len_4_si_sdr_db,250000,2026-09-09T12:37:18.182758Z,8.584516525
phase2_regularization,validation_metric,val/high_len_4_si_sdr_db,275000,2026-09-09T13:02:19.925779Z,8.007951736
phase2_regularization,validation_metric,val/high_len_4_si_sdr_db,300000,2026-09-09T13:26:52.815335Z,8.744292259
phase2_regularization,validation_metric,val/high_len_4_si_sdr_db,325000,2026-09-09T13:52:26.690886Z,8.978955269
phase2_regularization,validation_metric,val/high_len_4_si_sdr_db,350000,2026-09-09T14:17:42.718417Z,9.048478127
phase2_regularization,validation_metric,val/high_len_4_si_sdr_db,375000,2026-09-09T14:43:07.637548Z,9.075806618
phase2_regularization,validation_metric,val/high_len_4_si_sdr_db,400000,2026-09-09T15:08:30.044615Z,8.830654144
phase2_regularization,validation_metric,val/high_len_4_si_sdr_db,425000,2026-09-09T15:33:50.586206Z,8.998850822
phase2_regularization,validation_metric,val/high_len_4_si_sdr_db,450000,2026-09-09T15:58:58.509781Z,8.872605324
phase2_regularization,validation_metric,val/high_len_4_si_sdr_db,475000,2026-09-09T16:24:02.671312Z,8.596409798
phase2_regularization,validation_metric,val/high_len_4_si_sdr_db,500000,2026-09-09T16:49:18.375713Z,9.033886909
phase2_regularization,validation_metric,val/high_len_4_si_sdr_db,525000,2026-09-09T17:19:05.202250Z,9.477989197
phase2_regularization,validation_metric,val/high_len_4_si_sdr_db,550000,2026-09-09T17:49:33.252149Z,9.161838531
phase2_regularization,validation_metric,val/high_len_4_si_sdr_db,575000,2026-09-09T18:18:57.657858Z,9.141871452
phase2_regularization,validation_metric,val/high_len_4_si_sdr_db,600000,2026-09-09T18:44:26.614338Z,8.982684135
phase2_regularization,validation_metric,val/high_len_4_si_sdr_db_gap_only,25000,2026-09-09T08:51:19.013758Z,-17.68650436
phase2_regularization,validation_metric,val/high_len_4_si_sdr_db_gap_only,50000,2026-09-09T09:15:40.478757Z,-17.8091774
phase2_regularization,validation_metric,val/high_len_4_si_sdr_db_gap_only,75000,2026-09-09T09:40:23.672364Z,-17.37197495
phase2_regularization,validation_metric,val/high_len_4_si_sdr_db_gap_only,100000,2026-09-09T10:04:40.403499Z,-22.31072998
phase2_regularization,validation_metric,val/high_len_4_si_sdr_db_gap_only,125000,2026-09-09T10:29:01.024697Z,-15.58703613
phase2_regularization,validation_metric,val/high_len_4_si_sdr_db_gap_only,150000,2026-09-09T10:53:55.717462Z,-14.03862095
phase2_regularization,validation_metric,val/high_len_4_si_sdr_db_gap_only,175000,2026-09-09T11:19:45.091141Z,-25.992342
phase2_regularization,validation_metric,val/high_len_4_si_sdr_db_gap_only,200000,2026-09-09T11:45:42.887346Z,-13.03182793
phase2_regularization,validation_metric,val/high_len_4_si_sdr_db_gap_only,225000,2026-09-09T12:11:30.796999Z,-16.98295212
phase2_regularization,validation_metric,val/high_len_4_si_sdr_db_gap_only,250000,2026-09-09T12:37:18.182807Z,-15.77567673
phase2_regularization,validation_metric,val/high_len_4_si_sdr_db_gap_only,275000,2026-09-09T13:02:19.925833Z,-15.95440578
phase2_regularization,validation_metric,val/high_len_4_si_sdr_db_gap_only,300000,2026-09-09T13:26:52.815379Z,-17.07390213
phase2_regularization,validation_metric,val/high_len_4_si_sdr_db_gap_only,325000,2026-09-09T13:52:26.690928Z,-13.35865688
phase2_regularization,validation_metric,val/high_len_4_si_sdr_db_gap_only,350000,2026-09-09T14:17:42.718453Z,-9.35122776
phase2_regularization,validation_metric,val/high_len_4_si_sdr_db_gap_only,375000,2026-09-09T14:43:07.637591Z,-11.73113728
phase2_regularization,validation_metric,val/high_len_4_si_sdr_db_gap_only,400000,2026-09-09T15:08:30.044658Z,-22.86221695
phase2_regularization,validation_metric,val/high_len_4_si_sdr_db_gap_only,425000,2026-09-09T15:33:50.586248Z,-12.32797527
phase2_regularization,validation_metric,val/high_len_4_si_sdr_db_gap_only,450000,2026-09-09T15:58:58.509836Z,-14.81464767
phase2_regularization,validation_metric,val/high_len_4_si_sdr_db_gap_only,475000,2026-09-09T16:24:02.671353Z,-13.42898941
phase2_regularization,validation_metric,val/high_len_4_si_sdr_db_gap_only,500000,2026-09-09T16:49:18.375755Z,-16.74860573
phase2_regularization,validation_metric,val/high_len_4_si_sdr_db_gap_only,525000,2026-09-09T17:19:05.203214Z,-12.40745926
phase2_regularization,validation_metric,val/high_len_4_si_sdr_db_gap_only,550000,2026-09-09T17:49:33.252195Z,-11.68664742
phase2_regularization,validation_metric,val/high_len_4_si_sdr_db_gap_only,575000,2026-09-09T18:18:57.657898Z,-11.57588291
phase2_regularization,validation_metric,val/high_len_4_si_sdr_db_gap_only,600000,2026-09-09T18:44:26.614375Z,-11.02102852
phase2_regularization,validation_metric,val/high_len_4_spectral_convergence,25000,2026-09-09T08:51:19.013772Z,0.2281642556
phase2_regularization,validation_metric,val/high_len_4_spectral_convergence,50000,2026-09-09T09:15:40.478772Z,0.2253838181
phase2_regularization,validation_metric,val/high_len_4_spectral_convergence,75000,2026-09-09T09:40:23.672378Z,0.2469578832
phase2_regularization,validation_metric,val/high_len_4_spectral_convergence,100000,2026-09-09T10:04:40.403512Z,0.2303391695
phase2_regularization,validation_metric,val/high_len_4_spectral_convergence,125000,2026-09-09T10:29:01.024711Z,0.2320065796
phase2_regularization,validation_metric,val/high_len_4_spectral_convergence,150000,2026-09-09T10:53:55.717477Z,0.221218437
phase2_regularization,validation_metric,val/high_len_4_spectral_convergence,175000,2026-09-09T11:19:45.091156Z,0.2435820401
phase2_regularization,validation_metric,val/high_len_4_spectral_convergence,200000,2026-09-09T11:45:42.887360Z,0.2413459718
phase2_regularization,validation_metric,val/high_len_4_spectral_convergence,225000,2026-09-09T12:11:30.797013Z,0.2328080386
phase2_regularization,validation_metric,val/high_len_4_spectral_convergence,250000,2026-09-09T12:37:18.182823Z,0.2344849408
phase2_regularization,validation_metric,val/high_len_4_spectral_convergence,275000,2026-09-09T13:02:19.925848Z,0.2474041879
phase2_regularization,validation_metric,val/high_len_4_spectral_convergence,300000,2026-09-09T13:26:52.815394Z,0.2453897595
phase2_regularization,validation_metric,val/high_len_4_spectral_convergence,325000,2026-09-09T13:52:26.690942Z,0.2232649624
phase2_regularization,validation_metric,val/high_len_4_spectral_convergence,350000,2026-09-09T14:17:42.718466Z,0.2200289518
phase2_regularization,validation_metric,val/high_len_4_spectral_convergence,375000,2026-09-09T14:43:07.637607Z,0.2208606303
phase2_regularization,validation_metric,val/high_len_4_spectral_convergence,400000,2026-09-09T15:08:30.044673Z,0.2179266959
phase2_regularization,validation_metric,val/high_len_4_spectral_convergence,425000,2026-09-09T15:33:50.586262Z,0.2199457735
phase2_regularization,validation_metric,val/high_len_4_spectral_convergence,450000,2026-09-09T15:58:58.509852Z,0.2170755714
phase2_regularization,validation_metric,val/high_len_4_spectral_convergence,475000,2026-09-09T16:24:02.671368Z,0.220979318
phase2_regularization,validation_metric,val/high_len_4_spectral_convergence,500000,2026-09-09T16:49:18.375769Z,0.2111380398
phase2_regularization,validation_metric,val/high_len_4_spectral_convergence,525000,2026-09-09T17:19:05.203228Z,0.2109190822
phase2_regularization,validation_metric,val/high_len_4_spectral_convergence,550000,2026-09-09T17:49:33.252209Z,0.2130651176
phase2_regularization,validation_metric,val/high_len_4_spectral_convergence,575000,2026-09-09T18:18:57.657912Z,0.2165648937
phase2_regularization,validation_metric,val/high_len_4_spectral_convergence,600000,2026-09-09T18:44:26.614388Z,0.2152009904
phase2_regularization,validation_metric,val/high_len_4_spectral_convergence_gap_only,25000,2026-09-09T08:51:19.013785Z,0.7776217461
phase2_regularization,validation_metric,val/high_len_4_spectral_convergence_gap_only,50000,2026-09-09T09:15:40.478785Z,0.7863283753
phase2_regularization,validation_metric,val/high_len_4_spectral_convergence_gap_only,75000,2026-09-09T09:40:23.672391Z,0.8508474827
phase2_regularization,validation_metric,val/high_len_4_spectral_convergence_gap_only,100000,2026-09-09T10:04:40.403524Z,0.8012835383
phase2_regularization,validation_metric,val/high_len_4_spectral_convergence_gap_only,125000,2026-09-09T10:29:01.024724Z,0.7948924303
phase2_regularization,validation_metric,val/high_len_4_spectral_convergence_gap_only,150000,2026-09-09T10:53:55.717490Z,0.7641508579
phase2_regularization,validation_metric,val/high_len_4_spectral_convergence_gap_only,175000,2026-09-09T11:19:45.091169Z,0.8765892982
phase2_regularization,validation_metric,val/high_len_4_spectral_convergence_gap_only,200000,2026-09-09T11:45:42.887372Z,0.8369503021
phase2_regularization,validation_metric,val/high_len_4_spectral_convergence_gap_only,225000,2026-09-09T12:11:30.797025Z,0.8310962915
phase2_regularization,validation_metric,val/high_len_4_spectral_convergence_gap_only,250000,2026-09-09T12:37:18.182837Z,0.7732041478
phase2_regularization,validation_metric,val/high_len_4_spectral_convergence_gap_only,275000,2026-09-09T13:02:19.925861Z,0.8632197976
phase2_regularization,validation_metric,val/high_len_4_spectral_convergence_gap_only,300000,2026-09-09T13:26:52.815408Z,0.8542733192
phase2_regularization,validation_metric,val/high_len_4_spectral_convergence_gap_only,325000,2026-09-09T13:52:26.690955Z,0.7724036574
phase2_regularization,validation_metric,val/high_len_4_spectral_convergence_gap_only,350000,2026-09-09T14:17:42.718477Z,0.7948134542
phase2_regularization,validation_metric,val/high_len_4_spectral_convergence_gap_only,375000,2026-09-09T14:43:07.637620Z,0.7581000328
phase2_regularization,validation_metric,val/high_len_4_spectral_convergence_gap_only,400000,2026-09-09T15:08:30.044687Z,0.7510127425
phase2_regularization,validation_metric,val/high_len_4_spectral_convergence_gap_only,425000,2026-09-09T15:33:50.586276Z,0.7964957952
phase2_regularization,validation_metric,val/high_len_4_spectral_convergence_gap_only,450000,2026-09-09T15:58:58.509866Z,0.7967469096
phase2_regularization,validation_metric,val/high_len_4_spectral_convergence_gap_only,475000,2026-09-09T16:24:02.671381Z,0.7774041295
phase2_regularization,validation_metric,val/high_len_4_spectral_convergence_gap_only,500000,2026-09-09T16:49:18.375782Z,0.7254117131
phase2_regularization,validation_metric,val/high_len_4_spectral_convergence_gap_only,525000,2026-09-09T17:19:05.203240Z,0.7848229408
phase2_regularization,validation_metric,val/high_len_4_spectral_convergence_gap_only,550000,2026-09-09T17:49:33.252222Z,0.7377930284
phase2_regularization,validation_metric,val/high_len_4_spectral_convergence_gap_only,575000,2026-09-09T18:18:57.657925Z,0.7726881504
phase2_regularization,validation_metric,val/high_len_4_spectral_convergence_gap_only,600000,2026-09-09T18:44:26.614399Z,0.7679245472
phase2_regularization,validation_metric,val/high_loss,25000,2026-09-09T08:51:15.820276Z,6.554923058
phase2_regularization,validation_metric,val/high_loss,50000,2026-09-09T09:15:37.286962Z,6.720839024
phase2_regularization,validation_metric,val/high_loss,75000,2026-09-09T09:40:20.430840Z,7.069166183
phase2_regularization,validation_metric,val/high_loss,100000,2026-09-09T10:04:37.213740Z,7.147098064
phase2_regularization,validation_metric,val/high_loss,125000,2026-09-09T10:28:57.832569Z,7.125805855
phase2_regularization,validation_metric,val/high_loss,150000,2026-09-09T10:53:52.385965Z,7.112306118
phase2_regularization,validation_metric,val/high_loss,175000,2026-09-09T11:19:41.763816Z,7.16061306
phase2_regularization,validation_metric,val/high_loss,200000,2026-09-09T11:45:39.627433Z,7.270642757
phase2_regularization,validation_metric,val/high_loss,225000,2026-09-09T12:11:27.511894Z,7.281358719
phase2_regularization,validation_metric,val/high_loss,250000,2026-09-09T12:37:14.907485Z,7.349902153
phase2_regularization,validation_metric,val/high_loss,275000,2026-09-09T13:02:16.692895Z,7.323898315
phase2_regularization,validation_metric,val/high_loss,300000,2026-09-09T13:26:49.609412Z,7.325837612
phase2_regularization,validation_metric,val/high_loss,325000,2026-09-09T13:52:23.439242Z,7.3466115
phase2_regularization,validation_metric,val/high_loss,350000,2026-09-09T14:17:39.455924Z,7.460883141
phase2_regularization,validation_metric,val/high_loss,375000,2026-09-09T14:43:04.405845Z,7.543429852
phase2_regularization,validation_metric,val/high_loss,400000,2026-09-09T15:08:26.822654Z,7.551534653
phase2_regularization,validation_metric,val/high_loss,425000,2026-09-09T15:33:47.390669Z,7.631912708
phase2_regularization,validation_metric,val/high_loss,450000,2026-09-09T15:58:55.267563Z,7.637603283
phase2_regularization,validation_metric,val/high_loss,475000,2026-09-09T16:23:59.431236Z,7.600399494
phase2_regularization,validation_metric,val/high_loss,500000,2026-09-09T16:49:15.114472Z,7.461515427
phase2_regularization,validation_metric,val/high_loss,525000,2026-09-09T17:18:52.230278Z,7.453751564
phase2_regularization,validation_metric,val/high_loss,550000,2026-09-09T17:49:20.238176Z,7.223056793
phase2_regularization,validation_metric,val/high_loss,575000,2026-09-09T18:18:54.409490Z,7.08153677
phase2_regularization,validation_metric,val/high_loss,600000,2026-09-09T18:44:23.382137Z,7.032275677
phase2_regularization,validation_metric,val/high_nll,25000,2026-09-09T08:51:15.820284Z,6.554923058
phase2_regularization,validation_metric,val/high_nll,50000,2026-09-09T09:15:37.286969Z,6.720839024
phase2_regularization,validation_metric,val/high_nll,75000,2026-09-09T09:40:20.430850Z,7.069166183
phase2_regularization,validation_metric,val/high_nll,100000,2026-09-09T10:04:37.213746Z,7.147098064
phase2_regularization,validation_metric,val/high_nll,125000,2026-09-09T10:28:57.832576Z,7.125805855
phase2_regularization,validation_metric,val/high_nll,150000,2026-09-09T10:53:52.385972Z,7.112306118
phase2_regularization,validation_metric,val/high_nll,175000,2026-09-09T11:19:41.763823Z,7.16061306
phase2_regularization,validation_metric,val/high_nll,200000,2026-09-09T11:45:39.627440Z,7.270642757
phase2_regularization,validation_metric,val/high_nll,225000,2026-09-09T12:11:27.511904Z,7.281358719
phase2_regularization,validation_metric,val/high_nll,250000,2026-09-09T12:37:14.907492Z,7.349902153
phase2_regularization,validation_metric,val/high_nll,275000,2026-09-09T13:02:16.692902Z,7.323898315
phase2_regularization,validation_metric,val/high_nll,300000,2026-09-09T13:26:49.609419Z,7.325837612
phase2_regularization,validation_metric,val/high_nll,325000,2026-09-09T13:52:23.439249Z,7.3466115
phase2_regularization,validation_metric,val/high_nll,350000,2026-09-09T14:17:39.455931Z,7.460883141
phase2_regularization,validation_metric,val/high_nll,375000,2026-09-09T14:43:04.405852Z,7.543429852
phase2_regularization,validation_metric,val/high_nll,400000,2026-09-09T15:08:26.822667Z,7.551534653
phase2_regularization,validation_metric,val/high_nll,425000,2026-09-09T15:33:47.390675Z,7.631912708
phase2_regularization,validation_metric,val/high_nll,450000,2026-09-09T15:58:55.267570Z,7.637603283
phase2_regularization,validation_metric,val/high_nll,475000,2026-09-09T16:23:59.431250Z,7.600399494
phase2_regularization,validation_metric,val/high_nll,500000,2026-09-09T16:49:15.114479Z,7.461515427
phase2_regularization,validation_metric,val/high_nll,525000,2026-09-09T17:18:52.230288Z,7.453751564
phase2_regularization,validation_metric,val/high_nll,550000,2026-09-09T17:49:20.238185Z,7.223056793
phase2_regularization,validation_metric,val/high_nll,575000,2026-09-09T18:18:54.409498Z,7.08153677
phase2_regularization,validation_metric,val/high_nll,600000,2026-09-09T18:44:23.382144Z,7.032275677
phase2_regularization,validation_metric,val/high_ppl,25000,2026-09-09T08:51:15.820291Z,702.6950684
phase2_regularization,validation_metric,val/high_ppl,50000,2026-09-09T09:15:37.286975Z,829.5131836
phase2_regularization,validation_metric,val/high_ppl,75000,2026-09-09T09:40:20.430859Z,1175.167847
phase2_regularization,validation_metric,val/high_ppl,100000,2026-09-09T10:04:37.213752Z,1270.413818
phase2_regularization,validation_metric,val/high_ppl,125000,2026-09-09T10:28:57.832581Z,1243.650269
phase2_regularization,validation_metric,val/high_ppl,150000,2026-09-09T10:53:52.385979Z,1226.973999
phase2_regularization,validation_metric,val/high_ppl,175000,2026-09-09T11:19:41.763829Z,1287.700073
phase2_regularization,validation_metric,val/high_ppl,200000,2026-09-09T11:45:39.627447Z,1437.473877
phase2_regularization,validation_metric,val/high_ppl,225000,2026-09-09T12:11:27.511912Z,1452.960815
phase2_regularization,validation_metric,val/high_ppl,250000,2026-09-09T12:37:14.907498Z,1556.044312
phase2_regularization,validation_metric,val/high_ppl,275000,2026-09-09T13:02:16.692908Z,1516.102539
phase2_regularization,validation_metric,val/high_ppl,300000,2026-09-09T13:26:49.609425Z,1519.045532
phase2_regularization,validation_metric,val/high_ppl,325000,2026-09-09T13:52:23.439255Z,1550.932495
phase2_regularization,validation_metric,val/high_ppl,350000,2026-09-09T14:17:39.455936Z,1738.682861
phase2_regularization,validation_metric,val/high_ppl,375000,2026-09-09T14:43:04.405858Z,1888.295288
phase2_regularization,validation_metric,val/high_ppl,400000,2026-09-09T15:08:26.822679Z,1903.661987
phase2_regularization,validation_metric,val/high_ppl,425000,2026-09-09T15:33:47.390681Z,2062.992432
phase2_regularization,validation_metric,val/high_ppl,450000,2026-09-09T15:58:55.267577Z,2074.765137
phase2_regularization,validation_metric,val/high_ppl,475000,2026-09-09T16:23:59.431262Z,1998.994141
phase2_regularization,validation_metric,val/high_ppl,500000,2026-09-09T16:49:15.114485Z,1739.782593
phase2_regularization,validation_metric,val/high_ppl,525000,2026-09-09T17:18:52.230298Z,1726.327393
phase2_regularization,validation_metric,val/high_ppl,550000,2026-09-09T17:49:20.238195Z,1370.672729
phase2_regularization,validation_metric,val/high_ppl,575000,2026-09-09T18:18:54.409504Z,1189.795654
phase2_regularization,validation_metric,val/high_ppl,600000,2026-09-09T18:44:23.382150Z,1132.605225
phase2_regularization,validation_metric,val/high_si_sdr_db,25000,2026-09-09T08:51:22.357656Z,10.19497967
phase2_regularization,validation_metric,val/high_si_sdr_db,50000,2026-09-09T09:15:43.862087Z,10.50370598
phase2_regularization,validation_metric,val/high_si_sdr_db,75000,2026-09-09T09:40:27.037779Z,10.5217371
phase2_regularization,validation_metric,val/high_si_sdr_db,100000,2026-09-09T10:04:43.718768Z,10.4923296
phase2_regularization,validation_metric,val/high_si_sdr_db,125000,2026-09-09T10:29:04.399881Z,10.55669975
phase2_regularization,validation_metric,val/high_si_sdr_db,150000,2026-09-09T10:53:59.229347Z,11.00205231
phase2_regularization,validation_metric,val/high_si_sdr_db,175000,2026-09-09T11:19:48.559808Z,11.03203773
phase2_regularization,validation_metric,val/high_si_sdr_db,200000,2026-09-09T11:45:46.332430Z,10.8655901
phase2_regularization,validation_metric,val/high_si_sdr_db,225000,2026-09-09T12:11:34.267577Z,11.1081543
phase2_regularization,validation_metric,val/high_si_sdr_db,250000,2026-09-09T12:37:21.628948Z,11.16046047
phase2_regularization,validation_metric,val/high_si_sdr_db,275000,2026-09-09T13:02:23.346575Z,10.56301403
phase2_regularization,validation_metric,val/high_si_sdr_db,300000,2026-09-09T13:26:56.203226Z,11.14945412
phase2_regularization,validation_metric,val/high_si_sdr_db,325000,2026-09-09T13:52:30.111130Z,11.07120132
phase2_regularization,validation_metric,val/high_si_sdr_db,350000,2026-09-09T14:17:46.131593Z,10.84922028
phase2_regularization,validation_metric,val/high_si_sdr_db,375000,2026-09-09T14:43:11.046308Z,11.16635132
phase2_regularization,validation_metric,val/high_si_sdr_db,400000,2026-09-09T15:08:33.443180Z,10.66785336
phase2_regularization,validation_metric,val/high_si_sdr_db,425000,2026-09-09T15:33:53.995595Z,11.06147385
phase2_regularization,validation_metric,val/high_si_sdr_db,450000,2026-09-09T15:59:01.942090Z,11.08738995
phase2_regularization,validation_metric,val/high_si_sdr_db,475000,2026-09-09T16:24:06.026326Z,10.7856636
phase2_regularization,validation_metric,val/high_si_sdr_db,500000,2026-09-09T16:49:21.821485Z,11.32335854
phase2_regularization,validation_metric,val/high_si_sdr_db,525000,2026-09-09T17:19:19.895276Z,11.33382607
phase2_regularization,validation_metric,val/high_si_sdr_db,550000,2026-09-09T17:49:45.851315Z,10.9325819
phase2_regularization,validation_metric,val/high_si_sdr_db,575000,2026-09-09T18:19:01.051592Z,11.20640469
phase2_regularization,validation_metric,val/high_si_sdr_db,600000,2026-09-09T18:44:30.019629Z,11.07428932
phase2_regularization,validation_metric,val/high_si_sdr_db_gap_only,25000,2026-09-09T08:51:22.357668Z,-16.44449806
phase2_regularization,validation_metric,val/high_si_sdr_db_gap_only,50000,2026-09-09T09:15:43.862103Z,-16.3849144
phase2_regularization,validation_metric,val/high_si_sdr_db_gap_only,75000,2026-09-09T09:40:27.037790Z,-16.42297363
phase2_regularization,validation_metric,val/high_si_sdr_db_gap_only,100000,2026-09-09T10:04:43.718780Z,-15.68431377
phase2_regularization,validation_metric,val/high_si_sdr_db_gap_only,125000,2026-09-09T10:29:04.399893Z,-16.71586418
phase2_regularization,validation_metric,val/high_si_sdr_db_gap_only,150000,2026-09-09T10:53:59.229359Z,-15.01215649
phase2_regularization,validation_metric,val/high_si_sdr_db_gap_only,175000,2026-09-09T11:19:48.559822Z,-15.93329048
phase2_regularization,validation_metric,val/high_si_sdr_db_gap_only,200000,2026-09-09T11:45:46.332442Z,-14.42686844
phase2_regularization,validation_metric,val/high_si_sdr_db_gap_only,225000,2026-09-09T12:11:34.267589Z,-14.65246391
phase2_regularization,validation_metric,val/high_si_sdr_db_gap_only,250000,2026-09-09T12:37:21.628960Z,-14.18919373
phase2_regularization,validation_metric,val/high_si_sdr_db_gap_only,275000,2026-09-09T13:02:23.346587Z,-16.18804741
phase2_regularization,validation_metric,val/high_si_sdr_db_gap_only,300000,2026-09-09T13:26:56.203238Z,-14.11202049
phase2_regularization,validation_metric,val/high_si_sdr_db_gap_only,325000,2026-09-09T13:52:30.111142Z,-12.59363174
phase2_regularization,validation_metric,val/high_si_sdr_db_gap_only,350000,2026-09-09T14:17:46.131605Z,-12.7797575
phase2_regularization,validation_metric,val/high_si_sdr_db_gap_only,375000,2026-09-09T14:43:11.046320Z,-12.46004677
phase2_regularization,validation_metric,val/high_si_sdr_db_gap_only,400000,2026-09-09T15:08:33.443192Z,-16.08838463
phase2_regularization,validation_metric,val/high_si_sdr_db_gap_only,425000,2026-09-09T15:33:53.995605Z,-13.50620079
phase2_regularization,validation_metric,val/high_si_sdr_db_gap_only,450000,2026-09-09T15:59:01.942101Z,-16.19979286
phase2_regularization,validation_metric,val/high_si_sdr_db_gap_only,475000,2026-09-09T16:24:06.026338Z,-14.67676163
phase2_regularization,validation_metric,val/high_si_sdr_db_gap_only,500000,2026-09-09T16:49:21.821496Z,-13.0069418
phase2_regularization,validation_metric,val/high_si_sdr_db_gap_only,525000,2026-09-09T17:19:19.895288Z,-12.94323444
phase2_regularization,validation_metric,val/high_si_sdr_db_gap_only,550000,2026-09-09T17:49:45.851327Z,-12.99638081
phase2_regularization,validation_metric,val/high_si_sdr_db_gap_only,575000,2026-09-09T18:19:01.051604Z,-15.00580978
phase2_regularization,validation_metric,val/high_si_sdr_db_gap_only,600000,2026-09-09T18:44:30.019641Z,-13.98787212
phase2_regularization,validation_metric,val/high_spectral_convergence,25000,2026-09-09T08:51:22.357678Z,0.1905885935
phase2_regularization,validation_metric,val/high_spectral_convergence,50000,2026-09-09T09:15:43.862119Z,0.1900571734
phase2_regularization,validation_metric,val/high_spectral_convergence,75000,2026-09-09T09:40:27.037808Z,0.1934630722
phase2_regularization,validation_metric,val/high_spectral_convergence,100000,2026-09-09T10:04:43.718791Z,0.2006376982
phase2_regularization,validation_metric,val/high_spectral_convergence,125000,2026-09-09T10:29:04.399904Z,0.1948974282
phase2_regularization,validation_metric,val/high_spectral_convergence,150000,2026-09-09T10:53:59.229370Z,0.1880348176
phase2_regularization,validation_metric,val/high_spectral_convergence,175000,2026-09-09T11:19:48.559833Z,0.1925720721
phase2_regularization,validation_metric,val/high_spectral_convergence,200000,2026-09-09T11:45:46.332453Z,0.1932727098
phase2_regularization,validation_metric,val/high_spectral_convergence,225000,2026-09-09T12:11:34.267599Z,0.1878691316
phase2_regularization,validation_metric,val/high_spectral_convergence,250000,2026-09-09T12:37:21.628970Z,0.1882175505
phase2_regularization,validation_metric,val/high_spectral_convergence,275000,2026-09-09T13:02:23.346597Z,0.1950462759
phase2_regularization,validation_metric,val/high_spectral_convergence,300000,2026-09-09T13:26:56.203249Z,0.1920793802
phase2_regularization,validation_metric,val/high_spectral_convergence,325000,2026-09-09T13:52:30.111153Z,0.1904995888
phase2_regularization,validation_metric,val/high_spectral_convergence,350000,2026-09-09T14:17:46.131616Z,0.1891232729
phase2_regularization,validation_metric,val/high_spectral_convergence,375000,2026-09-09T14:43:11.046331Z,0.1871249527
phase2_regularization,validation_metric,val/high_spectral_convergence,400000,2026-09-09T15:08:33.443203Z,0.1920237243
phase2_regularization,validation_metric,val/high_spectral_convergence,425000,2026-09-09T15:33:53.995615Z,0.1821701378
phase2_regularization,validation_metric,val/high_spectral_convergence,450000,2026-09-09T15:59:01.942112Z,0.1845735013
phase2_regularization,validation_metric,val/high_spectral_convergence,475000,2026-09-09T16:24:06.026348Z,0.1915842891
phase2_regularization,validation_metric,val/high_spectral_convergence,500000,2026-09-09T16:49:21.821507Z,0.1822423339
phase2_regularization,validation_metric,val/high_spectral_convergence,525000,2026-09-09T17:19:19.895300Z,0.1776752025
phase2_regularization,validation_metric,val/high_spectral_convergence,550000,2026-09-09T17:49:45.851338Z,0.1860208362
phase2_regularization,validation_metric,val/high_spectral_convergence,575000,2026-09-09T18:19:01.051615Z,0.1823973358
phase2_regularization,validation_metric,val/high_spectral_convergence,600000,2026-09-09T18:44:30.019651Z,0.1821665168
phase2_regularization,validation_metric,val/high_spectral_convergence_gap_only,25000,2026-09-09T08:51:22.357689Z,0.7825912237
phase2_regularization,validation_metric,val/high_spectral_convergence_gap_only,50000,2026-09-09T09:15:43.862134Z,0.787224412
phase2_regularization,validation_metric,val/high_spectral_convergence_gap_only,75000,2026-09-09T09:40:27.037819Z,0.797775507
phase2_regularization,validation_metric,val/high_spectral_convergence_gap_only,100000,2026-09-09T10:04:43.718810Z,0.8320657015
phase2_regularization,validation_metric,val/high_spectral_convergence_gap_only,125000,2026-09-09T10:29:04.399915Z,0.8343769908
phase2_regularization,validation_metric,val/high_spectral_convergence_gap_only,150000,2026-09-09T10:53:59.229380Z,0.7898791432
phase2_regularization,validation_metric,val/high_spectral_convergence_gap_only,175000,2026-09-09T11:19:48.559844Z,0.8036141396
phase2_regularization,validation_metric,val/high_spectral_convergence_gap_only,200000,2026-09-09T11:45:46.332463Z,0.8140664101
phase2_regularization,validation_metric,val/high_spectral_convergence_gap_only,225000,2026-09-09T12:11:34.267610Z,0.8024289608
phase2_regularization,validation_metric,val/high_spectral_convergence_gap_only,250000,2026-09-09T12:37:21.628981Z,0.7906348109
phase2_regularization,validation_metric,val/high_spectral_convergence_gap_only,275000,2026-09-09T13:02:23.346608Z,0.8196297884
phase2_regularization,validation_metric,val/high_spectral_convergence_gap_only,300000,2026-09-09T13:26:56.203259Z,0.8131517172
phase2_regularization,validation_metric,val/high_spectral_convergence_gap_only,325000,2026-09-09T13:52:30.111164Z,0.8127430677
phase2_regularization,validation_metric,val/high_spectral_convergence_gap_only,350000,2026-09-09T14:17:46.131627Z,0.7992883325
phase2_regularization,validation_metric,val/high_spectral_convergence_gap_only,375000,2026-09-09T14:43:11.046342Z,0.7849345207
phase2_regularization,validation_metric,val/high_spectral_convergence_gap_only,400000,2026-09-09T15:08:33.443213Z,0.8119308352
phase2_regularization,validation_metric,val/high_spectral_convergence_gap_only,425000,2026-09-09T15:33:53.995625Z,0.7972014546
phase2_regularization,validation_metric,val/high_spectral_convergence_gap_only,450000,2026-09-09T15:59:01.942122Z,0.781322062
phase2_regularization,validation_metric,val/high_spectral_convergence_gap_only,475000,2026-09-09T16:24:06.026359Z,0.8263029456
phase2_regularization,validation_metric,val/high_spectral_convergence_gap_only,500000,2026-09-09T16:49:21.821518Z,0.7547107339
phase2_regularization,validation_metric,val/high_spectral_convergence_gap_only,525000,2026-09-09T17:19:19.895311Z,0.7690026164
phase2_regularization,validation_metric,val/high_spectral_convergence_gap_only,550000,2026-09-09T17:49:45.851349Z,0.7850455046
phase2_regularization,validation_metric,val/high_spectral_convergence_gap_only,575000,2026-09-09T18:19:01.051626Z,0.7856377959
phase2_regularization,validation_metric,val/high_spectral_convergence_gap_only,600000,2026-09-09T18:44:30.019662Z,0.7838712335
phase2_regularization,validation_metric,val/low_acc_top1,25000,2026-09-09T08:51:15.820693Z,0.1103515625
phase2_regularization,validation_metric,val/low_acc_top1,50000,2026-09-09T09:15:37.287177Z,0.1328125
phase2_regularization,validation_metric,val/low_acc_top1,75000,2026-09-09T09:40:20.431105Z,0.08854166418
phase2_regularization,validation_metric,val/low_acc_top1,100000,2026-09-09T10:04:37.214134Z,0.1178385466
phase2_regularization,validation_metric,val/low_acc_top1,125000,2026-09-09T10:28:57.832777Z,0.1253255159
phase2_regularization,validation_metric,val/low_acc_top1,150000,2026-09-09T10:53:52.386393Z,0.1061197966
phase2_regularization,validation_metric,val/low_acc_top1,175000,2026-09-09T11:19:41.764138Z,0.09309896082
phase2_regularization,validation_metric,val/low_acc_top1,200000,2026-09-09T11:45:39.627928Z,0.07096354663
phase2_regularization,validation_metric,val/low_acc_top1,225000,2026-09-09T12:11:27.512213Z,0.1139322966
phase2_regularization,validation_metric,val/low_acc_top1,250000,2026-09-09T12:37:14.907704Z,0.1370442808
phase2_regularization,validation_metric,val/low_acc_top1,275000,2026-09-09T13:02:16.693322Z,0.07389323413
phase2_regularization,validation_metric,val/low_acc_top1,300000,2026-09-09T13:26:49.609841Z,0.1389974058
phase2_regularization,validation_metric,val/low_acc_top1,325000,2026-09-09T13:52:23.439494Z,0.130859375
phase2_regularization,validation_metric,val/low_acc_top1,350000,2026-09-09T14:17:39.456163Z,0.1315104216
phase2_regularization,validation_metric,val/low_acc_top1,375000,2026-09-09T14:43:04.406125Z,0.1175130233
phase2_regularization,validation_metric,val/low_acc_top1,400000,2026-09-09T15:08:26.823168Z,0.1126302108
phase2_regularization,validation_metric,val/low_acc_top1,425000,2026-09-09T15:33:47.390900Z,0.1064453125
phase2_regularization,validation_metric,val/low_acc_top1,450000,2026-09-09T15:58:55.268270Z,0.09928385913
phase2_regularization,validation_metric,val/low_acc_top1,475000,2026-09-09T16:23:59.431566Z,0.1305338591
phase2_regularization,validation_metric,val/low_acc_top1,500000,2026-09-09T16:49:15.114914Z,0.087890625
phase2_regularization,validation_metric,val/low_acc_top1,525000,2026-09-09T17:18:52.231071Z,0.1194661483
phase2_regularization,validation_metric,val/low_acc_top1,550000,2026-09-09T17:49:20.238734Z,0.1178385466
phase2_regularization,validation_metric,val/low_acc_top1,575000,2026-09-09T18:18:54.409977Z,0.1116536483
phase2_regularization,validation_metric,val/low_acc_top1,600000,2026-09-09T18:44:23.382566Z,0.1139322966
phase2_regularization,validation_metric,val/low_acc_top5,25000,2026-09-09T08:51:15.820806Z,0.4013671875
phase2_regularization,validation_metric,val/low_acc_top5,50000,2026-09-09T09:15:37.287230Z,0.4085286558
phase2_regularization,validation_metric,val/low_acc_top5,75000,2026-09-09T09:40:20.431159Z,0.4029948115
phase2_regularization,validation_metric,val/low_acc_top5,100000,2026-09-09T10:04:37.214238Z,0.3821614683
phase2_regularization,validation_metric,val/low_acc_top5,125000,2026-09-09T10:28:57.832853Z,0.4055989683
phase2_regularization,validation_metric,val/low_acc_top5,150000,2026-09-09T10:53:52.386502Z,0.392578125
phase2_regularization,validation_metric,val/low_acc_top5,175000,2026-09-09T11:19:41.764218Z,0.4013671875
phase2_regularization,validation_metric,val/low_acc_top5,200000,2026-09-09T11:45:39.628069Z,0.3597005308
phase2_regularization,validation_metric,val/low_acc_top5,225000,2026-09-09T12:11:27.512282Z,0.4085286558
phase2_regularization,validation_metric,val/low_acc_top5,250000,2026-09-09T12:37:14.907758Z,0.3977864683
phase2_regularization,validation_metric,val/low_acc_top5,275000,2026-09-09T13:02:16.693439Z,0.388671875
phase2_regularization,validation_metric,val/low_acc_top5,300000,2026-09-09T13:26:49.609950Z,0.4222005308
phase2_regularization,validation_metric,val/low_acc_top5,325000,2026-09-09T13:52:23.439548Z,0.4055989683
phase2_regularization,validation_metric,val/low_acc_top5,350000,2026-09-09T14:17:39.456207Z,0.405924499
phase2_regularization,validation_metric,val/low_acc_top5,375000,2026-09-09T14:43:04.406189Z,0.4147135615
phase2_regularization,validation_metric,val/low_acc_top5,400000,2026-09-09T15:08:26.823284Z,0.3701171875
phase2_regularization,validation_metric,val/low_acc_top5,425000,2026-09-09T15:33:47.390970Z,0.3876953125
phase2_regularization,validation_metric,val/low_acc_top5,450000,2026-09-09T15:58:55.268466Z,0.4095052183
phase2_regularization,validation_metric,val/low_acc_top5,475000,2026-09-09T16:23:59.431624Z,0.4225260615
phase2_regularization,validation_metric,val/low_acc_top5,500000,2026-09-09T16:49:15.115034Z,0.3736979365
phase2_regularization,validation_metric,val/low_acc_top5,525000,2026-09-09T17:18:52.231082Z,0.3916015625
phase2_regularization,validation_metric,val/low_acc_top5,550000,2026-09-09T17:49:20.238744Z,0.41015625
phase2_regularization,validation_metric,val/low_acc_top5,575000,2026-09-09T18:18:54.410090Z,0.4111328125
phase2_regularization,validation_metric,val/low_acc_top5,600000,2026-09-09T18:44:23.382675Z,0.4088541865
phase2_regularization,validation_metric,val/low_len_1_acc_top1,25000,2026-09-09T08:51:15.759284Z,0.203125
phase2_regularization,validation_metric,val/low_len_1_acc_top1,50000,2026-09-09T09:15:37.245363Z,0.1875
phase2_regularization,validation_metric,val/low_len_1_acc_top1,75000,2026-09-09T09:40:20.378378Z,0.140625
phase2_regularization,validation_metric,val/low_len_1_acc_top1,100000,2026-09-09T10:04:37.171150Z,0.15625
phase2_regularization,validation_metric,val/low_len_1_acc_top1,125000,2026-09-09T10:28:57.790614Z,0.1875
phase2_regularization,validation_metric,val/low_len_1_acc_top1,150000,2026-09-09T10:53:52.342161Z,0.15625
phase2_regularization,validation_metric,val/low_len_1_acc_top1,175000,2026-09-09T11:19:41.719764Z,0.09375
phase2_regularization,validation_metric,val/low_len_1_acc_top1,200000,2026-09-09T11:45:39.583239Z,0.046875
phase2_regularization,validation_metric,val/low_len_1_acc_top1,225000,2026-09-09T12:11:27.461097Z,0.09375
phase2_regularization,validation_metric,val/low_len_1_acc_top1,250000,2026-09-09T12:37:14.866046Z,0.1875
phase2_regularization,validation_metric,val/low_len_1_acc_top1,275000,2026-09-09T13:02:16.650333Z,0.0625
phase2_regularization,validation_metric,val/low_len_1_acc_top1,300000,2026-09-09T13:26:49.566762Z,0.15625
phase2_regularization,validation_metric,val/low_len_1_acc_top1,325000,2026-09-09T13:52:23.395703Z,0.203125
phase2_regularization,validation_metric,val/low_len_1_acc_top1,350000,2026-09-09T14:17:39.412547Z,0.171875
phase2_regularization,validation_metric,val/low_len_1_acc_top1,375000,2026-09-09T14:43:04.354512Z,0.171875
phase2_regularization,validation_metric,val/low_len_1_acc_top1,400000,2026-09-09T15:08:26.759261Z,0.109375
phase2_regularization,validation_metric,val/low_len_1_acc_top1,425000,2026-09-09T15:33:47.348467Z,0.078125
phase2_regularization,validation_metric,val/low_len_1_acc_top1,450000,2026-09-09T15:58:55.225361Z,0.109375
phase2_regularization,validation_metric,val/low_len_1_acc_top1,475000,2026-09-09T16:23:59.367201Z,0.140625
phase2_regularization,validation_metric,val/low_len_1_acc_top1,500000,2026-09-09T16:49:15.070961Z,0.09375
phase2_regularization,validation_metric,val/low_len_1_acc_top1,525000,2026-09-09T17:18:52.173800Z,0.171875
phase2_regularization,validation_metric,val/low_len_1_acc_top1,550000,2026-09-09T17:49:20.183955Z,0.125
phase2_regularization,validation_metric,val/low_len_1_acc_top1,575000,2026-09-09T18:18:54.365571Z,0.109375
phase2_regularization,validation_metric,val/low_len_1_acc_top1,600000,2026-09-09T18:44:23.339716Z,0.09375
phase2_regularization,validation_metric,val/low_len_1_acc_top5,25000,2026-09-09T08:51:15.759291Z,0.515625
phase2_regularization,validation_metric,val/low_len_1_acc_top5,50000,2026-09-09T09:15:37.245370Z,0.53125
phase2_regularization,validation_metric,val/low_len_1_acc_top5,75000,2026-09-09T09:40:20.378388Z,0.578125
phase2_regularization,validation_metric,val/low_len_1_acc_top5,100000,2026-09-09T10:04:37.171156Z,0.453125
phase2_regularization,validation_metric,val/low_len_1_acc_top5,125000,2026-09-09T10:28:57.790620Z,0.5
phase2_regularization,validation_metric,val/low_len_1_acc_top5,150000,2026-09-09T10:53:52.342168Z,0.453125
phase2_regularization,validation_metric,val/low_len_1_acc_top5,175000,2026-09-09T11:19:41.719771Z,0.46875
phase2_regularization,validation_metric,val/low_len_1_acc_top5,200000,2026-09-09T11:45:39.583246Z,0.4375
phase2_regularization,validation_metric,val/low_len_1_acc_top5,225000,2026-09-09T12:11:27.461106Z,0.546875
phase2_regularization,validation_metric,val/low_len_1_acc_top5,250000,2026-09-09T12:37:14.866052Z,0.546875
phase2_regularization,validation_metric,val/low_len_1_acc_top5,275000,2026-09-09T13:02:16.650341Z,0.484375
phase2_regularization,validation_metric,val/low_len_1_acc_top5,300000,2026-09-09T13:26:49.566768Z,0.53125
phase2_regularization,validation_metric,val/low_len_1_acc_top5,325000,2026-09-09T13:52:23.395710Z,0.53125
phase2_regularization,validation_metric,val/low_len_1_acc_top5,350000,2026-09-09T14:17:39.412553Z,0.546875
phase2_regularization,validation_metric,val/low_len_1_acc_top5,375000,2026-09-09T14:43:04.354520Z,0.515625
phase2_regularization,validation_metric,val/low_len_1_acc_top5,400000,2026-09-09T15:08:26.759269Z,0.453125
phase2_regularization,validation_metric,val/low_len_1_acc_top5,425000,2026-09-09T15:33:47.348474Z,0.453125
phase2_regularization,validation_metric,val/low_len_1_acc_top5,450000,2026-09-09T15:58:55.225367Z,0.453125
phase2_regularization,validation_metric,val/low_len_1_acc_top5,475000,2026-09-09T16:23:59.367208Z,0.5625
phase2_regularization,validation_metric,val/low_len_1_acc_top5,500000,2026-09-09T16:49:15.070967Z,0.40625
phase2_regularization,validation_metric,val/low_len_1_acc_top5,525000,2026-09-09T17:18:52.173811Z,0.5
phase2_regularization,validation_metric,val/low_len_1_acc_top5,550000,2026-09-09T17:49:20.183964Z,0.5
phase2_regularization,validation_metric,val/low_len_1_acc_top5,575000,2026-09-09T18:18:54.365580Z,0.484375
phase2_regularization,validation_metric,val/low_len_1_acc_top5,600000,2026-09-09T18:44:23.339722Z,0.484375
phase2_regularization,validation_metric,val/low_len_1_loss,25000,2026-09-09T08:51:15.759248Z,2.912379026
phase2_regularization,validation_metric,val/low_len_1_loss,50000,2026-09-09T09:15:37.245322Z,2.867781639
phase2_regularization,validation_metric,val/low_len_1_loss,75000,2026-09-09T09:40:20.378310Z,3.089367867
phase2_regularization,validation_metric,val/low_len_1_loss,100000,2026-09-09T10:04:37.171116Z,3.107894421
phase2_regularization,validation_metric,val/low_len_1_loss,125000,2026-09-09T10:28:57.790573Z,3.090740681
phase2_regularization,validation_metric,val/low_len_1_loss,150000,2026-09-09T10:53:52.342121Z,3.167525291
phase2_regularization,validation_metric,val/low_len_1_loss,175000,2026-09-09T11:19:41.719721Z,3.228858948
phase2_regularization,validation_metric,val/low_len_1_loss,200000,2026-09-09T11:45:39.583197Z,3.34287262
phase2_regularization,validation_metric,val/low_len_1_loss,225000,2026-09-09T12:11:27.461047Z,3.207962036
phase2_regularization,validation_metric,val/low_len_1_loss,250000,2026-09-09T12:37:14.866002Z,2.878681183
phase2_regularization,validation_metric,val/low_len_1_loss,275000,2026-09-09T13:02:16.650294Z,3.187461853
phase2_regularization,validation_metric,val/low_len_1_loss,300000,2026-09-09T13:26:49.566728Z,2.952488661
phase2_regularization,validation_metric,val/low_len_1_loss,325000,2026-09-09T13:52:23.395666Z,3.045036316
phase2_regularization,validation_metric,val/low_len_1_loss,350000,2026-09-09T14:17:39.412512Z,3.058162689
phase2_regularization,validation_metric,val/low_len_1_loss,375000,2026-09-09T14:43:04.354465Z,3.021270752
phase2_regularization,validation_metric,val/low_len_1_loss,400000,2026-09-09T15:08:26.759221Z,3.091552734
phase2_regularization,validation_metric,val/low_len_1_loss,425000,2026-09-09T15:33:47.348427Z,3.063785553
phase2_regularization,validation_metric,val/low_len_1_loss,450000,2026-09-09T15:58:55.225325Z,3.078895569
phase2_regularization,validation_metric,val/low_len_1_loss,475000,2026-09-09T16:23:59.367148Z,3.072052002
phase2_regularization,validation_metric,val/low_len_1_loss,500000,2026-09-09T16:49:15.070925Z,3.331726074
phase2_regularization,validation_metric,val/low_len_1_loss,525000,2026-09-09T17:18:52.173722Z,3.151062012
phase2_regularization,validation_metric,val/low_len_1_loss,550000,2026-09-09T17:49:20.183886Z,3.254737854
phase2_regularization,validation_metric,val/low_len_1_loss,575000,2026-09-09T18:18:54.365520Z,3.123092651
phase2_regularization,validation_metric,val/low_len_1_loss,600000,2026-09-09T18:44:23.339680Z,3.152572632
phase2_regularization,validation_metric,val/low_len_1_nll,25000,2026-09-09T08:51:15.759269Z,2.912379026
phase2_regularization,validation_metric,val/low_len_1_nll,50000,2026-09-09T09:15:37.245344Z,2.867781639
phase2_regularization,validation_metric,val/low_len_1_nll,75000,2026-09-09T09:40:20.378340Z,3.089367867
phase2_regularization,validation_metric,val/low_len_1_nll,100000,2026-09-09T10:04:37.171136Z,3.107894421
phase2_regularization,validation_metric,val/low_len_1_nll,125000,2026-09-09T10:28:57.790596Z,3.090740681
phase2_regularization,validation_metric,val/low_len_1_nll,150000,2026-09-09T10:53:52.342145Z,3.167525291
phase2_regularization,validation_metric,val/low_len_1_nll,175000,2026-09-09T11:19:41.719748Z,3.228858948
phase2_regularization,validation_metric,val/low_len_1_nll,200000,2026-09-09T11:45:39.583223Z,3.34287262
phase2_regularization,validation_metric,val/low_len_1_nll,225000,2026-09-09T12:11:27.461076Z,3.207962036
phase2_regularization,validation_metric,val/low_len_1_nll,250000,2026-09-09T12:37:14.866026Z,2.878681183
phase2_regularization,validation_metric,val/low_len_1_nll,275000,2026-09-09T13:02:16.650315Z,3.187461853
phase2_regularization,validation_metric,val/low_len_1_nll,300000,2026-09-09T13:26:49.566747Z,2.952488661
phase2_regularization,validation_metric,val/low_len_1_nll,325000,2026-09-09T13:52:23.395688Z,3.045036316
phase2_regularization,validation_metric,val/low_len_1_nll,350000,2026-09-09T14:17:39.412532Z,3.058162689
phase2_regularization,validation_metric,val/low_len_1_nll,375000,2026-09-09T14:43:04.354491Z,3.021270752
phase2_regularization,validation_metric,val/low_len_1_nll,400000,2026-09-09T15:08:26.759243Z,3.091552734
phase2_regularization,validation_metric,val/low_len_1_nll,425000,2026-09-09T15:33:47.348449Z,3.063785553
phase2_regularization,validation_metric,val/low_len_1_nll,450000,2026-09-09T15:58:55.225345Z,3.078895569
phase2_regularization,validation_metric,val/low_len_1_nll,475000,2026-09-09T16:23:59.367170Z,3.072052002
phase2_regularization,validation_metric,val/low_len_1_nll,500000,2026-09-09T16:49:15.070945Z,3.331726074
phase2_regularization,validation_metric,val/low_len_1_nll,525000,2026-09-09T17:18:52.173773Z,3.151062012
phase2_regularization,validation_metric,val/low_len_1_nll,550000,2026-09-09T17:49:20.183933Z,3.254737854
phase2_regularization,validation_metric,val/low_len_1_nll,575000,2026-09-09T18:18:54.365551Z,3.123092651
phase2_regularization,validation_metric,val/low_len_1_nll,600000,2026-09-09T18:44:23.339700Z,3.152572632
phase2_regularization,validation_metric,val/low_len_1_ppl,25000,2026-09-09T08:51:15.759277Z,18.40052223
phase2_regularization,validation_metric,val/low_len_1_ppl,50000,2026-09-09T09:15:37.245356Z,17.59793663
phase2_regularization,validation_metric,val/low_len_1_ppl,75000,2026-09-09T09:40:20.378352Z,21.96319008
phase2_regularization,validation_metric,val/low_len_1_ppl,100000,2026-09-09T10:04:37.171144Z,22.3738842
phase2_regularization,validation_metric,val/low_len_1_ppl,125000,2026-09-09T10:28:57.790606Z,21.99336243
phase2_regularization,validation_metric,val/low_len_1_ppl,150000,2026-09-09T10:53:52.342154Z,23.74864006
phase2_regularization,validation_metric,val/low_len_1_ppl,175000,2026-09-09T11:19:41.719757Z,25.25082779
phase2_regularization,validation_metric,val/low_len_1_ppl,200000,2026-09-09T11:45:39.583232Z,28.30030632
phase2_regularization,validation_metric,val/low_len_1_ppl,225000,2026-09-09T12:11:27.461088Z,24.7286396
phase2_regularization,validation_metric,val/low_len_1_ppl,250000,2026-09-09T12:37:14.866038Z,17.79079437
phase2_regularization,validation_metric,val/low_len_1_ppl,275000,2026-09-09T13:02:16.650325Z,24.22685814
phase2_regularization,validation_metric,val/low_len_1_ppl,300000,2026-09-09T13:26:49.566755Z,19.15356064
phase2_regularization,validation_metric,val/low_len_1_ppl,325000,2026-09-09T13:52:23.395696Z,21.01079369
phase2_regularization,validation_metric,val/low_len_1_ppl,350000,2026-09-09T14:17:39.412540Z,21.28840828
phase2_regularization,validation_metric,val/low_len_1_ppl,375000,2026-09-09T14:43:04.354502Z,20.51734734
phase2_regularization,validation_metric,val/low_len_1_ppl,400000,2026-09-09T15:08:26.759253Z,22.01122856
phase2_regularization,validation_metric,val/low_len_1_ppl,425000,2026-09-09T15:33:47.348459Z,21.40844727
phase2_regularization,validation_metric,val/low_len_1_ppl,450000,2026-09-09T15:58:55.225353Z,21.73438454
phase2_regularization,validation_metric,val/low_len_1_ppl,475000,2026-09-09T16:23:59.367178Z,21.58615303
phase2_regularization,validation_metric,val/low_len_1_ppl,500000,2026-09-09T16:49:15.070953Z,27.9866066
phase2_regularization,validation_metric,val/low_len_1_ppl,525000,2026-09-09T17:18:52.173785Z,23.36086082
phase2_regularization,validation_metric,val/low_len_1_ppl,550000,2026-09-09T17:49:20.183945Z,25.91282082
phase2_regularization,validation_metric,val/low_len_1_ppl,575000,2026-09-09T18:18:54.365562Z,22.71652603
phase2_regularization,validation_metric,val/low_len_1_ppl,600000,2026-09-09T18:44:23.339709Z,23.39617729
phase2_regularization,validation_metric,val/low_len_1_si_sdr_db,25000,2026-09-09T08:51:19.855166Z,16.33087158
phase2_regularization,validation_metric,val/low_len_1_si_sdr_db,50000,2026-09-09T09:15:41.324474Z,17.11674118
phase2_regularization,validation_metric,val/low_len_1_si_sdr_db,75000,2026-09-09T09:40:24.510684Z,17.06775665
phase2_regularization,validation_metric,val/low_len_1_si_sdr_db,100000,2026-09-09T10:04:41.234157Z,14.01840973
phase2_regularization,validation_metric,val/low_len_1_si_sdr_db,125000,2026-09-09T10:29:01.860487Z,16.43196869
phase2_regularization,validation_metric,val/low_len_1_si_sdr_db,150000,2026-09-09T10:53:56.595016Z,17.4282608
phase2_regularization,validation_metric,val/low_len_1_si_sdr_db,175000,2026-09-09T11:19:45.958735Z,14.72687149
phase2_regularization,validation_metric,val/low_len_1_si_sdr_db,200000,2026-09-09T11:45:43.740591Z,17.53138733
phase2_regularization,validation_metric,val/low_len_1_si_sdr_db,225000,2026-09-09T12:11:31.655938Z,15.11098194
phase2_regularization,validation_metric,val/low_len_1_si_sdr_db,250000,2026-09-09T12:37:19.041846Z,17.2956543
phase2_regularization,validation_metric,val/low_len_1_si_sdr_db,275000,2026-09-09T13:02:20.777778Z,15.47755527
phase2_regularization,validation_metric,val/low_len_1_si_sdr_db,300000,2026-09-09T13:26:53.666622Z,17.97602081
phase2_regularization,validation_metric,val/low_len_1_si_sdr_db,325000,2026-09-09T13:52:27.548467Z,15.28401089
phase2_regularization,validation_metric,val/low_len_1_si_sdr_db,350000,2026-09-09T14:17:43.570489Z,18.07090187
phase2_regularization,validation_metric,val/low_len_1_si_sdr_db,375000,2026-09-09T14:43:08.492698Z,15.25153446
phase2_regularization,validation_metric,val/low_len_1_si_sdr_db,400000,2026-09-09T15:08:30.889433Z,16.14523888
phase2_regularization,validation_metric,val/low_len_1_si_sdr_db,425000,2026-09-09T15:33:51.444583Z,15.41498661
phase2_regularization,validation_metric,val/low_len_1_si_sdr_db,450000,2026-09-09T15:58:59.358477Z,15.09673882
phase2_regularization,validation_metric,val/low_len_1_si_sdr_db,475000,2026-09-09T16:24:03.488826Z,15.0204401
phase2_regularization,validation_metric,val/low_len_1_si_sdr_db,500000,2026-09-09T16:49:19.222630Z,15.62351799
phase2_regularization,validation_metric,val/low_len_1_si_sdr_db,525000,2026-09-09T17:19:09.321182Z,16.73316002
phase2_regularization,validation_metric,val/low_len_1_si_sdr_db,550000,2026-09-09T17:49:36.888223Z,16.01745224
phase2_regularization,validation_metric,val/low_len_1_si_sdr_db,575000,2026-09-09T18:18:58.508061Z,15.40909481
phase2_regularization,validation_metric,val/low_len_1_si_sdr_db,600000,2026-09-09T18:44:27.467618Z,16.59468842
phase2_regularization,validation_metric,val/low_len_1_si_sdr_db_gap_only,25000,2026-09-09T08:51:19.855207Z,6.024563313
phase2_regularization,validation_metric,val/low_len_1_si_sdr_db_gap_only,50000,2026-09-09T09:15:41.324515Z,6.123444557
phase2_regularization,validation_metric,val/low_len_1_si_sdr_db_gap_only,75000,2026-09-09T09:40:24.510723Z,7.725219727
phase2_regularization,validation_metric,val/low_len_1_si_sdr_db_gap_only,100000,2026-09-09T10:04:41.234196Z,3.795758963
phase2_regularization,validation_metric,val/low_len_1_si_sdr_db_gap_only,125000,2026-09-09T10:29:01.860524Z,8.509858131
phase2_regularization,validation_metric,val/low_len_1_si_sdr_db_gap_only,150000,2026-09-09T10:53:56.595062Z,8.24751091
phase2_regularization,validation_metric,val/low_len_1_si_sdr_db_gap_only,175000,2026-09-09T11:19:45.958775Z,5.713630199
phase2_regularization,validation_metric,val/low_len_1_si_sdr_db_gap_only,200000,2026-09-09T11:45:43.740634Z,7.423625946
phase2_regularization,validation_metric,val/low_len_1_si_sdr_db_gap_only,225000,2026-09-09T12:11:31.655981Z,6.681289196
phase2_regularization,validation_metric,val/low_len_1_si_sdr_db_gap_only,250000,2026-09-09T12:37:19.041887Z,8.069551468
phase2_regularization,validation_metric,val/low_len_1_si_sdr_db_gap_only,275000,2026-09-09T13:02:20.777828Z,5.117954254
phase2_regularization,validation_metric,val/low_len_1_si_sdr_db_gap_only,300000,2026-09-09T13:26:53.666657Z,8.074741364
phase2_regularization,validation_metric,val/low_len_1_si_sdr_db_gap_only,325000,2026-09-09T13:52:27.548512Z,7.671934128
phase2_regularization,validation_metric,val/low_len_1_si_sdr_db_gap_only,350000,2026-09-09T14:17:43.570528Z,8.593891144
phase2_regularization,validation_metric,val/low_len_1_si_sdr_db_gap_only,375000,2026-09-09T14:43:08.492741Z,7.116295815
phase2_regularization,validation_metric,val/low_len_1_si_sdr_db_gap_only,400000,2026-09-09T15:08:30.889475Z,6.656050205
phase2_regularization,validation_metric,val/low_len_1_si_sdr_db_gap_only,425000,2026-09-09T15:33:51.444628Z,5.765045166
phase2_regularization,validation_metric,val/low_len_1_si_sdr_db_gap_only,450000,2026-09-09T15:58:59.358521Z,6.333927631
phase2_regularization,validation_metric,val/low_len_1_si_sdr_db_gap_only,475000,2026-09-09T16:24:03.488872Z,6.533030987
phase2_regularization,validation_metric,val/low_len_1_si_sdr_db_gap_only,500000,2026-09-09T16:49:19.222672Z,6.109474659
phase2_regularization,validation_metric,val/low_len_1_si_sdr_db_gap_only,525000,2026-09-09T17:19:09.321231Z,6.590120792
phase2_regularization,validation_metric,val/low_len_1_si_sdr_db_gap_only,550000,2026-09-09T17:49:36.888273Z,5.080750942
phase2_regularization,validation_metric,val/low_len_1_si_sdr_db_gap_only,575000,2026-09-09T18:18:58.508102Z,5.158599854
phase2_regularization,validation_metric,val/low_len_1_si_sdr_db_gap_only,600000,2026-09-09T18:44:27.467660Z,6.471916199
phase2_regularization,validation_metric,val/low_len_1_spectral_convergence,25000,2026-09-09T08:51:19.855222Z,0.1143669859
phase2_regularization,validation_metric,val/low_len_1_spectral_convergence,50000,2026-09-09T09:15:41.324530Z,0.1083437204
phase2_regularization,validation_metric,val/low_len_1_spectral_convergence,75000,2026-09-09T09:40:24.510737Z,0.1113415882
phase2_regularization,validation_metric,val/low_len_1_spectral_convergence,100000,2026-09-09T10:04:41.234211Z,0.133662194
phase2_regularization,validation_metric,val/low_len_1_spectral_convergence,125000,2026-09-09T10:29:01.860539Z,0.1114140078
phase2_regularization,validation_metric,val/low_len_1_spectral_convergence,150000,2026-09-09T10:53:56.595077Z,0.102821812
phase2_regularization,validation_metric,val/low_len_1_spectral_convergence,175000,2026-09-09T11:19:45.958790Z,0.133449465
phase2_regularization,validation_metric,val/low_len_1_spectral_convergence,200000,2026-09-09T11:45:43.740649Z,0.1025677621
phase2_regularization,validation_metric,val/low_len_1_spectral_convergence,225000,2026-09-09T12:11:31.655996Z,0.1334721148
phase2_regularization,validation_metric,val/low_len_1_spectral_convergence,250000,2026-09-09T12:37:19.041902Z,0.1011346132
phase2_regularization,validation_metric,val/low_len_1_spectral_convergence,275000,2026-09-09T13:02:20.777843Z,0.1238834932
phase2_regularization,validation_metric,val/low_len_1_spectral_convergence,300000,2026-09-09T13:26:53.666670Z,0.0988092497
phase2_regularization,validation_metric,val/low_len_1_spectral_convergence,325000,2026-09-09T13:52:27.548527Z,0.1327909082
phase2_regularization,validation_metric,val/low_len_1_spectral_convergence,350000,2026-09-09T14:17:43.570541Z,0.102427505
phase2_regularization,validation_metric,val/low_len_1_spectral_convergence,375000,2026-09-09T14:43:08.492756Z,0.134354949
phase2_regularization,validation_metric,val/low_len_1_spectral_convergence,400000,2026-09-09T15:08:30.889489Z,0.1098561883
phase2_regularization,validation_metric,val/low_len_1_spectral_convergence,425000,2026-09-09T15:33:51.444643Z,0.1210681424
phase2_regularization,validation_metric,val/low_len_1_spectral_convergence,450000,2026-09-09T15:58:59.358536Z,0.1405065358
phase2_regularization,validation_metric,val/low_len_1_spectral_convergence,475000,2026-09-09T16:24:03.488888Z,0.1462642998
phase2_regularization,validation_metric,val/low_len_1_spectral_convergence,500000,2026-09-09T16:49:19.222687Z,0.1177087277
phase2_regularization,validation_metric,val/low_len_1_spectral_convergence,525000,2026-09-09T17:19:09.321244Z,0.1034295335
phase2_regularization,validation_metric,val/low_len_1_spectral_convergence,550000,2026-09-09T17:49:36.888288Z,0.1155596748
phase2_regularization,validation_metric,val/low_len_1_spectral_convergence,575000,2026-09-09T18:18:58.508116Z,0.1214328706
phase2_regularization,validation_metric,val/low_len_1_spectral_convergence,600000,2026-09-09T18:44:27.467675Z,0.1099766567
phase2_regularization,validation_metric,val/low_len_1_spectral_convergence_gap_only,25000,2026-09-09T08:51:19.855235Z,0.3806865215
phase2_regularization,validation_metric,val/low_len_1_spectral_convergence_gap_only,50000,2026-09-09T09:15:41.324544Z,0.3920770288
phase2_regularization,validation_metric,val/low_len_1_spectral_convergence_gap_only,75000,2026-09-09T09:40:24.510750Z,0.3562581241
phase2_regularization,validation_metric,val/low_len_1_spectral_convergence_gap_only,100000,2026-09-09T10:04:41.234223Z,0.4904704392
phase2_regularization,validation_metric,val/low_len_1_spectral_convergence_gap_only,125000,2026-09-09T10:29:01.860552Z,0.4517391622
phase2_regularization,validation_metric,val/low_len_1_spectral_convergence_gap_only,150000,2026-09-09T10:53:56.595090Z,0.3813388944
phase2_regularization,validation_metric,val/low_len_1_spectral_convergence_gap_only,175000,2026-09-09T11:19:45.958811Z,0.5015602708
phase2_regularization,validation_metric,val/low_len_1_spectral_convergence_gap_only,200000,2026-09-09T11:45:43.740662Z,0.4210164845
phase2_regularization,validation_metric,val/low_len_1_spectral_convergence_gap_only,225000,2026-09-09T12:11:31.656010Z,0.3900630474
phase2_regularization,validation_metric,val/low_len_1_spectral_convergence_gap_only,250000,2026-09-09T12:37:19.041915Z,0.4179445803
phase2_regularization,validation_metric,val/low_len_1_spectral_convergence_gap_only,275000,2026-09-09T13:02:20.777856Z,0.4588151276
phase2_regularization,validation_metric,val/low_len_1_spectral_convergence_gap_only,300000,2026-09-09T13:26:53.666682Z,0.3340654373
phase2_regularization,validation_metric,val/low_len_1_spectral_convergence_gap_only,325000,2026-09-09T13:52:27.548540Z,0.409740746
phase2_regularization,validation_metric,val/low_len_1_spectral_convergence_gap_only,350000,2026-09-09T14:17:43.570551Z,0.3820686936
phase2_regularization,validation_metric,val/low_len_1_spectral_convergence_gap_only,375000,2026-09-09T14:43:08.492769Z,0.4152339101
phase2_regularization,validation_metric,val/low_len_1_spectral_convergence_gap_only,400000,2026-09-09T15:08:30.889502Z,0.4045437872
phase2_regularization,validation_metric,val/low_len_1_spectral_convergence_gap_only,425000,2026-09-09T15:33:51.444656Z,0.4254314005
phase2_regularization,validation_metric,val/low_len_1_spectral_convergence_gap_only,450000,2026-09-09T15:58:59.358549Z,0.3973215222
phase2_regularization,validation_metric,val/low_len_1_spectral_convergence_gap_only,475000,2026-09-09T16:24:03.488903Z,0.5139692426
phase2_regularization,validation_metric,val/low_len_1_spectral_convergence_gap_only,500000,2026-09-09T16:49:19.222700Z,0.4674390554
phase2_regularization,validation_metric,val/low_len_1_spectral_convergence_gap_only,525000,2026-09-09T17:19:09.321256Z,0.4031218588
phase2_regularization,validation_metric,val/low_len_1_spectral_convergence_gap_only,550000,2026-09-09T17:49:36.888300Z,0.4633779824
phase2_regularization,validation_metric,val/low_len_1_spectral_convergence_gap_only,575000,2026-09-09T18:18:58.508129Z,0.4584652483
phase2_regularization,validation_metric,val/low_len_1_spectral_convergence_gap_only,600000,2026-09-09T18:44:27.467688Z,0.3952614367
phase2_regularization,validation_metric,val/low_len_2_acc_top1,25000,2026-09-09T08:51:15.773364Z,0.0625
phase2_regularization,validation_metric,val/low_len_2_acc_top1,50000,2026-09-09T09:15:37.259093Z,0.1015625
phase2_regularization,validation_metric,val/low_len_2_acc_top1,75000,2026-09-09T09:40:20.392902Z,0.0703125
phase2_regularization,validation_metric,val/low_len_2_acc_top1,100000,2026-09-09T10:04:37.185545Z,0.078125
phase2_regularization,validation_metric,val/low_len_2_acc_top1,125000,2026-09-09T10:28:57.804372Z,0.0859375
phase2_regularization,validation_metric,val/low_len_2_acc_top1,150000,2026-09-09T10:53:52.356454Z,0.0703125
phase2_regularization,validation_metric,val/low_len_2_acc_top1,175000,2026-09-09T11:19:41.734080Z,0.0625
phase2_regularization,validation_metric,val/low_len_2_acc_top1,200000,2026-09-09T11:45:39.597937Z,0.0625
phase2_regularization,validation_metric,val/low_len_2_acc_top1,225000,2026-09-09T12:11:27.475916Z,0.1328125
phase2_regularization,validation_metric,val/low_len_2_acc_top1,250000,2026-09-09T12:37:14.879878Z,0.078125
phase2_regularization,validation_metric,val/low_len_2_acc_top1,275000,2026-09-09T13:02:16.664598Z,0.0390625
phase2_regularization,validation_metric,val/low_len_2_acc_top1,300000,2026-09-09T13:26:49.580765Z,0.1015625
phase2_regularization,validation_metric,val/low_len_2_acc_top1,325000,2026-09-09T13:52:23.409697Z,0.0625
phase2_regularization,validation_metric,val/low_len_2_acc_top1,350000,2026-09-09T14:17:39.426739Z,0.09375
phase2_regularization,validation_metric,val/low_len_2_acc_top1,375000,2026-09-09T14:43:04.373833Z,0.078125
phase2_regularization,validation_metric,val/low_len_2_acc_top1,400000,2026-09-09T15:08:26.773792Z,0.09375
phase2_regularization,validation_metric,val/low_len_2_acc_top1,425000,2026-09-09T15:33:47.362521Z,0.1171875
phase2_regularization,validation_metric,val/low_len_2_acc_top1,450000,2026-09-09T15:58:55.239166Z,0.0859375
phase2_regularization,validation_metric,val/low_len_2_acc_top1,475000,2026-09-09T16:23:59.381459Z,0.1015625
phase2_regularization,validation_metric,val/low_len_2_acc_top1,500000,2026-09-09T16:49:15.085343Z,0.0703125
phase2_regularization,validation_metric,val/low_len_2_acc_top1,525000,2026-09-09T17:18:52.192417Z,0.1015625
phase2_regularization,validation_metric,val/low_len_2_acc_top1,550000,2026-09-09T17:49:20.201983Z,0.0859375
phase2_regularization,validation_metric,val/low_len_2_acc_top1,575000,2026-09-09T18:18:54.380460Z,0.09375
phase2_regularization,validation_metric,val/low_len_2_acc_top1,600000,2026-09-09T18:44:23.353719Z,0.1015625
phase2_regularization,validation_metric,val/low_len_2_acc_top5,25000,2026-09-09T08:51:15.773387Z,0.296875
phase2_regularization,validation_metric,val/low_len_2_acc_top5,50000,2026-09-09T09:15:37.259099Z,0.34375
phase2_regularization,validation_metric,val/low_len_2_acc_top5,75000,2026-09-09T09:40:20.392909Z,0.2734375
phase2_regularization,validation_metric,val/low_len_2_acc_top5,100000,2026-09-09T10:04:37.185552Z,0.296875
phase2_regularization,validation_metric,val/low_len_2_acc_top5,125000,2026-09-09T10:28:57.804378Z,0.296875
phase2_regularization,validation_metric,val/low_len_2_acc_top5,150000,2026-09-09T10:53:52.356461Z,0.3125
phase2_regularization,validation_metric,val/low_len_2_acc_top5,175000,2026-09-09T11:19:41.734087Z,0.2890625
phase2_regularization,validation_metric,val/low_len_2_acc_top5,200000,2026-09-09T11:45:39.597944Z,0.2578125
phase2_regularization,validation_metric,val/low_len_2_acc_top5,225000,2026-09-09T12:11:27.475923Z,0.3125
phase2_regularization,validation_metric,val/low_len_2_acc_top5,250000,2026-09-09T12:37:14.879884Z,0.2578125
phase2_regularization,validation_metric,val/low_len_2_acc_top5,275000,2026-09-09T13:02:16.664621Z,0.3125
phase2_regularization,validation_metric,val/low_len_2_acc_top5,300000,2026-09-09T13:26:49.580771Z,0.265625
phase2_regularization,validation_metric,val/low_len_2_acc_top5,325000,2026-09-09T13:52:23.409703Z,0.28125
phase2_regularization,validation_metric,val/low_len_2_acc_top5,350000,2026-09-09T14:17:39.426761Z,0.2734375
phase2_regularization,validation_metric,val/low_len_2_acc_top5,375000,2026-09-09T14:43:04.373842Z,0.3203125
phase2_regularization,validation_metric,val/low_len_2_acc_top5,400000,2026-09-09T15:08:26.773826Z,0.2421875
phase2_regularization,validation_metric,val/low_len_2_acc_top5,425000,2026-09-09T15:33:47.362528Z,0.296875
phase2_regularization,validation_metric,val/low_len_2_acc_top5,450000,2026-09-09T15:58:55.239172Z,0.3515625
phase2_regularization,validation_metric,val/low_len_2_acc_top5,475000,2026-09-09T16:23:59.381466Z,0.3125
phase2_regularization,validation_metric,val/low_len_2_acc_top5,500000,2026-09-09T16:49:15.085349Z,0.2734375
phase2_regularization,validation_metric,val/low_len_2_acc_top5,525000,2026-09-09T17:18:52.192427Z,0.2734375
phase2_regularization,validation_metric,val/low_len_2_acc_top5,550000,2026-09-09T17:49:20.201993Z,0.2578125
phase2_regularization,validation_metric,val/low_len_2_acc_top5,575000,2026-09-09T18:18:54.380466Z,0.2890625
phase2_regularization,validation_metric,val/low_len_2_acc_top5,600000,2026-09-09T18:44:23.353741Z,0.3203125
phase2_regularization,validation_metric,val/low_len_2_loss,25000,2026-09-09T08:51:15.773329Z,3.906520844
phase2_regularization,validation_metric,val/low_len_2_loss,50000,2026-09-09T09:15:37.259054Z,3.804840088
phase2_regularization,validation_metric,val/low_len_2_loss,75000,2026-09-09T09:40:20.392866Z,3.838093758
phase2_regularization,validation_metric,val/low_len_2_loss,100000,2026-09-09T10:04:37.185512Z,3.841133118
phase2_regularization,validation_metric,val/low_len_2_loss,125000,2026-09-09T10:28:57.804331Z,4.08285141
phase2_regularization,validation_metric,val/low_len_2_loss,150000,2026-09-09T10:53:52.356415Z,3.981468201
phase2_regularization,validation_metric,val/low_len_2_loss,175000,2026-09-09T11:19:41.734043Z,4.029727936
phase2_regularization,validation_metric,val/low_len_2_loss,200000,2026-09-09T11:45:39.597895Z,3.972106934
phase2_regularization,validation_metric,val/low_len_2_loss,225000,2026-09-09T12:11:27.475876Z,3.871124268
phase2_regularization,validation_metric,val/low_len_2_loss,250000,2026-09-09T12:37:14.879838Z,3.997745514
phase2_regularization,validation_metric,val/low_len_2_loss,275000,2026-09-09T13:02:16.664562Z,4.02362442
phase2_regularization,validation_metric,val/low_len_2_loss,300000,2026-09-09T13:26:49.580730Z,3.922687531
phase2_regularization,validation_metric,val/low_len_2_loss,325000,2026-09-09T13:52:23.409662Z,4.101837158
phase2_regularization,validation_metric,val/low_len_2_loss,350000,2026-09-09T14:17:39.426704Z,3.982660294
phase2_regularization,validation_metric,val/low_len_2_loss,375000,2026-09-09T14:43:04.373777Z,3.936897278
phase2_regularization,validation_metric,val/low_len_2_loss,400000,2026-09-09T15:08:26.773754Z,3.997478485
phase2_regularization,validation_metric,val/low_len_2_loss,425000,2026-09-09T15:33:47.362477Z,3.942249298
phase2_regularization,validation_metric,val/low_len_2_loss,450000,2026-09-09T15:58:55.239133Z,3.850776672
phase2_regularization,validation_metric,val/low_len_2_loss,475000,2026-09-09T16:23:59.381424Z,3.980049133
phase2_regularization,validation_metric,val/low_len_2_loss,500000,2026-09-09T16:49:15.085306Z,4.036277771
phase2_regularization,validation_metric,val/low_len_2_loss,525000,2026-09-09T17:18:52.192344Z,4.117378235
phase2_regularization,validation_metric,val/low_len_2_loss,550000,2026-09-09T17:49:20.201914Z,4.00315094
phase2_regularization,validation_metric,val/low_len_2_loss,575000,2026-09-09T18:18:54.380419Z,4.111110687
phase2_regularization,validation_metric,val/low_len_2_loss,600000,2026-09-09T18:44:23.353684Z,4.074277878
phase2_regularization,validation_metric,val/low_len_2_nll,25000,2026-09-09T08:51:15.773349Z,3.906520844
phase2_regularization,validation_metric,val/low_len_2_nll,50000,2026-09-09T09:15:37.259075Z,3.804840088
phase2_regularization,validation_metric,val/low_len_2_nll,75000,2026-09-09T09:40:20.392887Z,3.838093758
phase2_regularization,validation_metric,val/low_len_2_nll,100000,2026-09-09T10:04:37.185531Z,3.841133118
phase2_regularization,validation_metric,val/low_len_2_nll,125000,2026-09-09T10:28:57.804353Z,4.08285141
phase2_regularization,validation_metric,val/low_len_2_nll,150000,2026-09-09T10:53:52.356439Z,3.981468201
phase2_regularization,validation_metric,val/low_len_2_nll,175000,2026-09-09T11:19:41.734065Z,4.029727936
phase2_regularization,validation_metric,val/low_len_2_nll,200000,2026-09-09T11:45:39.597921Z,3.972106934
phase2_regularization,validation_metric,val/low_len_2_nll,225000,2026-09-09T12:11:27.475900Z,3.871124268
phase2_regularization,validation_metric,val/low_len_2_nll,250000,2026-09-09T12:37:14.879859Z,3.997745514
phase2_regularization,validation_metric,val/low_len_2_nll,275000,2026-09-09T13:02:16.664582Z,4.02362442
phase2_regularization,validation_metric,val/low_len_2_nll,300000,2026-09-09T13:26:49.580748Z,3.922687531
phase2_regularization,validation_metric,val/low_len_2_nll,325000,2026-09-09T13:52:23.409681Z,4.101837158
phase2_regularization,validation_metric,val/low_len_2_nll,350000,2026-09-09T14:17:39.426724Z,3.982660294
phase2_regularization,validation_metric,val/low_len_2_nll,375000,2026-09-09T14:43:04.373815Z,3.936897278
phase2_regularization,validation_metric,val/low_len_2_nll,400000,2026-09-09T15:08:26.773776Z,3.997478485
phase2_regularization,validation_metric,val/low_len_2_nll,425000,2026-09-09T15:33:47.362502Z,3.942249298
phase2_regularization,validation_metric,val/low_len_2_nll,450000,2026-09-09T15:58:55.239151Z,3.850776672
phase2_regularization,validation_metric,val/low_len_2_nll,475000,2026-09-09T16:23:59.381444Z,3.980049133
phase2_regularization,validation_metric,val/low_len_2_nll,500000,2026-09-09T16:49:15.085327Z,4.036277771
phase2_regularization,validation_metric,val/low_len_2_nll,525000,2026-09-09T17:18:52.192394Z,4.117378235
phase2_regularization,validation_metric,val/low_len_2_nll,550000,2026-09-09T17:49:20.201962Z,4.00315094
phase2_regularization,validation_metric,val/low_len_2_nll,575000,2026-09-09T18:18:54.380443Z,4.111110687
phase2_regularization,validation_metric,val/low_len_2_nll,600000,2026-09-09T18:44:23.353704Z,4.074277878
phase2_regularization,validation_metric,val/low_len_2_ppl,25000,2026-09-09T08:51:15.773357Z,49.72564697
phase2_regularization,validation_metric,val/low_len_2_ppl,50000,2026-09-09T09:15:37.259086Z,44.91806793
phase2_regularization,validation_metric,val/low_len_2_ppl,75000,2026-09-09T09:40:20.392895Z,46.43687057
phase2_regularization,validation_metric,val/low_len_2_ppl,100000,2026-09-09T10:04:37.185539Z,46.57822418
phase2_regularization,validation_metric,val/low_len_2_ppl,125000,2026-09-09T10:28:57.804364Z,59.31435776
phase2_regularization,validation_metric,val/low_len_2_ppl,150000,2026-09-09T10:53:52.356447Z,53.59566498
phase2_regularization,validation_metric,val/low_len_2_ppl,175000,2026-09-09T11:19:41.734073Z,56.24560547
phase2_regularization,validation_metric,val/low_len_2_ppl,200000,2026-09-09T11:45:39.597929Z,53.09628296
phase2_regularization,validation_metric,val/low_len_2_ppl,225000,2026-09-09T12:11:27.475909Z,47.996315
phase2_regularization,validation_metric,val/low_len_2_ppl,250000,2026-09-09T12:37:14.879870Z,54.47519684
phase2_regularization,validation_metric,val/low_len_2_ppl,275000,2026-09-09T13:02:16.664591Z,55.90335464
phase2_regularization,validation_metric,val/low_len_2_ppl,300000,2026-09-09T13:26:49.580757Z,50.53607941
phase2_regularization,validation_metric,val/low_len_2_ppl,325000,2026-09-09T13:52:23.409689Z,60.45124435
phase2_regularization,validation_metric,val/low_len_2_ppl,350000,2026-09-09T14:17:39.426732Z,53.65959549
phase2_regularization,validation_metric,val/low_len_2_ppl,375000,2026-09-09T14:43:04.373825Z,51.25931168
phase2_regularization,validation_metric,val/low_len_2_ppl,400000,2026-09-09T15:08:26.773784Z,54.46065521
phase2_regularization,validation_metric,val/low_len_2_ppl,425000,2026-09-09T15:33:47.362514Z,51.53438568
phase2_regularization,validation_metric,val/low_len_2_ppl,450000,2026-09-09T15:58:55.239159Z,47.02957535
phase2_regularization,validation_metric,val/low_len_2_ppl,475000,2026-09-09T16:23:59.381453Z,53.51966476
phase2_regularization,validation_metric,val/low_len_2_ppl,500000,2026-09-09T16:49:15.085336Z,56.6152153
phase2_regularization,validation_metric,val/low_len_2_ppl,525000,2026-09-09T17:18:52.192406Z,61.39805984
phase2_regularization,validation_metric,val/low_len_2_ppl,550000,2026-09-09T17:49:20.201973Z,54.77045822
phase2_regularization,validation_metric,val/low_len_2_ppl,575000,2026-09-09T18:18:54.380452Z,61.01444626
phase2_regularization,validation_metric,val/low_len_2_ppl,600000,2026-09-09T18:44:23.353712Z,58.80799866
phase2_regularization,validation_metric,val/low_len_2_si_sdr_db,25000,2026-09-09T08:51:20.665492Z,12.33413029
phase2_regularization,validation_metric,val/low_len_2_si_sdr_db,50000,2026-09-09T09:15:42.171332Z,12.8463459
phase2_regularization,validation_metric,val/low_len_2_si_sdr_db,75000,2026-09-09T09:40:25.358492Z,12.72863388
phase2_regularization,validation_metric,val/low_len_2_si_sdr_db,100000,2026-09-09T10:04:42.042620Z,12.25205135
phase2_regularization,validation_metric,val/low_len_2_si_sdr_db,125000,2026-09-09T10:29:02.696126Z,12.9923687
phase2_regularization,validation_metric,val/low_len_2_si_sdr_db,150000,2026-09-09T10:53:57.469570Z,11.34191322
phase2_regularization,validation_metric,val/low_len_2_si_sdr_db,175000,2026-09-09T11:19:46.840391Z,12.27560806
phase2_regularization,validation_metric,val/low_len_2_si_sdr_db,200000,2026-09-09T11:45:44.608117Z,12.68881321
phase2_regularization,validation_metric,val/low_len_2_si_sdr_db,225000,2026-09-09T12:11:32.515547Z,13.52868652
phase2_regularization,validation_metric,val/low_len_2_si_sdr_db,250000,2026-09-09T12:37:19.901431Z,13.22336102
phase2_regularization,validation_metric,val/low_len_2_si_sdr_db,275000,2026-09-09T13:02:21.628047Z,13.07279873
phase2_regularization,validation_metric,val/low_len_2_si_sdr_db,300000,2026-09-09T13:26:54.512879Z,13.35408401
phase2_regularization,validation_metric,val/low_len_2_si_sdr_db,325000,2026-09-09T13:52:28.407320Z,13.40878105
phase2_regularization,validation_metric,val/low_len_2_si_sdr_db,350000,2026-09-09T14:17:44.432824Z,13.22356129
phase2_regularization,validation_metric,val/low_len_2_si_sdr_db,375000,2026-09-09T14:43:09.353452Z,12.28347874
phase2_regularization,validation_metric,val/low_len_2_si_sdr_db,400000,2026-09-09T15:08:31.741508Z,12.90950775
phase2_regularization,validation_metric,val/low_len_2_si_sdr_db,425000,2026-09-09T15:33:52.289840Z,13.05841541
phase2_regularization,validation_metric,val/low_len_2_si_sdr_db,450000,2026-09-09T15:59:00.204511Z,11.13557529
phase2_regularization,validation_metric,val/low_len_2_si_sdr_db,475000,2026-09-09T16:24:04.333508Z,12.72033691
phase2_regularization,validation_metric,val/low_len_2_si_sdr_db,500000,2026-09-09T16:49:20.114541Z,12.72881508
phase2_regularization,validation_metric,val/low_len_2_si_sdr_db,525000,2026-09-09T17:19:12.448148Z,13.63735962
phase2_regularization,validation_metric,val/low_len_2_si_sdr_db,550000,2026-09-09T17:49:40.021205Z,13.39691734
phase2_regularization,validation_metric,val/low_len_2_si_sdr_db,575000,2026-09-09T18:18:59.357745Z,13.08455372
phase2_regularization,validation_metric,val/low_len_2_si_sdr_db,600000,2026-09-09T18:44:28.325089Z,13.28106022
phase2_regularization,validation_metric,val/low_len_2_si_sdr_db_gap_only,25000,2026-09-09T08:51:20.665532Z,-2.416200399
phase2_regularization,validation_metric,val/low_len_2_si_sdr_db_gap_only,50000,2026-09-09T09:15:42.171375Z,-6.153743744
phase2_regularization,validation_metric,val/low_len_2_si_sdr_db_gap_only,75000,2026-09-09T09:40:25.358538Z,-1.722545266
phase2_regularization,validation_metric,val/low_len_2_si_sdr_db_gap_only,100000,2026-09-09T10:04:42.042658Z,-4.099639893
phase2_regularization,validation_metric,val/low_len_2_si_sdr_db_gap_only,125000,2026-09-09T10:29:02.696165Z,-1.644026041
phase2_regularization,validation_metric,val/low_len_2_si_sdr_db_gap_only,150000,2026-09-09T10:53:57.469611Z,-2.025047064
phase2_regularization,validation_metric,val/low_len_2_si_sdr_db_gap_only,175000,2026-09-09T11:19:46.840436Z,-2.247698069
phase2_regularization,validation_metric,val/low_len_2_si_sdr_db_gap_only,200000,2026-09-09T11:45:44.608155Z,-1.420565367
phase2_regularization,validation_metric,val/low_len_2_si_sdr_db_gap_only,225000,2026-09-09T12:11:32.515590Z,0.01960246824
phase2_regularization,validation_metric,val/low_len_2_si_sdr_db_gap_only,250000,2026-09-09T12:37:19.901473Z,-0.06827826053
phase2_regularization,validation_metric,val/low_len_2_si_sdr_db_gap_only,275000,2026-09-09T13:02:21.628093Z,-1.487405062
phase2_regularization,validation_metric,val/low_len_2_si_sdr_db_gap_only,300000,2026-09-09T13:26:54.512918Z,-0.1364846975
phase2_regularization,validation_metric,val/low_len_2_si_sdr_db_gap_only,325000,2026-09-09T13:52:28.407362Z,-0.2347173691
phase2_regularization,validation_metric,val/low_len_2_si_sdr_db_gap_only,350000,2026-09-09T14:17:44.432863Z,-0.7885615826
phase2_regularization,validation_metric,val/low_len_2_si_sdr_db_gap_only,375000,2026-09-09T14:43:09.353498Z,-1.307605028
phase2_regularization,validation_metric,val/low_len_2_si_sdr_db_gap_only,400000,2026-09-09T15:08:31.741549Z,-1.717641592
phase2_regularization,validation_metric,val/low_len_2_si_sdr_db_gap_only,425000,2026-09-09T15:33:52.289887Z,-0.4861032367
phase2_regularization,validation_metric,val/low_len_2_si_sdr_db_gap_only,450000,2026-09-09T15:59:00.204560Z,-1.708715796
phase2_regularization,validation_metric,val/low_len_2_si_sdr_db_gap_only,475000,2026-09-09T16:24:04.333544Z,-0.5651421547
phase2_regularization,validation_metric,val/low_len_2_si_sdr_db_gap_only,500000,2026-09-09T16:49:20.114584Z,-0.5094032884
phase2_regularization,validation_metric,val/low_len_2_si_sdr_db_gap_only,525000,2026-09-09T17:19:12.448197Z,0.1043723151
phase2_regularization,validation_metric,val/low_len_2_si_sdr_db_gap_only,550000,2026-09-09T17:49:40.021254Z,0.02148235217
phase2_regularization,validation_metric,val/low_len_2_si_sdr_db_gap_only,575000,2026-09-09T18:18:59.357788Z,-0.629258275
phase2_regularization,validation_metric,val/low_len_2_si_sdr_db_gap_only,600000,2026-09-09T18:44:28.325131Z,-0.8461897373
phase2_regularization,validation_metric,val/low_len_2_spectral_convergence,25000,2026-09-09T08:51:20.665547Z,0.1827161014
phase2_regularization,validation_metric,val/low_len_2_spectral_convergence,50000,2026-09-09T09:15:42.171390Z,0.158732444
phase2_regularization,validation_metric,val/low_len_2_spectral_convergence,75000,2026-09-09T09:40:25.358552Z,0.1730263084
phase2_regularization,validation_metric,val/low_len_2_spectral_convergence,100000,2026-09-09T10:04:42.042672Z,0.1743422747
phase2_regularization,validation_metric,val/low_len_2_spectral_convergence,125000,2026-09-09T10:29:02.696180Z,0.1656208783
phase2_regularization,validation_metric,val/low_len_2_spectral_convergence,150000,2026-09-09T10:53:57.469626Z,0.1819032729
phase2_regularization,validation_metric,val/low_len_2_spectral_convergence,175000,2026-09-09T11:19:46.840451Z,0.1972631067
phase2_regularization,validation_metric,val/low_len_2_spectral_convergence,200000,2026-09-09T11:45:44.608170Z,0.1699228138
phase2_regularization,validation_metric,val/low_len_2_spectral_convergence,225000,2026-09-09T12:11:32.515605Z,0.1521915495
phase2_regularization,validation_metric,val/low_len_2_spectral_convergence,250000,2026-09-09T12:37:19.901487Z,0.1588844359
phase2_regularization,validation_metric,val/low_len_2_spectral_convergence,275000,2026-09-09T13:02:21.628107Z,0.1572996527
phase2_regularization,validation_metric,val/low_len_2_spectral_convergence,300000,2026-09-09T13:26:54.512933Z,0.1489600539
phase2_regularization,validation_metric,val/low_len_2_spectral_convergence,325000,2026-09-09T13:52:28.407377Z,0.1591160297
phase2_regularization,validation_metric,val/low_len_2_spectral_convergence,350000,2026-09-09T14:17:44.432875Z,0.1598806232
phase2_regularization,validation_metric,val/low_len_2_spectral_convergence,375000,2026-09-09T14:43:09.353513Z,0.2034125179
phase2_regularization,validation_metric,val/low_len_2_spectral_convergence,400000,2026-09-09T15:08:31.741565Z,0.1645778567
phase2_regularization,validation_metric,val/low_len_2_spectral_convergence,425000,2026-09-09T15:33:52.289903Z,0.1658351868
phase2_regularization,validation_metric,val/low_len_2_spectral_convergence,450000,2026-09-09T15:59:00.204575Z,0.2380309403
phase2_regularization,validation_metric,val/low_len_2_spectral_convergence,475000,2026-09-09T16:24:04.333557Z,0.159865126
phase2_regularization,validation_metric,val/low_len_2_spectral_convergence,500000,2026-09-09T16:49:20.114599Z,0.1565529257
phase2_regularization,validation_metric,val/low_len_2_spectral_convergence,525000,2026-09-09T17:19:12.448210Z,0.1493304074
phase2_regularization,validation_metric,val/low_len_2_spectral_convergence,550000,2026-09-09T17:49:40.021267Z,0.1537252069
phase2_regularization,validation_metric,val/low_len_2_spectral_convergence,575000,2026-09-09T18:18:59.357811Z,0.153066963
phase2_regularization,validation_metric,val/low_len_2_spectral_convergence,600000,2026-09-09T18:44:28.325145Z,0.153204307
phase2_regularization,validation_metric,val/low_len_2_spectral_convergence_gap_only,25000,2026-09-09T08:51:20.665560Z,0.6346680522
phase2_regularization,validation_metric,val/low_len_2_spectral_convergence_gap_only,50000,2026-09-09T09:15:42.171403Z,0.6480280161
phase2_regularization,validation_metric,val/low_len_2_spectral_convergence_gap_only,75000,2026-09-09T09:40:25.358565Z,0.555873692
phase2_regularization,validation_metric,val/low_len_2_spectral_convergence_gap_only,100000,2026-09-09T10:04:42.042685Z,0.6434373856
phase2_regularization,validation_metric,val/low_len_2_spectral_convergence_gap_only,125000,2026-09-09T10:29:02.696193Z,0.7015836239
phase2_regularization,validation_metric,val/low_len_2_spectral_convergence_gap_only,150000,2026-09-09T10:53:57.469640Z,0.7600938678
phase2_regularization,validation_metric,val/low_len_2_spectral_convergence_gap_only,175000,2026-09-09T11:19:46.840464Z,0.6640114188
phase2_regularization,validation_metric,val/low_len_2_spectral_convergence_gap_only,200000,2026-09-09T11:45:44.608182Z,0.6349212527
phase2_regularization,validation_metric,val/low_len_2_spectral_convergence_gap_only,225000,2026-09-09T12:11:32.515618Z,0.5893214345
phase2_regularization,validation_metric,val/low_len_2_spectral_convergence_gap_only,250000,2026-09-09T12:37:19.901501Z,0.6249263883
phase2_regularization,validation_metric,val/low_len_2_spectral_convergence_gap_only,275000,2026-09-09T13:02:21.628120Z,0.6755967736
phase2_regularization,validation_metric,val/low_len_2_spectral_convergence_gap_only,300000,2026-09-09T13:26:54.512946Z,0.5799155831
phase2_regularization,validation_metric,val/low_len_2_spectral_convergence_gap_only,325000,2026-09-09T13:52:28.407389Z,0.5941867828
phase2_regularization,validation_metric,val/low_len_2_spectral_convergence_gap_only,350000,2026-09-09T14:17:44.432886Z,0.6974055171
phase2_regularization,validation_metric,val/low_len_2_spectral_convergence_gap_only,375000,2026-09-09T14:43:09.353527Z,0.6754453182
phase2_regularization,validation_metric,val/low_len_2_spectral_convergence_gap_only,400000,2026-09-09T15:08:31.741575Z,0.6641805172
phase2_regularization,validation_metric,val/low_len_2_spectral_convergence_gap_only,425000,2026-09-09T15:33:52.289917Z,0.5621984005
phase2_regularization,validation_metric,val/low_len_2_spectral_convergence_gap_only,450000,2026-09-09T15:59:00.204588Z,0.6507619023
phase2_regularization,validation_metric,val/low_len_2_spectral_convergence_gap_only,475000,2026-09-09T16:24:04.333568Z,0.6540323496
phase2_regularization,validation_metric,val/low_len_2_spectral_convergence_gap_only,500000,2026-09-09T16:49:20.114611Z,0.5488643646
phase2_regularization,validation_metric,val/low_len_2_spectral_convergence_gap_only,525000,2026-09-09T17:19:12.448222Z,0.6100628972
phase2_regularization,validation_metric,val/low_len_2_spectral_convergence_gap_only,550000,2026-09-09T17:49:40.021278Z,0.5670627952
phase2_regularization,validation_metric,val/low_len_2_spectral_convergence_gap_only,575000,2026-09-09T18:18:59.357824Z,0.6305937767
phase2_regularization,validation_metric,val/low_len_2_spectral_convergence_gap_only,600000,2026-09-09T18:44:28.325157Z,0.6150168777
phase2_regularization,validation_metric,val/low_len_3_acc_top1,25000,2026-09-09T08:51:15.803727Z,0.0625
phase2_regularization,validation_metric,val/low_len_3_acc_top1,50000,2026-09-09T09:15:37.272896Z,0.09375
phase2_regularization,validation_metric,val/low_len_3_acc_top1,75000,2026-09-09T09:40:20.407381Z,0.04166666791
phase2_regularization,validation_metric,val/low_len_3_acc_top1,100000,2026-09-09T10:04:37.199667Z,0.08854167163
phase2_regularization,validation_metric,val/low_len_3_acc_top1,125000,2026-09-09T10:28:57.818408Z,0.05208333582
phase2_regularization,validation_metric,val/low_len_3_acc_top1,150000,2026-09-09T10:53:52.370954Z,0.07291667163
phase2_regularization,validation_metric,val/low_len_3_acc_top1,175000,2026-09-09T11:19:41.749073Z,0.09895833582
phase2_regularization,validation_metric,val/low_len_3_acc_top1,200000,2026-09-09T11:45:39.612643Z,0.07291667163
phase2_regularization,validation_metric,val/low_len_3_acc_top1,225000,2026-09-09T12:11:27.490695Z,0.08854167163
phase2_regularization,validation_metric,val/low_len_3_acc_top1,250000,2026-09-09T12:37:14.893662Z,0.1302083433
phase2_regularization,validation_metric,val/low_len_3_acc_top1,275000,2026-09-09T13:02:16.678871Z,0.07291667163
phase2_regularization,validation_metric,val/low_len_3_acc_top1,300000,2026-09-09T13:26:49.595052Z,0.1302083433
phase2_regularization,validation_metric,val/low_len_3_acc_top1,325000,2026-09-09T13:52:23.424753Z,0.09375
phase2_regularization,validation_metric,val/low_len_3_acc_top1,350000,2026-09-09T14:17:39.441164Z,0.1197916716
phase2_regularization,validation_metric,val/low_len_3_acc_top1,375000,2026-09-09T14:43:04.388691Z,0.09895833582
phase2_regularization,validation_metric,val/low_len_3_acc_top1,400000,2026-09-09T15:08:26.788187Z,0.08333333582
phase2_regularization,validation_metric,val/low_len_3_acc_top1,425000,2026-09-09T15:33:47.376607Z,0.109375
phase2_regularization,validation_metric,val/low_len_3_acc_top1,450000,2026-09-09T15:58:55.253379Z,0.07291667163
phase2_regularization,validation_metric,val/low_len_3_acc_top1,475000,2026-09-09T16:23:59.395702Z,0.1354166716
phase2_regularization,validation_metric,val/low_len_3_acc_top1,500000,2026-09-09T16:49:15.099840Z,0.09375
phase2_regularization,validation_metric,val/low_len_3_acc_top1,525000,2026-09-09T17:18:52.211440Z,0.09895833582
phase2_regularization,validation_metric,val/low_len_3_acc_top1,550000,2026-09-09T17:49:20.220164Z,0.1041666716
phase2_regularization,validation_metric,val/low_len_3_acc_top1,575000,2026-09-09T18:18:54.395144Z,0.09895833582
phase2_regularization,validation_metric,val/low_len_3_acc_top1,600000,2026-09-09T18:44:23.368117Z,0.08854167163
phase2_regularization,validation_metric,val/low_len_3_acc_top5,25000,2026-09-09T08:51:15.803736Z,0.375
phase2_regularization,validation_metric,val/low_len_3_acc_top5,50000,2026-09-09T09:15:37.272903Z,0.3177083433
phase2_regularization,validation_metric,val/low_len_3_acc_top5,75000,2026-09-09T09:40:20.407387Z,0.3229166865
phase2_regularization,validation_metric,val/low_len_3_acc_top5,100000,2026-09-09T10:04:37.199690Z,0.3177083433
phase2_regularization,validation_metric,val/low_len_3_acc_top5,125000,2026-09-09T10:28:57.818414Z,0.3333333433
phase2_regularization,validation_metric,val/low_len_3_acc_top5,150000,2026-09-09T10:53:52.370960Z,0.3125
phase2_regularization,validation_metric,val/low_len_3_acc_top5,175000,2026-09-09T11:19:41.749079Z,0.390625
phase2_regularization,validation_metric,val/low_len_3_acc_top5,200000,2026-09-09T11:45:39.612649Z,0.2864583433
phase2_regularization,validation_metric,val/low_len_3_acc_top5,225000,2026-09-09T12:11:27.490702Z,0.2864583433
phase2_regularization,validation_metric,val/low_len_3_acc_top5,250000,2026-09-09T12:37:14.893669Z,0.3333333433
phase2_regularization,validation_metric,val/low_len_3_acc_top5,275000,2026-09-09T13:02:16.678877Z,0.3125
phase2_regularization,validation_metric,val/low_len_3_acc_top5,300000,2026-09-09T13:26:49.595059Z,0.3645833433
phase2_regularization,validation_metric,val/low_len_3_acc_top5,325000,2026-09-09T13:52:23.424760Z,0.3489583433
phase2_regularization,validation_metric,val/low_len_3_acc_top5,350000,2026-09-09T14:17:39.441187Z,0.3385416865
phase2_regularization,validation_metric,val/low_len_3_acc_top5,375000,2026-09-09T14:43:04.388698Z,0.3697916865
phase2_regularization,validation_metric,val/low_len_3_acc_top5,400000,2026-09-09T15:08:26.788193Z,0.296875
phase2_regularization,validation_metric,val/low_len_3_acc_top5,425000,2026-09-09T15:33:47.376614Z,0.328125
phase2_regularization,validation_metric,val/low_len_3_acc_top5,450000,2026-09-09T15:58:55.253386Z,0.3489583433
phase2_regularization,validation_metric,val/low_len_3_acc_top5,475000,2026-09-09T16:23:59.395709Z,0.3541666865
phase2_regularization,validation_metric,val/low_len_3_acc_top5,500000,2026-09-09T16:49:15.099849Z,0.3385416865
phase2_regularization,validation_metric,val/low_len_3_acc_top5,525000,2026-09-09T17:18:52.211450Z,0.375
phase2_regularization,validation_metric,val/low_len_3_acc_top5,550000,2026-09-09T17:49:20.220173Z,0.375
phase2_regularization,validation_metric,val/low_len_3_acc_top5,575000,2026-09-09T18:18:54.395151Z,0.390625
phase2_regularization,validation_metric,val/low_len_3_acc_top5,600000,2026-09-09T18:44:23.368123Z,0.3385416865
phase2_regularization,validation_metric,val/low_len_3_loss,25000,2026-09-09T08:51:15.803675Z,3.420176268
phase2_regularization,validation_metric,val/low_len_3_loss,50000,2026-09-09T09:15:37.272855Z,3.474734068
phase2_regularization,validation_metric,val/low_len_3_loss,75000,2026-09-09T09:40:20.407343Z,3.382191896
phase2_regularization,validation_metric,val/low_len_3_loss,100000,2026-09-09T10:04:37.199636Z,3.388444185
phase2_regularization,validation_metric,val/low_len_3_loss,125000,2026-09-09T10:28:57.818367Z,3.48050952
phase2_regularization,validation_metric,val/low_len_3_loss,150000,2026-09-09T10:53:52.370916Z,3.38019824
phase2_regularization,validation_metric,val/low_len_3_loss,175000,2026-09-09T11:19:41.749035Z,3.364468813
phase2_regularization,validation_metric,val/low_len_3_loss,200000,2026-09-09T11:45:39.612603Z,3.492327452
phase2_regularization,validation_metric,val/low_len_3_loss,225000,2026-09-09T12:11:27.490656Z,3.50312686
phase2_regularization,validation_metric,val/low_len_3_loss,250000,2026-09-09T12:37:14.893623Z,3.391428709
phase2_regularization,validation_metric,val/low_len_3_loss,275000,2026-09-09T13:02:16.678838Z,3.502449036
phase2_regularization,validation_metric,val/low_len_3_loss,300000,2026-09-09T13:26:49.595000Z,3.326117277
phase2_regularization,validation_metric,val/low_len_3_loss,325000,2026-09-09T13:52:23.424714Z,3.464485168
phase2_regularization,validation_metric,val/low_len_3_loss,350000,2026-09-09T14:17:39.441128Z,3.422373533
phase2_regularization,validation_metric,val/low_len_3_loss,375000,2026-09-09T14:43:04.388654Z,3.407241821
phase2_regularization,validation_metric,val/low_len_3_loss,400000,2026-09-09T15:08:26.788148Z,3.479906797
phase2_regularization,validation_metric,val/low_len_3_loss,425000,2026-09-09T15:33:47.376565Z,3.392284393
phase2_regularization,validation_metric,val/low_len_3_loss,450000,2026-09-09T15:58:55.253345Z,3.43687439
phase2_regularization,validation_metric,val/low_len_3_loss,475000,2026-09-09T16:23:59.395669Z,3.369977236
phase2_regularization,validation_metric,val/low_len_3_loss,500000,2026-09-09T16:49:15.099785Z,3.516125917
phase2_regularization,validation_metric,val/low_len_3_loss,525000,2026-09-09T17:18:52.211366Z,3.460223436
phase2_regularization,validation_metric,val/low_len_3_loss,550000,2026-09-09T17:49:20.220094Z,3.393936157
phase2_regularization,validation_metric,val/low_len_3_loss,575000,2026-09-09T18:18:54.395108Z,3.442094088
phase2_regularization,validation_metric,val/low_len_3_loss,600000,2026-09-09T18:44:23.368078Z,3.389905214
phase2_regularization,validation_metric,val/low_len_3_nll,25000,2026-09-09T08:51:15.803706Z,3.420176268
phase2_regularization,validation_metric,val/low_len_3_nll,50000,2026-09-09T09:15:37.272877Z,3.474734068
phase2_regularization,validation_metric,val/low_len_3_nll,75000,2026-09-09T09:40:20.407366Z,3.382191896
phase2_regularization,validation_metric,val/low_len_3_nll,100000,2026-09-09T10:04:37.199653Z,3.388444185
phase2_regularization,validation_metric,val/low_len_3_nll,125000,2026-09-09T10:28:57.818388Z,3.48050952
phase2_regularization,validation_metric,val/low_len_3_nll,150000,2026-09-09T10:53:52.370937Z,3.38019824
phase2_regularization,validation_metric,val/low_len_3_nll,175000,2026-09-09T11:19:41.749057Z,3.364468813
phase2_regularization,validation_metric,val/low_len_3_nll,200000,2026-09-09T11:45:39.612626Z,3.492327452
phase2_regularization,validation_metric,val/low_len_3_nll,225000,2026-09-09T12:11:27.490680Z,3.50312686
phase2_regularization,validation_metric,val/low_len_3_nll,250000,2026-09-09T12:37:14.893643Z,3.391428709
phase2_regularization,validation_metric,val/low_len_3_nll,275000,2026-09-09T13:02:16.678856Z,3.502449036
phase2_regularization,validation_metric,val/low_len_3_nll,300000,2026-09-09T13:26:49.595021Z,3.326117277
phase2_regularization,validation_metric,val/low_len_3_nll,325000,2026-09-09T13:52:23.424735Z,3.464485168
phase2_regularization,validation_metric,val/low_len_3_nll,350000,2026-09-09T14:17:39.441149Z,3.422373533
phase2_regularization,validation_metric,val/low_len_3_nll,375000,2026-09-09T14:43:04.388676Z,3.407241821
phase2_regularization,validation_metric,val/low_len_3_nll,400000,2026-09-09T15:08:26.788171Z,3.479906797
phase2_regularization,validation_metric,val/low_len_3_nll,425000,2026-09-09T15:33:47.376589Z,3.392284393
phase2_regularization,validation_metric,val/low_len_3_nll,450000,2026-09-09T15:58:55.253363Z,3.43687439
phase2_regularization,validation_metric,val/low_len_3_nll,475000,2026-09-09T16:23:59.395687Z,3.369977236
phase2_regularization,validation_metric,val/low_len_3_nll,500000,2026-09-09T16:49:15.099818Z,3.516125917
phase2_regularization,validation_metric,val/low_len_3_nll,525000,2026-09-09T17:18:52.211418Z,3.460223436
phase2_regularization,validation_metric,val/low_len_3_nll,550000,2026-09-09T17:49:20.220142Z,3.393936157
phase2_regularization,validation_metric,val/low_len_3_nll,575000,2026-09-09T18:18:54.395128Z,3.442094088
phase2_regularization,validation_metric,val/low_len_3_nll,600000,2026-09-09T18:44:23.368101Z,3.389905214
phase2_regularization,validation_metric,val/low_len_3_ppl,25000,2026-09-09T08:51:15.803718Z,30.57480431
phase2_regularization,validation_metric,val/low_len_3_ppl,50000,2026-09-09T09:15:37.272888Z,32.28924179
phase2_regularization,validation_metric,val/low_len_3_ppl,75000,2026-09-09T09:40:20.407374Z,29.43521881
phase2_regularization,validation_metric,val/low_len_3_ppl,100000,2026-09-09T10:04:37.199661Z,29.61983299
phase2_regularization,validation_metric,val/low_len_3_ppl,125000,2026-09-09T10:28:57.818400Z,32.47626495
phase2_regularization,validation_metric,val/low_len_3_ppl,150000,2026-09-09T10:53:52.370946Z,29.37659454
phase2_regularization,validation_metric,val/low_len_3_ppl,175000,2026-09-09T11:19:41.749065Z,28.91813278
phase2_regularization,validation_metric,val/low_len_3_ppl,200000,2026-09-09T11:45:39.612635Z,32.86234283
phase2_regularization,validation_metric,val/low_len_3_ppl,225000,2026-09-09T12:11:27.490688Z,33.21916199
phase2_regularization,validation_metric,val/low_len_3_ppl,250000,2026-09-09T12:37:14.893655Z,29.70836639
phase2_regularization,validation_metric,val/low_len_3_ppl,275000,2026-09-09T13:02:16.678864Z,33.19665146
phase2_regularization,validation_metric,val/low_len_3_ppl,300000,2026-09-09T13:26:49.595029Z,27.83007431
phase2_regularization,validation_metric,val/low_len_3_ppl,325000,2026-09-09T13:52:23.424746Z,31.96000099
phase2_regularization,validation_metric,val/low_len_3_ppl,350000,2026-09-09T14:17:39.441157Z,30.64205933
phase2_regularization,validation_metric,val/low_len_3_ppl,375000,2026-09-09T14:43:04.388685Z,30.18188286
phase2_regularization,validation_metric,val/low_len_3_ppl,400000,2026-09-09T15:08:26.788180Z,32.45669556
phase2_regularization,validation_metric,val/low_len_3_ppl,425000,2026-09-09T15:33:47.376600Z,29.73379898
phase2_regularization,validation_metric,val/low_len_3_ppl,450000,2026-09-09T15:58:55.253372Z,31.08963203
phase2_regularization,validation_metric,val/low_len_3_ppl,475000,2026-09-09T16:23:59.395695Z,29.0778656
phase2_regularization,validation_metric,val/low_len_3_ppl,500000,2026-09-09T16:49:15.099829Z,33.65379715
phase2_regularization,validation_metric,val/low_len_3_ppl,525000,2026-09-09T17:18:52.211429Z,31.82408714
phase2_regularization,validation_metric,val/low_len_3_ppl,550000,2026-09-09T17:49:20.220154Z,29.78295135
phase2_regularization,validation_metric,val/low_len_3_ppl,575000,2026-09-09T18:18:54.395137Z,31.25233459
phase2_regularization,validation_metric,val/low_len_3_ppl,600000,2026-09-09T18:44:23.368109Z,29.66314125
phase2_regularization,validation_metric,val/low_len_3_si_sdr_db,25000,2026-09-09T08:51:21.506413Z,9.909932137
phase2_regularization,validation_metric,val/low_len_3_si_sdr_db,50000,2026-09-09T09:15:43.014606Z,9.294514656
phase2_regularization,validation_metric,val/low_len_3_si_sdr_db,75000,2026-09-09T09:40:26.198777Z,7.491368294
phase2_regularization,validation_metric,val/low_len_3_si_sdr_db,100000,2026-09-09T10:04:42.878850Z,8.965396881
phase2_regularization,validation_metric,val/low_len_3_si_sdr_db,125000,2026-09-09T10:29:03.549343Z,8.1009655
phase2_regularization,validation_metric,val/low_len_3_si_sdr_db,150000,2026-09-09T10:53:58.356749Z,8.853895187
phase2_regularization,validation_metric,val/low_len_3_si_sdr_db,175000,2026-09-09T11:19:47.694306Z,8.411445618
phase2_regularization,validation_metric,val/low_len_3_si_sdr_db,200000,2026-09-09T11:45:45.470058Z,9.329111099
phase2_regularization,validation_metric,val/low_len_3_si_sdr_db,225000,2026-09-09T12:11:33.401924Z,8.967497826
phase2_regularization,validation_metric,val/low_len_3_si_sdr_db,250000,2026-09-09T12:37:20.767299Z,9.452867508
phase2_regularization,validation_metric,val/low_len_3_si_sdr_db,275000,2026-09-09T13:02:22.492297Z,9.268561363
phase2_regularization,validation_metric,val/low_len_3_si_sdr_db,300000,2026-09-09T13:26:55.352828Z,10.27950096
phase2_regularization,validation_metric,val/low_len_3_si_sdr_db,325000,2026-09-09T13:52:29.268951Z,9.988715172
phase2_regularization,validation_metric,val/low_len_3_si_sdr_db,350000,2026-09-09T14:17:45.278192Z,8.882730484
phase2_regularization,validation_metric,val/low_len_3_si_sdr_db,375000,2026-09-09T14:43:10.198333Z,8.97232914
phase2_regularization,validation_metric,val/low_len_3_si_sdr_db,400000,2026-09-09T15:08:32.589463Z,10.61397076
phase2_regularization,validation_metric,val/low_len_3_si_sdr_db,425000,2026-09-09T15:33:53.136174Z,9.42987442
phase2_regularization,validation_metric,val/low_len_3_si_sdr_db,450000,2026-09-09T15:59:01.054771Z,8.146479607
phase2_regularization,validation_metric,val/low_len_3_si_sdr_db,475000,2026-09-09T16:24:05.180283Z,10.17291832
phase2_regularization,validation_metric,val/low_len_3_si_sdr_db,500000,2026-09-09T16:49:20.969247Z,10.46046925
phase2_regularization,validation_metric,val/low_len_3_si_sdr_db,525000,2026-09-09T17:19:16.633193Z,11.20954895
phase2_regularization,validation_metric,val/low_len_3_si_sdr_db,550000,2026-09-09T17:49:42.631161Z,11.39816952
phase2_regularization,validation_metric,val/low_len_3_si_sdr_db,575000,2026-09-09T18:19:00.198328Z,10.82614136
phase2_regularization,validation_metric,val/low_len_3_si_sdr_db,600000,2026-09-09T18:44:29.179466Z,10.79026413
phase2_regularization,validation_metric,val/low_len_3_si_sdr_db_gap_only,25000,2026-09-09T08:51:21.506453Z,-2.027278185
phase2_regularization,validation_metric,val/low_len_3_si_sdr_db_gap_only,50000,2026-09-09T09:15:43.014647Z,-3.460842133
phase2_regularization,validation_metric,val/low_len_3_si_sdr_db_gap_only,75000,2026-09-09T09:40:26.198825Z,-4.568459034
phase2_regularization,validation_metric,val/low_len_3_si_sdr_db_gap_only,100000,2026-09-09T10:04:42.878891Z,-2.577084303
phase2_regularization,validation_metric,val/low_len_3_si_sdr_db_gap_only,125000,2026-09-09T10:29:03.549378Z,-2.020143747
phase2_regularization,validation_metric,val/low_len_3_si_sdr_db_gap_only,150000,2026-09-09T10:53:58.356817Z,-0.5268849134
phase2_regularization,validation_metric,val/low_len_3_si_sdr_db_gap_only,175000,2026-09-09T11:19:47.694349Z,-2.003655434
phase2_regularization,validation_metric,val/low_len_3_si_sdr_db_gap_only,200000,2026-09-09T11:45:45.470100Z,-3.044912815
phase2_regularization,validation_metric,val/low_len_3_si_sdr_db_gap_only,225000,2026-09-09T12:11:33.401967Z,-1.195563316
phase2_regularization,validation_metric,val/low_len_3_si_sdr_db_gap_only,250000,2026-09-09T12:37:20.767340Z,-2.081570864
phase2_regularization,validation_metric,val/low_len_3_si_sdr_db_gap_only,275000,2026-09-09T13:02:22.492342Z,-3.11059165
phase2_regularization,validation_metric,val/low_len_3_si_sdr_db_gap_only,300000,2026-09-09T13:26:55.352870Z,-1.933087945
phase2_regularization,validation_metric,val/low_len_3_si_sdr_db_gap_only,325000,2026-09-09T13:52:29.268994Z,-1.869984746
phase2_regularization,validation_metric,val/low_len_3_si_sdr_db_gap_only,350000,2026-09-09T14:17:45.278232Z,-1.564065814
phase2_regularization,validation_metric,val/low_len_3_si_sdr_db_gap_only,375000,2026-09-09T14:43:10.198375Z,-0.5810556412
phase2_regularization,validation_metric,val/low_len_3_si_sdr_db_gap_only,400000,2026-09-09T15:08:32.589510Z,-0.4587433338
phase2_regularization,validation_metric,val/low_len_3_si_sdr_db_gap_only,425000,2026-09-09T15:33:53.136218Z,-2.150182009
phase2_regularization,validation_metric,val/low_len_3_si_sdr_db_gap_only,450000,2026-09-09T15:59:01.054820Z,-2.844360828
phase2_regularization,validation_metric,val/low_len_3_si_sdr_db_gap_only,475000,2026-09-09T16:24:05.180326Z,-0.580065012
phase2_regularization,validation_metric,val/low_len_3_si_sdr_db_gap_only,500000,2026-09-09T16:49:20.969293Z,-1.296602845
phase2_regularization,validation_metric,val/low_len_3_si_sdr_db_gap_only,525000,2026-09-09T17:19:16.633249Z,-0.8499843478
phase2_regularization,validation_metric,val/low_len_3_si_sdr_db_gap_only,550000,2026-09-09T17:49:42.631212Z,0.2959231734
phase2_regularization,validation_metric,val/low_len_3_si_sdr_db_gap_only,575000,2026-09-09T18:19:00.198378Z,-0.1227707863
phase2_regularization,validation_metric,val/low_len_3_si_sdr_db_gap_only,600000,2026-09-09T18:44:29.179505Z,-0.4647494853
phase2_regularization,validation_metric,val/low_len_3_spectral_convergence,25000,2026-09-09T08:51:21.506468Z,0.2179198861
phase2_regularization,validation_metric,val/low_len_3_spectral_convergence,50000,2026-09-09T09:15:43.014662Z,0.2146835476
phase2_regularization,validation_metric,val/low_len_3_spectral_convergence,75000,2026-09-09T09:40:26.198840Z,0.280017823
phase2_regularization,validation_metric,val/low_len_3_spectral_convergence,100000,2026-09-09T10:04:42.878905Z,0.2131528705
phase2_regularization,validation_metric,val/low_len_3_spectral_convergence,125000,2026-09-09T10:29:03.549391Z,0.2547519803
phase2_regularization,validation_metric,val/low_len_3_spectral_convergence,150000,2026-09-09T10:53:58.356840Z,0.212697506
phase2_regularization,validation_metric,val/low_len_3_spectral_convergence,175000,2026-09-09T11:19:47.694364Z,0.2499990463
phase2_regularization,validation_metric,val/low_len_3_spectral_convergence,200000,2026-09-09T11:45:45.470114Z,0.2115231603
phase2_regularization,validation_metric,val/low_len_3_spectral_convergence,225000,2026-09-09T12:11:33.401982Z,0.2598675787
phase2_regularization,validation_metric,val/low_len_3_spectral_convergence,250000,2026-09-09T12:37:20.767355Z,0.2322432101
phase2_regularization,validation_metric,val/low_len_3_spectral_convergence,275000,2026-09-09T13:02:22.492355Z,0.2372546196
phase2_regularization,validation_metric,val/low_len_3_spectral_convergence,300000,2026-09-09T13:26:55.352885Z,0.2024601102
phase2_regularization,validation_metric,val/low_len_3_spectral_convergence,325000,2026-09-09T13:52:29.269009Z,0.1917083561
phase2_regularization,validation_metric,val/low_len_3_spectral_convergence,350000,2026-09-09T14:17:45.278247Z,0.3020152748
phase2_regularization,validation_metric,val/low_len_3_spectral_convergence,375000,2026-09-09T14:43:10.198390Z,0.2720094025
phase2_regularization,validation_metric,val/low_len_3_spectral_convergence,400000,2026-09-09T15:08:32.589525Z,0.2083942592
phase2_regularization,validation_metric,val/low_len_3_spectral_convergence,425000,2026-09-09T15:33:53.136234Z,0.2294745147
phase2_regularization,validation_metric,val/low_len_3_spectral_convergence,450000,2026-09-09T15:59:01.054834Z,0.3579676449
phase2_regularization,validation_metric,val/low_len_3_spectral_convergence,475000,2026-09-09T16:24:05.180341Z,0.2208629549
phase2_regularization,validation_metric,val/low_len_3_spectral_convergence,500000,2026-09-09T16:49:20.969307Z,0.2054117918
phase2_regularization,validation_metric,val/low_len_3_spectral_convergence,525000,2026-09-09T17:19:16.633262Z,0.2034999281
phase2_regularization,validation_metric,val/low_len_3_spectral_convergence,550000,2026-09-09T17:49:42.631228Z,0.1823443621
phase2_regularization,validation_metric,val/low_len_3_spectral_convergence,575000,2026-09-09T18:19:00.198393Z,0.2209195495
phase2_regularization,validation_metric,val/low_len_3_spectral_convergence,600000,2026-09-09T18:44:29.179518Z,0.2064142376
phase2_regularization,validation_metric,val/low_len_3_spectral_convergence_gap_only,25000,2026-09-09T08:51:21.506480Z,0.6590847373
phase2_regularization,validation_metric,val/low_len_3_spectral_convergence_gap_only,50000,2026-09-09T09:15:43.014675Z,0.6328580976
phase2_regularization,validation_metric,val/low_len_3_spectral_convergence_gap_only,75000,2026-09-09T09:40:26.198852Z,0.7125025988
phase2_regularization,validation_metric,val/low_len_3_spectral_convergence_gap_only,100000,2026-09-09T10:04:42.878917Z,0.8360512853
phase2_regularization,validation_metric,val/low_len_3_spectral_convergence_gap_only,125000,2026-09-09T10:29:03.549403Z,0.8761129379
phase2_regularization,validation_metric,val/low_len_3_spectral_convergence_gap_only,150000,2026-09-09T10:53:58.356857Z,0.7041981816
phase2_regularization,validation_metric,val/low_len_3_spectral_convergence_gap_only,175000,2026-09-09T11:19:47.694377Z,0.6832174659
phase2_regularization,validation_metric,val/low_len_3_spectral_convergence_gap_only,200000,2026-09-09T11:45:45.470127Z,0.654904604
phase2_regularization,validation_metric,val/low_len_3_spectral_convergence_gap_only,225000,2026-09-09T12:11:33.401995Z,0.7122255564
phase2_regularization,validation_metric,val/low_len_3_spectral_convergence_gap_only,250000,2026-09-09T12:37:20.767368Z,0.6767462492
phase2_regularization,validation_metric,val/low_len_3_spectral_convergence_gap_only,275000,2026-09-09T13:02:22.492367Z,0.7577711344
phase2_regularization,validation_metric,val/low_len_3_spectral_convergence_gap_only,300000,2026-09-09T13:26:55.352897Z,0.6097093225
phase2_regularization,validation_metric,val/low_len_3_spectral_convergence_gap_only,325000,2026-09-09T13:52:29.269022Z,0.6615134478
phase2_regularization,validation_metric,val/low_len_3_spectral_convergence_gap_only,350000,2026-09-09T14:17:45.278260Z,0.8504811525
phase2_regularization,validation_metric,val/low_len_3_spectral_convergence_gap_only,375000,2026-09-09T14:43:10.198403Z,0.7221465707
phase2_regularization,validation_metric,val/low_len_3_spectral_convergence_gap_only,400000,2026-09-09T15:08:32.589537Z,0.6552692652
phase2_regularization,validation_metric,val/low_len_3_spectral_convergence_gap_only,425000,2026-09-09T15:33:53.136248Z,0.6682690978
phase2_regularization,validation_metric,val/low_len_3_spectral_convergence_gap_only,450000,2026-09-09T15:59:01.054845Z,0.9222254157
phase2_regularization,validation_metric,val/low_len_3_spectral_convergence_gap_only,475000,2026-09-09T16:24:05.180354Z,0.6754896045
phase2_regularization,validation_metric,val/low_len_3_spectral_convergence_gap_only,500000,2026-09-09T16:49:20.969320Z,0.76878196
phase2_regularization,validation_metric,val/low_len_3_spectral_convergence_gap_only,525000,2026-09-09T17:19:16.633274Z,0.6665055156
phase2_regularization,validation_metric,val/low_len_3_spectral_convergence_gap_only,550000,2026-09-09T17:49:42.631242Z,0.6528142095
phase2_regularization,validation_metric,val/low_len_3_spectral_convergence_gap_only,575000,2026-09-09T18:19:00.198405Z,0.8304560781
phase2_regularization,validation_metric,val/low_len_3_spectral_convergence_gap_only,600000,2026-09-09T18:44:29.179529Z,0.6917141676
phase2_regularization,validation_metric,val/low_len_4_acc_top1,25000,2026-09-09T08:51:15.820249Z,0.11328125
phase2_regularization,validation_metric,val/low_len_4_acc_top1,50000,2026-09-09T09:15:37.286937Z,0.1484375
phase2_regularization,validation_metric,val/low_len_4_acc_top1,75000,2026-09-09T09:40:20.430809Z,0.1015625
phase2_regularization,validation_metric,val/low_len_4_acc_top1,100000,2026-09-09T10:04:37.213716Z,0.1484375
phase2_regularization,validation_metric,val/low_len_4_acc_top1,125000,2026-09-09T10:28:57.832545Z,0.17578125
phase2_regularization,validation_metric,val/low_len_4_acc_top1,150000,2026-09-09T10:53:52.385941Z,0.125
phase2_regularization,validation_metric,val/low_len_4_acc_top1,175000,2026-09-09T11:19:41.763783Z,0.1171875
phase2_regularization,validation_metric,val/low_len_4_acc_top1,200000,2026-09-09T11:45:39.627408Z,0.1015625
phase2_regularization,validation_metric,val/low_len_4_acc_top1,225000,2026-09-09T12:11:27.511862Z,0.140625
phase2_regularization,validation_metric,val/low_len_4_acc_top1,250000,2026-09-09T12:37:14.907461Z,0.15234375
phase2_regularization,validation_metric,val/low_len_4_acc_top1,275000,2026-09-09T13:02:16.692873Z,0.12109375
phase2_regularization,validation_metric,val/low_len_4_acc_top1,300000,2026-09-09T13:26:49.609388Z,0.16796875
phase2_regularization,validation_metric,val/low_len_4_acc_top1,325000,2026-09-09T13:52:23.439218Z,0.1640625
phase2_regularization,validation_metric,val/low_len_4_acc_top1,350000,2026-09-09T14:17:39.455883Z,0.140625
phase2_regularization,validation_metric,val/low_len_4_acc_top1,375000,2026-09-09T14:43:04.405818Z,0.12109375
phase2_regularization,validation_metric,val/low_len_4_acc_top1,400000,2026-09-09T15:08:26.822614Z,0.1640625
phase2_regularization,validation_metric,val/low_len_4_acc_top1,425000,2026-09-09T15:33:47.390644Z,0.12109375
phase2_regularization,validation_metric,val/low_len_4_acc_top1,450000,2026-09-09T15:58:55.267539Z,0.12890625
phase2_regularization,validation_metric,val/low_len_4_acc_top1,475000,2026-09-09T16:23:59.431190Z,0.14453125
phase2_regularization,validation_metric,val/low_len_4_acc_top1,500000,2026-09-09T16:49:15.114432Z,0.09375
phase2_regularization,validation_metric,val/low_len_4_acc_top1,525000,2026-09-09T17:18:52.230241Z,0.10546875
phase2_regularization,validation_metric,val/low_len_4_acc_top1,550000,2026-09-09T17:49:20.238122Z,0.15625
phase2_regularization,validation_metric,val/low_len_4_acc_top1,575000,2026-09-09T18:18:54.409459Z,0.14453125
phase2_regularization,validation_metric,val/low_len_4_acc_top1,600000,2026-09-09T18:44:23.382113Z,0.171875
phase2_regularization,validation_metric,val/low_len_4_acc_top5,25000,2026-09-09T08:51:15.820256Z,0.41796875
phase2_regularization,validation_metric,val/low_len_4_acc_top5,50000,2026-09-09T09:15:37.286944Z,0.44140625
phase2_regularization,validation_metric,val/low_len_4_acc_top5,75000,2026-09-09T09:40:20.430818Z,0.4375
phase2_regularization,validation_metric,val/low_len_4_acc_top5,100000,2026-09-09T10:04:37.213723Z,0.4609375
phase2_regularization,validation_metric,val/low_len_4_acc_top5,125000,2026-09-09T10:28:57.832551Z,0.4921875
phase2_regularization,validation_metric,val/low_len_4_acc_top5,150000,2026-09-09T10:53:52.385947Z,0.4921875
phase2_regularization,validation_metric,val/low_len_4_acc_top5,175000,2026-09-09T11:19:41.763790Z,0.45703125
phase2_regularization,validation_metric,val/low_len_4_acc_top5,200000,2026-09-09T11:45:39.627415Z,0.45703125
phase2_regularization,validation_metric,val/low_len_4_acc_top5,225000,2026-09-09T12:11:27.511871Z,0.48828125
phase2_regularization,validation_metric,val/low_len_4_acc_top5,250000,2026-09-09T12:37:14.907467Z,0.453125
phase2_regularization,validation_metric,val/low_len_4_acc_top5,275000,2026-09-09T13:02:16.692879Z,0.4453125
phase2_regularization,validation_metric,val/low_len_4_acc_top5,300000,2026-09-09T13:26:49.609394Z,0.52734375
phase2_regularization,validation_metric,val/low_len_4_acc_top5,325000,2026-09-09T13:52:23.439224Z,0.4609375
phase2_regularization,validation_metric,val/low_len_4_acc_top5,350000,2026-09-09T14:17:39.455906Z,0.46484375
phase2_regularization,validation_metric,val/low_len_4_acc_top5,375000,2026-09-09T14:43:04.405825Z,0.453125
phase2_regularization,validation_metric,val/low_len_4_acc_top5,400000,2026-09-09T15:08:26.822627Z,0.48828125
phase2_regularization,validation_metric,val/low_len_4_acc_top5,425000,2026-09-09T15:33:47.390651Z,0.47265625
phase2_regularization,validation_metric,val/low_len_4_acc_top5,450000,2026-09-09T15:58:55.267545Z,0.484375
phase2_regularization,validation_metric,val/low_len_4_acc_top5,475000,2026-09-09T16:23:59.431204Z,0.4609375
phase2_regularization,validation_metric,val/low_len_4_acc_top5,500000,2026-09-09T16:49:15.114455Z,0.4765625
phase2_regularization,validation_metric,val/low_len_4_acc_top5,525000,2026-09-09T17:18:52.230251Z,0.41796875
phase2_regularization,validation_metric,val/low_len_4_acc_top5,550000,2026-09-09T17:49:20.238147Z,0.5078125
phase2_regularization,validation_metric,val/low_len_4_acc_top5,575000,2026-09-09T18:18:54.409468Z,0.48046875
phase2_regularization,validation_metric,val/low_len_4_acc_top5,600000,2026-09-09T18:44:23.382119Z,0.4921875
phase2_regularization,validation_metric,val/low_len_4_loss,25000,2026-09-09T08:51:15.820210Z,3.489872932
phase2_regularization,validation_metric,val/low_len_4_loss,50000,2026-09-09T09:15:37.286896Z,3.354375839
phase2_regularization,validation_metric,val/low_len_4_loss,75000,2026-09-09T09:40:20.430754Z,3.549183369
phase2_regularization,validation_metric,val/low_len_4_loss,100000,2026-09-09T10:04:37.213683Z,3.261003494
phase2_regularization,validation_metric,val/low_len_4_loss,125000,2026-09-09T10:28:57.832504Z,3.332536459
phase2_regularization,validation_metric,val/low_len_4_loss,150000,2026-09-09T10:53:52.385902Z,3.28357172
phase2_regularization,validation_metric,val/low_len_4_loss,175000,2026-09-09T11:19:41.763744Z,3.426147461
phase2_regularization,validation_metric,val/low_len_4_loss,200000,2026-09-09T11:45:39.627365Z,3.332053185
phase2_regularization,validation_metric,val/low_len_4_loss,225000,2026-09-09T12:11:27.511809Z,3.242577553
phase2_regularization,validation_metric,val/low_len_4_loss,250000,2026-09-09T12:37:14.907423Z,3.400248528
phase2_regularization,validation_metric,val/low_len_4_loss,275000,2026-09-09T13:02:16.692841Z,3.356172562
phase2_regularization,validation_metric,val/low_len_4_loss,300000,2026-09-09T13:26:49.609353Z,3.096035719
phase2_regularization,validation_metric,val/low_len_4_loss,325000,2026-09-09T13:52:23.439180Z,3.292871237
phase2_regularization,validation_metric,val/low_len_4_loss,350000,2026-09-09T14:17:39.455843Z,3.334044218
phase2_regularization,validation_metric,val/low_len_4_loss,375000,2026-09-09T14:43:04.405758Z,3.294363022
phase2_regularization,validation_metric,val/low_len_4_loss,400000,2026-09-09T15:08:26.822549Z,3.23323822
phase2_regularization,validation_metric,val/low_len_4_loss,425000,2026-09-09T15:33:47.390605Z,3.242356062
phase2_regularization,validation_metric,val/low_len_4_loss,450000,2026-09-09T15:58:55.267505Z,3.225316048
phase2_regularization,validation_metric,val/low_len_4_loss,475000,2026-09-09T16:23:59.431116Z,3.350084305
phase2_regularization,validation_metric,val/low_len_4_loss,500000,2026-09-09T16:49:15.114397Z,3.419908524
phase2_regularization,validation_metric,val/low_len_4_loss,525000,2026-09-09T17:18:52.230165Z,3.422952652
phase2_regularization,validation_metric,val/low_len_4_loss,550000,2026-09-09T17:49:20.238046Z,3.190395355
phase2_regularization,validation_metric,val/low_len_4_loss,575000,2026-09-09T18:18:54.409410Z,3.324766159
phase2_regularization,validation_metric,val/low_len_4_loss,600000,2026-09-09T18:44:23.382077Z,3.260513306
phase2_regularization,validation_metric,val/low_len_4_nll,25000,2026-09-09T08:51:15.820232Z,3.489872932
phase2_regularization,validation_metric,val/low_len_4_nll,50000,2026-09-09T09:15:37.286919Z,3.354375839
phase2_regularization,validation_metric,val/low_len_4_nll,75000,2026-09-09T09:40:20.430781Z,3.549183369
phase2_regularization,validation_metric,val/low_len_4_nll,100000,2026-09-09T10:04:37.213701Z,3.261003494
phase2_regularization,validation_metric,val/low_len_4_nll,125000,2026-09-09T10:28:57.832527Z,3.332536459
phase2_regularization,validation_metric,val/low_len_4_nll,150000,2026-09-09T10:53:52.385924Z,3.28357172
phase2_regularization,validation_metric,val/low_len_4_nll,175000,2026-09-09T11:19:41.763767Z,3.426147461
phase2_regularization,validation_metric,val/low_len_4_nll,200000,2026-09-09T11:45:39.627392Z,3.332053185
phase2_regularization,validation_metric,val/low_len_4_nll,225000,2026-09-09T12:11:27.511841Z,3.242577553
phase2_regularization,validation_metric,val/low_len_4_nll,250000,2026-09-09T12:37:14.907444Z,3.400248528
phase2_regularization,validation_metric,val/low_len_4_nll,275000,2026-09-09T13:02:16.692858Z,3.356172562
phase2_regularization,validation_metric,val/low_len_4_nll,300000,2026-09-09T13:26:49.609372Z,3.096035719
phase2_regularization,validation_metric,val/low_len_4_nll,325000,2026-09-09T13:52:23.439200Z,3.292871237
phase2_regularization,validation_metric,val/low_len_4_nll,350000,2026-09-09T14:17:39.455868Z,3.334044218
phase2_regularization,validation_metric,val/low_len_4_nll,375000,2026-09-09T14:43:04.405779Z,3.294363022
phase2_regularization,validation_metric,val/low_len_4_nll,400000,2026-09-09T15:08:26.822584Z,3.23323822
phase2_regularization,validation_metric,val/low_len_4_nll,425000,2026-09-09T15:33:47.390627Z,3.242356062
phase2_regularization,validation_metric,val/low_len_4_nll,450000,2026-09-09T15:58:55.267523Z,3.225316048
phase2_regularization,validation_metric,val/low_len_4_nll,475000,2026-09-09T16:23:59.431155Z,3.350084305
phase2_regularization,validation_metric,val/low_len_4_nll,500000,2026-09-09T16:49:15.114416Z,3.419908524
phase2_regularization,validation_metric,val/low_len_4_nll,525000,2026-09-09T17:18:52.230217Z,3.422952652
phase2_regularization,validation_metric,val/low_len_4_nll,550000,2026-09-09T17:49:20.238100Z,3.190395355
phase2_regularization,validation_metric,val/low_len_4_nll,575000,2026-09-09T18:18:54.409438Z,3.324766159
phase2_regularization,validation_metric,val/low_len_4_nll,600000,2026-09-09T18:44:23.382098Z,3.260513306
phase2_regularization,validation_metric,val/low_len_4_ppl,25000,2026-09-09T08:51:15.820241Z,32.78178024
phase2_regularization,validation_metric,val/low_len_4_ppl,50000,2026-09-09T09:15:37.286930Z,28.62772942
phase2_regularization,validation_metric,val/low_len_4_ppl,75000,2026-09-09T09:40:20.430793Z,34.78490067
phase2_regularization,validation_metric,val/low_len_4_ppl,100000,2026-09-09T10:04:37.213709Z,26.07569122
phase2_regularization,validation_metric,val/low_len_4_ppl,125000,2026-09-09T10:28:57.832537Z,28.00929642
phase2_regularization,validation_metric,val/low_len_4_ppl,150000,2026-09-09T10:53:52.385933Z,26.67086411
phase2_regularization,validation_metric,val/low_len_4_ppl,175000,2026-09-09T11:19:41.763776Z,30.7579174
phase2_regularization,validation_metric,val/low_len_4_ppl,200000,2026-09-09T11:45:39.627400Z,27.99576378
phase2_regularization,validation_metric,val/low_len_4_ppl,225000,2026-09-09T12:11:27.511853Z,25.59962082
phase2_regularization,validation_metric,val/low_len_4_ppl,250000,2026-09-09T12:37:14.907454Z,29.97154808
phase2_regularization,validation_metric,val/low_len_4_ppl,275000,2026-09-09T13:02:16.692866Z,28.67921257
phase2_regularization,validation_metric,val/low_len_4_ppl,300000,2026-09-09T13:26:49.609381Z,22.1101265
phase2_regularization,validation_metric,val/low_len_4_ppl,325000,2026-09-09T13:52:23.439211Z,26.92004585
phase2_regularization,validation_metric,val/low_len_4_ppl,350000,2026-09-09T14:17:39.455876Z,28.05155945
phase2_regularization,validation_metric,val/low_len_4_ppl,375000,2026-09-09T14:43:04.405787Z,26.9602356
phase2_regularization,validation_metric,val/low_len_4_ppl,400000,2026-09-09T15:08:26.822600Z,25.36165047
phase2_regularization,validation_metric,val/low_len_4_ppl,425000,2026-09-09T15:33:47.390637Z,25.59395218
phase2_regularization,validation_metric,val/low_len_4_ppl,450000,2026-09-09T15:58:55.267531Z,25.16152573
phase2_regularization,validation_metric,val/low_len_4_ppl,475000,2026-09-09T16:23:59.431174Z,28.50513649
phase2_regularization,validation_metric,val/low_len_4_ppl,500000,2026-09-09T16:49:15.114424Z,30.56661797
phase2_regularization,validation_metric,val/low_len_4_ppl,525000,2026-09-09T17:18:52.230229Z,30.65980911
phase2_regularization,validation_metric,val/low_len_4_ppl,550000,2026-09-09T17:49:20.238112Z,24.29803276
phase2_regularization,validation_metric,val/low_len_4_ppl,575000,2026-09-09T18:18:54.409449Z,27.79249954
phase2_regularization,validation_metric,val/low_len_4_ppl,600000,2026-09-09T18:44:23.382106Z,26.06291199
phase2_regularization,validation_metric,val/low_len_4_si_sdr_db,25000,2026-09-09T08:51:22.357562Z,8.314285278
phase2_regularization,validation_metric,val/low_len_4_si_sdr_db,50000,2026-09-09T09:15:43.861968Z,8.115258217
phase2_regularization,validation_metric,val/low_len_4_si_sdr_db,75000,2026-09-09T09:40:27.037688Z,8.051546097
phase2_regularization,validation_metric,val/low_len_4_si_sdr_db,100000,2026-09-09T10:04:43.718676Z,8.152661324
phase2_regularization,validation_metric,val/low_len_4_si_sdr_db,125000,2026-09-09T10:29:04.399780Z,7.841620922
phase2_regularization,validation_metric,val/low_len_4_si_sdr_db,150000,2026-09-09T10:53:59.229250Z,7.725286961
phase2_regularization,validation_metric,val/low_len_4_si_sdr_db,175000,2026-09-09T11:19:48.559703Z,7.844826698
phase2_regularization,validation_metric,val/low_len_4_si_sdr_db,200000,2026-09-09T11:45:46.332333Z,7.630694866
phase2_regularization,validation_metric,val/low_len_4_si_sdr_db,225000,2026-09-09T12:11:34.267478Z,6.460350513
phase2_regularization,validation_metric,val/low_len_4_si_sdr_db,250000,2026-09-09T12:37:21.628853Z,8.050461769
phase2_regularization,validation_metric,val/low_len_4_si_sdr_db,275000,2026-09-09T13:02:23.346480Z,7.036772251
phase2_regularization,validation_metric,val/low_len_4_si_sdr_db,300000,2026-09-09T13:26:56.203132Z,8.604663849
phase2_regularization,validation_metric,val/low_len_4_si_sdr_db,325000,2026-09-09T13:52:30.111036Z,7.045173645
phase2_regularization,validation_metric,val/low_len_4_si_sdr_db,350000,2026-09-09T14:17:46.131498Z,5.857379913
phase2_regularization,validation_metric,val/low_len_4_si_sdr_db,375000,2026-09-09T14:43:11.046213Z,7.790522575
phase2_regularization,validation_metric,val/low_len_4_si_sdr_db,400000,2026-09-09T15:08:33.443084Z,9.083080292
phase2_regularization,validation_metric,val/low_len_4_si_sdr_db,425000,2026-09-09T15:33:53.995506Z,8.61923027
phase2_regularization,validation_metric,val/low_len_4_si_sdr_db,450000,2026-09-09T15:59:01.941999Z,8.949736595
phase2_regularization,validation_metric,val/low_len_4_si_sdr_db,475000,2026-09-09T16:24:06.026234Z,8.259244919
phase2_regularization,validation_metric,val/low_len_4_si_sdr_db,500000,2026-09-09T16:49:21.821389Z,7.766710281
phase2_regularization,validation_metric,val/low_len_4_si_sdr_db,525000,2026-09-09T17:19:19.895158Z,9.284600258
phase2_regularization,validation_metric,val/low_len_4_si_sdr_db,550000,2026-09-09T17:49:45.851212Z,10.98725986
phase2_regularization,validation_metric,val/low_len_4_si_sdr_db,575000,2026-09-09T18:19:01.051501Z,9.329620361
phase2_regularization,validation_metric,val/low_len_4_si_sdr_db,600000,2026-09-09T18:44:30.019539Z,9.304204941
phase2_regularization,validation_metric,val/low_len_4_si_sdr_db_gap_only,25000,2026-09-09T08:51:22.357600Z,-7.617845058
phase2_regularization,validation_metric,val/low_len_4_si_sdr_db_gap_only,50000,2026-09-09T09:15:43.862016Z,-7.577153683
phase2_regularization,validation_metric,val/low_len_4_si_sdr_db_gap_only,75000,2026-09-09T09:40:27.037729Z,-7.373016357
phase2_regularization,validation_metric,val/low_len_4_si_sdr_db_gap_only,100000,2026-09-09T10:04:43.718717Z,-7.518343925
phase2_regularization,validation_metric,val/low_len_4_si_sdr_db_gap_only,125000,2026-09-09T10:29:04.399829Z,-6.070206165
phase2_regularization,validation_metric,val/low_len_4_si_sdr_db_gap_only,150000,2026-09-09T10:53:59.229294Z,-6.660681725
phase2_regularization,validation_metric,val/low_len_4_si_sdr_db_gap_only,175000,2026-09-09T11:19:48.559748Z,-5.51773262
phase2_regularization,validation_metric,val/low_len_4_si_sdr_db_gap_only,200000,2026-09-09T11:45:46.332378Z,-5.78187561
phase2_regularization,validation_metric,val/low_len_4_si_sdr_db_gap_only,225000,2026-09-09T12:11:34.267523Z,-6.570035934
phase2_regularization,validation_metric,val/low_len_4_si_sdr_db_gap_only,250000,2026-09-09T12:37:21.628897Z,-4.263264656
phase2_regularization,validation_metric,val/low_len_4_si_sdr_db_gap_only,275000,2026-09-09T13:02:23.346525Z,-7.036110401
phase2_regularization,validation_metric,val/low_len_4_si_sdr_db_gap_only,300000,2026-09-09T13:26:56.203176Z,-3.530462265
phase2_regularization,validation_metric,val/low_len_4_si_sdr_db_gap_only,325000,2026-09-09T13:52:30.111078Z,-8.276134491
phase2_regularization,validation_metric,val/low_len_4_si_sdr_db_gap_only,350000,2026-09-09T14:17:46.131541Z,-6.160257816
phase2_regularization,validation_metric,val/low_len_4_si_sdr_db_gap_only,375000,2026-09-09T14:43:11.046256Z,-6.863643169
phase2_regularization,validation_metric,val/low_len_4_si_sdr_db_gap_only,400000,2026-09-09T15:08:33.443130Z,-4.244151592
phase2_regularization,validation_metric,val/low_len_4_si_sdr_db_gap_only,425000,2026-09-09T15:33:53.995548Z,-5.754750252
phase2_regularization,validation_metric,val/low_len_4_si_sdr_db_gap_only,450000,2026-09-09T15:59:01.942039Z,-8.202100754
phase2_regularization,validation_metric,val/low_len_4_si_sdr_db_gap_only,475000,2026-09-09T16:24:06.026274Z,-3.791112661
phase2_regularization,validation_metric,val/low_len_4_si_sdr_db_gap_only,500000,2026-09-09T16:49:21.821433Z,-6.682734489
phase2_regularization,validation_metric,val/low_len_4_si_sdr_db_gap_only,525000,2026-09-09T17:19:19.895220Z,-3.212772131
phase2_regularization,validation_metric,val/low_len_4_si_sdr_db_gap_only,550000,2026-09-09T17:49:45.851262Z,-2.03341198
phase2_regularization,validation_metric,val/low_len_4_si_sdr_db_gap_only,575000,2026-09-09T18:19:01.051543Z,-4.217405796
phase2_regularization,validation_metric,val/low_len_4_si_sdr_db_gap_only,600000,2026-09-09T18:44:30.019581Z,-6.520029545
phase2_regularization,validation_metric,val/low_len_4_spectral_convergence,25000,2026-09-09T08:51:22.357615Z,0.2685408592
phase2_regularization,validation_metric,val/low_len_4_spectral_convergence,50000,2026-09-09T09:15:43.862037Z,0.2662546933
phase2_regularization,validation_metric,val/low_len_4_spectral_convergence,75000,2026-09-09T09:40:27.037743Z,0.2583247423
phase2_regularization,validation_metric,val/low_len_4_spectral_convergence,100000,2026-09-09T10:04:43.718732Z,0.2261746079
phase2_regularization,validation_metric,val/low_len_4_spectral_convergence,125000,2026-09-09T10:29:04.399845Z,0.276900202
phase2_regularization,validation_metric,val/low_len_4_spectral_convergence,150000,2026-09-09T10:53:59.229309Z,0.2733474076
phase2_regularization,validation_metric,val/low_len_4_spectral_convergence,175000,2026-09-09T11:19:48.559763Z,0.2355832607
phase2_regularization,validation_metric,val/low_len_4_spectral_convergence,200000,2026-09-09T11:45:46.332392Z,0.2582565844
phase2_regularization,validation_metric,val/low_len_4_spectral_convergence,225000,2026-09-09T12:11:34.267538Z,0.3005614281
phase2_regularization,validation_metric,val/low_len_4_spectral_convergence,250000,2026-09-09T12:37:21.628912Z,0.2975810468
phase2_regularization,validation_metric,val/low_len_4_spectral_convergence,275000,2026-09-09T13:02:23.346539Z,0.2708213627
phase2_regularization,validation_metric,val/low_len_4_spectral_convergence,300000,2026-09-09T13:26:56.203191Z,0.2405565232
phase2_regularization,validation_metric,val/low_len_4_spectral_convergence,325000,2026-09-09T13:52:30.111093Z,0.3791056871
phase2_regularization,validation_metric,val/low_len_4_spectral_convergence,350000,2026-09-09T14:17:46.131557Z,0.4248231947
phase2_regularization,validation_metric,val/low_len_4_spectral_convergence,375000,2026-09-09T14:43:11.046271Z,0.3147775829
phase2_regularization,validation_metric,val/low_len_4_spectral_convergence,400000,2026-09-09T15:08:33.443144Z,0.2221933156
phase2_regularization,validation_metric,val/low_len_4_spectral_convergence,425000,2026-09-09T15:33:53.995562Z,0.2500351965
phase2_regularization,validation_metric,val/low_len_4_spectral_convergence,450000,2026-09-09T15:59:01.942054Z,0.2412615716
phase2_regularization,validation_metric,val/low_len_4_spectral_convergence,475000,2026-09-09T16:24:06.026290Z,0.2269069552
phase2_regularization,validation_metric,val/low_len_4_spectral_convergence,500000,2026-09-09T16:49:21.821448Z,0.2735522389
phase2_regularization,validation_metric,val/low_len_4_spectral_convergence,525000,2026-09-09T17:19:19.895235Z,0.2404546738
phase2_regularization,validation_metric,val/low_len_4_spectral_convergence,550000,2026-09-09T17:49:45.851277Z,0.2062357366
phase2_regularization,validation_metric,val/low_len_4_spectral_convergence,575000,2026-09-09T18:19:01.051558Z,0.2360223234
phase2_regularization,validation_metric,val/low_len_4_spectral_convergence,600000,2026-09-09T18:44:30.019595Z,0.2326900959
phase2_regularization,validation_metric,val/low_len_4_spectral_convergence_gap_only,25000,2026-09-09T08:51:22.357629Z,0.721691668
phase2_regularization,validation_metric,val/low_len_4_spectral_convergence_gap_only,50000,2026-09-09T09:15:43.862054Z,0.6941422224
phase2_regularization,validation_metric,val/low_len_4_spectral_convergence_gap_only,75000,2026-09-09T09:40:27.037755Z,0.6657421589
phase2_regularization,validation_metric,val/low_len_4_spectral_convergence_gap_only,100000,2026-09-09T10:04:43.718745Z,0.7426395416
phase2_regularization,validation_metric,val/low_len_4_spectral_convergence_gap_only,125000,2026-09-09T10:29:04.399858Z,0.7196046114
phase2_regularization,validation_metric,val/low_len_4_spectral_convergence_gap_only,150000,2026-09-09T10:53:59.229322Z,0.7253397703
phase2_regularization,validation_metric,val/low_len_4_spectral_convergence_gap_only,175000,2026-09-09T11:19:48.559776Z,0.7635918856
phase2_regularization,validation_metric,val/low_len_4_spectral_convergence_gap_only,200000,2026-09-09T11:45:46.332407Z,0.7786154151
phase2_regularization,validation_metric,val/low_len_4_spectral_convergence_gap_only,225000,2026-09-09T12:11:34.267552Z,0.8141297102
phase2_regularization,validation_metric,val/low_len_4_spectral_convergence_gap_only,250000,2026-09-09T12:37:21.628925Z,0.7138231397
phase2_regularization,validation_metric,val/low_len_4_spectral_convergence_gap_only,275000,2026-09-09T13:02:23.346552Z,0.7352682352
phase2_regularization,validation_metric,val/low_len_4_spectral_convergence_gap_only,300000,2026-09-09T13:26:56.203203Z,0.6557813287
phase2_regularization,validation_metric,val/low_len_4_spectral_convergence_gap_only,325000,2026-09-09T13:52:30.111107Z,0.8375348449
phase2_regularization,validation_metric,val/low_len_4_spectral_convergence_gap_only,350000,2026-09-09T14:17:46.131569Z,1.067131162
phase2_regularization,validation_metric,val/low_len_4_spectral_convergence_gap_only,375000,2026-09-09T14:43:11.046284Z,0.818664968
phase2_regularization,validation_metric,val/low_len_4_spectral_convergence_gap_only,400000,2026-09-09T15:08:33.443157Z,0.7840162516
phase2_regularization,validation_metric,val/low_len_4_spectral_convergence_gap_only,425000,2026-09-09T15:33:53.995574Z,0.7012639642
phase2_regularization,validation_metric,val/low_len_4_spectral_convergence_gap_only,450000,2026-09-09T15:59:01.942067Z,0.7145925164
phase2_regularization,validation_metric,val/low_len_4_spectral_convergence_gap_only,475000,2026-09-09T16:24:06.026302Z,0.7715706229
phase2_regularization,validation_metric,val/low_len_4_spectral_convergence_gap_only,500000,2026-09-09T16:49:21.821461Z,0.7834497094
phase2_regularization,validation_metric,val/low_len_4_spectral_convergence_gap_only,525000,2026-09-09T17:19:19.895249Z,0.6750902534
phase2_regularization,validation_metric,val/low_len_4_spectral_convergence_gap_only,550000,2026-09-09T17:49:45.851291Z,0.686486423
phase2_regularization,validation_metric,val/low_len_4_spectral_convergence_gap_only,575000,2026-09-09T18:19:01.051570Z,0.7174726129
phase2_regularization,validation_metric,val/low_len_4_spectral_convergence_gap_only,600000,2026-09-09T18:44:30.019607Z,0.7876285911
phase2_regularization,validation_metric,val/low_loss,25000,2026-09-09T08:51:15.820313Z,3.432237148
phase2_regularization,validation_metric,val/low_loss,50000,2026-09-09T09:15:37.286995Z,3.375432968
phase2_regularization,validation_metric,val/low_loss,75000,2026-09-09T09:40:20.430886Z,3.464709282
phase2_regularization,validation_metric,val/low_loss,100000,2026-09-09T10:04:37.213771Z,3.399618864
phase2_regularization,validation_metric,val/low_loss,125000,2026-09-09T10:28:57.832601Z,3.496659517
phase2_regularization,validation_metric,val/low_loss,150000,2026-09-09T10:53:52.385998Z,3.453190804
phase2_regularization,validation_metric,val/low_loss,175000,2026-09-09T11:19:41.763849Z,3.51230073
phase2_regularization,validation_metric,val/low_loss,200000,2026-09-09T11:45:39.627467Z,3.534840107
phase2_regularization,validation_metric,val/low_loss,225000,2026-09-09T12:11:27.511940Z,3.456197739
phase2_regularization,validation_metric,val/low_loss,250000,2026-09-09T12:37:14.907518Z,3.417026043
phase2_regularization,validation_metric,val/low_loss,275000,2026-09-09T13:02:16.692927Z,3.517426968
phase2_regularization,validation_metric,val/low_loss,300000,2026-09-09T13:26:49.609445Z,3.324332237
phase2_regularization,validation_metric,val/low_loss,325000,2026-09-09T13:52:23.439275Z,3.476057529
phase2_regularization,validation_metric,val/low_loss,350000,2026-09-09T14:17:39.455956Z,3.449310303
phase2_regularization,validation_metric,val/low_loss,375000,2026-09-09T14:43:04.405878Z,3.414943218
phase2_regularization,validation_metric,val/low_loss,400000,2026-09-09T15:08:26.822715Z,3.450544119
phase2_regularization,validation_metric,val/low_loss,425000,2026-09-09T15:33:47.390701Z,3.410168886
phase2_regularization,validation_metric,val/low_loss,450000,2026-09-09T15:58:55.267596Z,3.39796567
phase2_regularization,validation_metric,val/low_loss,475000,2026-09-09T16:23:59.431306Z,3.443040609
phase2_regularization,validation_metric,val/low_loss,500000,2026-09-09T16:49:15.114506Z,3.576009512
phase2_regularization,validation_metric,val/low_loss,525000,2026-09-09T17:18:52.230328Z,3.537904024
phase2_regularization,validation_metric,val/low_loss,550000,2026-09-09T17:49:20.238224Z,3.460555077
phase2_regularization,validation_metric,val/low_loss,575000,2026-09-09T18:18:54.409524Z,3.500265837
phase2_regularization,validation_metric,val/low_loss,600000,2026-09-09T18:44:23.382169Z,3.469317198
phase2_regularization,validation_metric,val/low_nll,25000,2026-09-09T08:51:15.820436Z,3.432237148
phase2_regularization,validation_metric,val/low_nll,50000,2026-09-09T09:15:37.287053Z,3.375432968
phase2_regularization,validation_metric,val/low_nll,75000,2026-09-09T09:40:20.430964Z,3.464709282
phase2_regularization,validation_metric,val/low_nll,100000,2026-09-09T10:04:37.213898Z,3.399618864
phase2_regularization,validation_metric,val/low_nll,125000,2026-09-09T10:28:57.832654Z,3.496659517
phase2_regularization,validation_metric,val/low_nll,150000,2026-09-09T10:53:52.386125Z,3.453190804
phase2_regularization,validation_metric,val/low_nll,175000,2026-09-09T11:19:41.763946Z,3.51230073
phase2_regularization,validation_metric,val/low_nll,200000,2026-09-09T11:45:39.627605Z,3.534840107
phase2_regularization,validation_metric,val/low_nll,225000,2026-09-09T12:11:27.512031Z,3.456197739
phase2_regularization,validation_metric,val/low_nll,250000,2026-09-09T12:37:14.907568Z,3.417026043
phase2_regularization,validation_metric,val/low_nll,275000,2026-09-09T13:02:16.693048Z,3.517426968
phase2_regularization,validation_metric,val/low_nll,300000,2026-09-09T13:26:49.609560Z,3.324332237
phase2_regularization,validation_metric,val/low_nll,325000,2026-09-09T13:52:23.439341Z,3.476057529
phase2_regularization,validation_metric,val/low_nll,350000,2026-09-09T14:17:39.456030Z,3.449310303
phase2_regularization,validation_metric,val/low_nll,375000,2026-09-09T14:43:04.405943Z,3.414943218
phase2_regularization,validation_metric,val/low_nll,400000,2026-09-09T15:08:26.822875Z,3.450544119
phase2_regularization,validation_metric,val/low_nll,425000,2026-09-09T15:33:47.390750Z,3.410168886
phase2_regularization,validation_metric,val/low_nll,450000,2026-09-09T15:58:55.267746Z,3.39796567
phase2_regularization,validation_metric,val/low_nll,475000,2026-09-09T16:23:59.431394Z,3.443040609
phase2_regularization,validation_metric,val/low_nll,500000,2026-09-09T16:49:15.114635Z,3.576009512
phase2_regularization,validation_metric,val/low_nll,525000,2026-09-09T17:18:52.231046Z,3.537904024
phase2_regularization,validation_metric,val/low_nll,550000,2026-09-09T17:49:20.238711Z,3.460555077
phase2_regularization,validation_metric,val/low_nll,575000,2026-09-09T18:18:54.409657Z,3.500265837
phase2_regularization,validation_metric,val/low_nll,600000,2026-09-09T18:44:23.382307Z,3.469317198
phase2_regularization,validation_metric,val/low_ppl,25000,2026-09-09T08:51:15.820579Z,30.94579887
phase2_regularization,validation_metric,val/low_ppl,50000,2026-09-09T09:15:37.287122Z,29.23693848
phase2_regularization,validation_metric,val/low_ppl,75000,2026-09-09T09:40:20.431048Z,31.96716309
phase2_regularization,validation_metric,val/low_ppl,100000,2026-09-09T10:04:37.214032Z,29.95268059
phase2_regularization,validation_metric,val/low_ppl,125000,2026-09-09T10:28:57.832723Z,33.00501633
phase2_regularization,validation_metric,val/low_ppl,150000,2026-09-09T10:53:52.386281Z,31.60106659
phase2_regularization,validation_metric,val/low_ppl,175000,2026-09-09T11:19:41.764055Z,33.52531433
phase2_regularization,validation_metric,val/low_ppl,200000,2026-09-09T11:45:39.627759Z,34.28952789
phase2_regularization,validation_metric,val/low_ppl,225000,2026-09-09T12:11:27.512138Z,31.69622803
phase2_regularization,validation_metric,val/low_ppl,250000,2026-09-09T12:37:14.907648Z,30.47863579
phase2_regularization,validation_metric,val/low_ppl,275000,2026-09-09T13:02:16.693208Z,33.69761276
phase2_regularization,validation_metric,val/low_ppl,300000,2026-09-09T13:26:49.609717Z,27.78044319
phase2_regularization,validation_metric,val/low_ppl,325000,2026-09-09T13:52:23.439438Z,32.33200073
phase2_regularization,validation_metric,val/low_ppl,350000,2026-09-09T14:17:39.456115Z,31.47867012
phase2_regularization,validation_metric,val/low_ppl,375000,2026-09-09T14:43:04.406030Z,30.41522217
phase2_regularization,validation_metric,val/low_ppl,400000,2026-09-09T15:08:26.823045Z,31.51753426
phase2_regularization,validation_metric,val/low_ppl,425000,2026-09-09T15:33:47.390843Z,30.27035332
phase2_regularization,validation_metric,val/low_ppl,450000,2026-09-09T15:58:55.268006Z,29.90320587
phase2_regularization,validation_metric,val/low_ppl,475000,2026-09-09T16:23:59.431492Z,31.28193092
phase2_regularization,validation_metric,val/low_ppl,500000,2026-09-09T16:49:15.114782Z,35.73067474
phase2_regularization,validation_metric,val/low_ppl,525000,2026-09-09T17:18:52.231060Z,34.39475632
phase2_regularization,validation_metric,val/low_ppl,550000,2026-09-09T17:49:20.238723Z,31.83464241
phase2_regularization,validation_metric,val/low_ppl,575000,2026-09-09T18:18:54.409851Z,33.12425995
phase2_regularization,validation_metric,val/low_ppl,600000,2026-09-09T18:44:23.382453Z,32.11480713
phase2_regularization,validation_metric,val/low_si_sdr_db,25000,2026-09-09T08:51:22.357712Z,11.72230434
phase2_regularization,validation_metric,val/low_si_sdr_db,50000,2026-09-09T09:15:43.862152Z,11.84321499
phase2_regularization,validation_metric,val/low_si_sdr_db,75000,2026-09-09T09:40:27.037832Z,11.33482647
phase2_regularization,validation_metric,val/low_si_sdr_db,100000,2026-09-09T10:04:43.718823Z,10.84712982
phase2_regularization,validation_metric,val/low_si_sdr_db,125000,2026-09-09T10:29:04.399928Z,11.34173107
phase2_regularization,validation_metric,val/low_si_sdr_db,150000,2026-09-09T10:53:59.229393Z,11.3373394
phase2_regularization,validation_metric,val/low_si_sdr_db,175000,2026-09-09T11:19:48.559857Z,10.81468773
phase2_regularization,validation_metric,val/low_si_sdr_db,200000,2026-09-09T11:45:46.332476Z,11.79500103
phase2_regularization,validation_metric,val/low_si_sdr_db,225000,2026-09-09T12:11:34.267624Z,11.01687908
phase2_regularization,validation_metric,val/low_si_sdr_db,250000,2026-09-09T12:37:21.628994Z,12.00558662
phase2_regularization,validation_metric,val/low_si_sdr_db,275000,2026-09-09T13:02:23.346622Z,11.21392155
phase2_regularization,validation_metric,val/low_si_sdr_db,300000,2026-09-09T13:26:56.203272Z,12.55356693
phase2_regularization,validation_metric,val/low_si_sdr_db,325000,2026-09-09T13:52:30.111177Z,11.43167019
phase2_regularization,validation_metric,val/low_si_sdr_db,350000,2026-09-09T14:17:46.131639Z,11.50864315
phase2_regularization,validation_metric,val/low_si_sdr_db,375000,2026-09-09T14:43:11.046356Z,11.07446671
phase2_regularization,validation_metric,val/low_si_sdr_db,400000,2026-09-09T15:08:33.443226Z,12.18794918
phase2_regularization,validation_metric,val/low_si_sdr_db,425000,2026-09-09T15:33:53.995637Z,11.63062668
phase2_regularization,validation_metric,val/low_si_sdr_db,450000,2026-09-09T15:59:01.942135Z,10.83213234
phase2_regularization,validation_metric,val/low_si_sdr_db,475000,2026-09-09T16:24:06.026371Z,11.54323483
phase2_regularization,validation_metric,val/low_si_sdr_db,500000,2026-09-09T16:49:21.821531Z,11.64487839
phase2_regularization,validation_metric,val/low_si_sdr_db,525000,2026-09-09T17:19:19.895324Z,12.71616745
phase2_regularization,validation_metric,val/low_si_sdr_db,550000,2026-09-09T17:49:45.851362Z,12.94995022
phase2_regularization,validation_metric,val/low_si_sdr_db,575000,2026-09-09T18:19:01.051640Z,12.16235256
phase2_regularization,validation_metric,val/low_si_sdr_db,600000,2026-09-09T18:44:30.019675Z,12.49255466
phase2_regularization,validation_metric,val/low_si_sdr_db_gap_only,25000,2026-09-09T08:51:22.357723Z,-1.509190083
phase2_regularization,validation_metric,val/low_si_sdr_db_gap_only,50000,2026-09-09T09:15:43.862167Z,-2.76707387
phase2_regularization,validation_metric,val/low_si_sdr_db_gap_only,75000,2026-09-09T09:40:27.037843Z,-1.484700322
phase2_regularization,validation_metric,val/low_si_sdr_db_gap_only,100000,2026-09-09T10:04:43.718833Z,-2.59982729
phase2_regularization,validation_metric,val/low_si_sdr_db_gap_only,125000,2026-09-09T10:29:04.399939Z,-0.3061294258
phase2_regularization,validation_metric,val/low_si_sdr_db_gap_only,150000,2026-09-09T10:53:59.229404Z,-0.2412756532
phase2_regularization,validation_metric,val/low_si_sdr_db_gap_only,175000,2026-09-09T11:19:48.559868Z,-1.01386404
phase2_regularization,validation_metric,val/low_si_sdr_db_gap_only,200000,2026-09-09T11:45:46.332487Z,-0.7059319615
phase2_regularization,validation_metric,val/low_si_sdr_db_gap_only,225000,2026-09-09T12:11:34.267634Z,-0.2661768794
phase2_regularization,validation_metric,val/low_si_sdr_db_gap_only,250000,2026-09-09T12:37:21.629004Z,0.4141094089
phase2_regularization,validation_metric,val/low_si_sdr_db_gap_only,275000,2026-09-09T13:02:23.346632Z,-1.629038215
phase2_regularization,validation_metric,val/low_si_sdr_db_gap_only,300000,2026-09-09T13:26:56.203283Z,0.618676722
phase2_regularization,validation_metric,val/low_si_sdr_db_gap_only,325000,2026-09-09T13:52:30.111188Z,-0.6772255898
phase2_regularization,validation_metric,val/low_si_sdr_db_gap_only,350000,2026-09-09T14:17:46.131650Z,0.02025147341
phase2_regularization,validation_metric,val/low_si_sdr_db_gap_only,375000,2026-09-09T14:43:11.046366Z,-0.4090019464
phase2_regularization,validation_metric,val/low_si_sdr_db_gap_only,400000,2026-09-09T15:08:33.443237Z,0.05887841806
phase2_regularization,validation_metric,val/low_si_sdr_db_gap_only,425000,2026-09-09T15:33:53.995646Z,-0.6564975381
phase2_regularization,validation_metric,val/low_si_sdr_db_gap_only,450000,2026-09-09T15:59:01.942146Z,-1.605312467
phase2_regularization,validation_metric,val/low_si_sdr_db_gap_only,475000,2026-09-09T16:24:06.026382Z,0.3991777301
phase2_regularization,validation_metric,val/low_si_sdr_db_gap_only,500000,2026-09-09T16:49:21.821542Z,-0.5948165059
phase2_regularization,validation_metric,val/low_si_sdr_db_gap_only,525000,2026-09-09T17:19:19.895335Z,0.6579341888
phase2_regularization,validation_metric,val/low_si_sdr_db_gap_only,550000,2026-09-09T17:49:45.851372Z,0.8411861658
phase2_regularization,validation_metric,val/low_si_sdr_db_gap_only,575000,2026-09-09T18:19:01.051650Z,0.04729121551
phase2_regularization,validation_metric,val/low_si_sdr_db_gap_only,600000,2026-09-09T18:44:30.019685Z,-0.3397631347
phase2_regularization,validation_metric,val/low_spectral_convergence,25000,2026-09-09T08:51:22.357733Z,0.1958859563
phase2_regularization,validation_metric,val/low_spectral_convergence,50000,2026-09-09T09:15:43.862183Z,0.1870035976
phase2_regularization,validation_metric,val/low_spectral_convergence,75000,2026-09-09T09:40:27.037853Z,0.2056776136
phase2_regularization,validation_metric,val/low_spectral_convergence,100000,2026-09-09T10:04:43.718844Z,0.1868329942
phase2_regularization,validation_metric,val/low_spectral_convergence,125000,2026-09-09T10:29:04.399949Z,0.2021717727
phase2_regularization,validation_metric,val/low_spectral_convergence,150000,2026-09-09T10:53:59.229415Z,0.1926925033
phase2_regularization,validation_metric,val/low_spectral_convergence,175000,2026-09-09T11:19:48.559878Z,0.2040737122
phase2_regularization,validation_metric,val/low_spectral_convergence,200000,2026-09-09T11:45:46.332497Z,0.1855675876
phase2_regularization,validation_metric,val/low_spectral_convergence,225000,2026-09-09T12:11:34.267645Z,0.2115231752
phase2_regularization,validation_metric,val/low_spectral_convergence,250000,2026-09-09T12:37:21.629015Z,0.1974608153
phase2_regularization,validation_metric,val/low_spectral_convergence,275000,2026-09-09T13:02:23.346642Z,0.1973147839
phase2_regularization,validation_metric,val/low_spectral_convergence,300000,2026-09-09T13:26:56.203294Z,0.1726964861
phase2_regularization,validation_metric,val/low_spectral_convergence,325000,2026-09-09T13:52:30.111198Z,0.2156802416
phase2_regularization,validation_metric,val/low_spectral_convergence,350000,2026-09-09T14:17:46.131660Z,0.2472866476
phase2_regularization,validation_metric,val/low_spectral_convergence,375000,2026-09-09T14:43:11.046376Z,0.2311386168
phase2_regularization,validation_metric,val/low_spectral_convergence,400000,2026-09-09T15:08:33.443247Z,0.1762554049
phase2_regularization,validation_metric,val/low_spectral_convergence,425000,2026-09-09T15:33:53.995656Z,0.1916032583
phase2_regularization,validation_metric,val/low_spectral_convergence,450000,2026-09-09T15:59:01.942156Z,0.2444416732
phase2_regularization,validation_metric,val/low_spectral_convergence,475000,2026-09-09T16:24:06.026392Z,0.188474834
phase2_regularization,validation_metric,val/low_spectral_convergence,500000,2026-09-09T16:49:21.821552Z,0.188306421
phase2_regularization,validation_metric,val/low_spectral_convergence,525000,2026-09-09T17:19:19.895346Z,0.1741786301
phase2_regularization,validation_metric,val/low_spectral_convergence,550000,2026-09-09T17:49:45.851383Z,0.164466247
phase2_regularization,validation_metric,val/low_spectral_convergence,575000,2026-09-09T18:19:01.051661Z,0.1828604341
phase2_regularization,validation_metric,val/low_spectral_convergence,600000,2026-09-09T18:44:30.019695Z,0.1755713224
phase2_regularization,validation_metric,val/low_spectral_convergence_gap_only,25000,2026-09-09T08:51:22.357833Z,0.5990327597
phase2_regularization,validation_metric,val/low_spectral_convergence_gap_only,50000,2026-09-09T09:15:43.862294Z,0.5917763114
phase2_regularization,validation_metric,val/low_spectral_convergence_gap_only,75000,2026-09-09T09:40:27.037950Z,0.5725941658
phase2_regularization,validation_metric,val/low_spectral_convergence_gap_only,100000,2026-09-09T10:04:43.718944Z,0.6781496406
phase2_regularization,validation_metric,val/low_spectral_convergence_gap_only,125000,2026-09-09T10:29:04.400043Z,0.6872600913
phase2_regularization,validation_metric,val/low_spectral_convergence_gap_only,150000,2026-09-09T10:53:59.229532Z,0.6427426934
phase2_regularization,validation_metric,val/low_spectral_convergence_gap_only,175000,2026-09-09T11:19:48.559982Z,0.6530952454
phase2_regularization,validation_metric,val/low_spectral_convergence_gap_only,200000,2026-09-09T11:45:46.332589Z,0.6223644614
phase2_regularization,validation_metric,val/low_spectral_convergence_gap_only,225000,2026-09-09T12:11:34.267745Z,0.6264349222
phase2_regularization,validation_metric,val/low_spectral_convergence_gap_only,250000,2026-09-09T12:37:21.629120Z,0.6083601117
phase2_regularization,validation_metric,val/low_spectral_convergence_gap_only,275000,2026-09-09T13:02:23.346741Z,0.6568627954
phase2_regularization,validation_metric,val/low_spectral_convergence_gap_only,300000,2026-09-09T13:26:56.203388Z,0.5448679328
phase2_regularization,validation_metric,val/low_spectral_convergence_gap_only,325000,2026-09-09T13:52:30.111305Z,0.6257439256
phase2_regularization,validation_metric,val/low_spectral_convergence_gap_only,350000,2026-09-09T14:17:46.131762Z,0.7492716312
phase2_regularization,validation_metric,val/low_spectral_convergence_gap_only,375000,2026-09-09T14:43:11.046487Z,0.6578726768
phase2_regularization,validation_metric,val/low_spectral_convergence_gap_only,400000,2026-09-09T15:08:33.443346Z,0.6270024776
phase2_regularization,validation_metric,val/low_spectral_convergence_gap_only,425000,2026-09-09T15:33:53.995750Z,0.5892906785
phase2_regularization,validation_metric,val/low_spectral_convergence_gap_only,450000,2026-09-09T15:59:01.942264Z,0.671225369
phase2_regularization,validation_metric,val/low_spectral_convergence_gap_only,475000,2026-09-09T16:24:06.026503Z,0.65376544
phase2_regularization,validation_metric,val/low_spectral_convergence_gap_only,500000,2026-09-09T16:49:21.821661Z,0.6421337724
phase2_regularization,validation_metric,val/low_spectral_convergence_gap_only,525000,2026-09-09T17:19:19.895916Z,0.5886951089
phase2_regularization,validation_metric,val/low_spectral_convergence_gap_only,550000,2026-09-09T17:49:45.851951Z,0.59243536
phase2_regularization,validation_metric,val/low_spectral_convergence_gap_only,575000,2026-09-09T18:19:01.051759Z,0.6592469215
phase2_regularization,validation_metric,val/low_spectral_convergence_gap_only,600000,2026-09-09T18:44:30.019805Z,0.6224052906
phase2_regularization,validation_metric,val/si_sdr_db,25000,2026-09-09T08:51:22.357954Z,10.95864201
phase2_regularization,validation_metric,val/si_sdr_db,50000,2026-09-09T09:15:43.862450Z,11.17346001
phase2_regularization,validation_metric,val/si_sdr_db,75000,2026-09-09T09:40:27.038065Z,10.92828178
phase2_regularization,validation_metric,val/si_sdr_db,100000,2026-09-09T10:04:43.719064Z,10.66972923
phase2_regularization,validation_metric,val/si_sdr_db,125000,2026-09-09T10:29:04.400162Z,10.94921494
phase2_regularization,validation_metric,val/si_sdr_db,150000,2026-09-09T10:53:59.229689Z,11.16969585
phase2_regularization,validation_metric,val/si_sdr_db,175000,2026-09-09T11:19:48.560121Z,10.92336273
phase2_regularization,validation_metric,val/si_sdr_db,200000,2026-09-09T11:45:46.332723Z,11.33029556
phase2_regularization,validation_metric,val/si_sdr_db,225000,2026-09-09T12:11:34.267886Z,11.06251621
phase2_regularization,validation_metric,val/si_sdr_db,250000,2026-09-09T12:37:21.629278Z,11.58302307
phase2_regularization,validation_metric,val/si_sdr_db,275000,2026-09-09T13:02:23.346895Z,10.88846779
phase2_regularization,validation_metric,val/si_sdr_db,300000,2026-09-09T13:26:56.203572Z,11.851511
phase2_regularization,validation_metric,val/si_sdr_db,325000,2026-09-09T13:52:30.111506Z,11.25143623
phase2_regularization,validation_metric,val/si_sdr_db,350000,2026-09-09T14:17:46.131914Z,11.17893124
phase2_regularization,validation_metric,val/si_sdr_db,375000,2026-09-09T14:43:11.046640Z,11.12040901
phase2_regularization,validation_metric,val/si_sdr_db,400000,2026-09-09T15:08:33.443544Z,11.42790127
phase2_regularization,validation_metric,val/si_sdr_db,425000,2026-09-09T15:33:53.995889Z,11.34605026
phase2_regularization,validation_metric,val/si_sdr_db,450000,2026-09-09T15:59:01.942399Z,10.95976162
phase2_regularization,validation_metric,val/si_sdr_db,475000,2026-09-09T16:24:06.026660Z,11.16444969
phase2_regularization,validation_metric,val/si_sdr_db,500000,2026-09-09T16:49:21.821819Z,11.48411846
phase2_regularization,validation_metric,val/si_sdr_db,525000,2026-09-09T17:19:19.895960Z,12.02499676
phase2_regularization,validation_metric,val/si_sdr_db,550000,2026-09-09T17:49:45.852008Z,11.94126606
phase2_regularization,validation_metric,val/si_sdr_db,575000,2026-09-09T18:19:01.051899Z,11.68437862
phase2_regularization,validation_metric,val/si_sdr_db,600000,2026-09-09T18:44:30.019957Z,11.78342152
phase2_regularization,validation_metric,val/si_sdr_db_gap_only,25000,2026-09-09T08:51:22.358036Z,-8.976843834
phase2_regularization,validation_metric,val/si_sdr_db_gap_only,50000,2026-09-09T09:15:43.862557Z,-9.575993538
phase2_regularization,validation_metric,val/si_sdr_db_gap_only,75000,2026-09-09T09:40:27.038143Z,-8.953837395
phase2_regularization,validation_metric,val/si_sdr_db_gap_only,100000,2026-09-09T10:04:43.719145Z,-9.14207077
phase2_regularization,validation_metric,val/si_sdr_db_gap_only,125000,2026-09-09T10:29:04.400243Z,-8.510996819
phase2_regularization,validation_metric,val/si_sdr_db_gap_only,150000,2026-09-09T10:53:59.229808Z,-7.626716137
phase2_regularization,validation_metric,val/si_sdr_db_gap_only,175000,2026-09-09T11:19:48.560188Z,-8.473577499
phase2_regularization,validation_metric,val/si_sdr_db_gap_only,200000,2026-09-09T11:45:46.332817Z,-7.566400051
phase2_regularization,validation_metric,val/si_sdr_db_gap_only,225000,2026-09-09T12:11:34.267961Z,-7.459320068
phase2_regularization,validation_metric,val/si_sdr_db_gap_only,250000,2026-09-09T12:37:21.629372Z,-6.887542248
phase2_regularization,validation_metric,val/si_sdr_db_gap_only,275000,2026-09-09T13:02:23.346972Z,-8.908543587
phase2_regularization,validation_metric,val/si_sdr_db_gap_only,300000,2026-09-09T13:26:56.203654Z,-6.746672153
phase2_regularization,validation_metric,val/si_sdr_db_gap_only,325000,2026-09-09T13:52:30.111595Z,-6.635428429
phase2_regularization,validation_metric,val/si_sdr_db_gap_only,350000,2026-09-09T14:17:46.131992Z,-6.379752636
phase2_regularization,validation_metric,val/si_sdr_db_gap_only,375000,2026-09-09T14:43:11.046738Z,-6.434524536
phase2_regularization,validation_metric,val/si_sdr_db_gap_only,400000,2026-09-09T15:08:33.443633Z,-8.014753342
phase2_regularization,validation_metric,val/si_sdr_db_gap_only,425000,2026-09-09T15:33:53.995971Z,-7.081349373
phase2_regularization,validation_metric,val/si_sdr_db_gap_only,450000,2026-09-09T15:59:01.942475Z,-8.902552605
phase2_regularization,validation_metric,val/si_sdr_db_gap_only,475000,2026-09-09T16:24:06.026762Z,-7.138792038
phase2_regularization,validation_metric,val/si_sdr_db_gap_only,500000,2026-09-09T16:49:21.821952Z,-6.800879002
phase2_regularization,validation_metric,val/si_sdr_db_gap_only,525000,2026-09-09T17:19:19.895984Z,-6.142650127
phase2_regularization,validation_metric,val/si_sdr_db_gap_only,550000,2026-09-09T17:49:45.852035Z,-6.077597618
phase2_regularization,validation_metric,val/si_sdr_db_gap_only,575000,2026-09-09T18:19:01.051986Z,-7.479259014
phase2_regularization,validation_metric,val/si_sdr_db_gap_only,600000,2026-09-09T18:44:30.020032Z,-7.163817883
phase2_regularization,validation_metric,val/spectral_convergence,25000,2026-09-09T08:51:22.358104Z,0.1932372749
phase2_regularization,validation_metric,val/spectral_convergence,50000,2026-09-09T09:15:43.862650Z,0.1885303855
phase2_regularization,validation_metric,val/spectral_convergence,75000,2026-09-09T09:40:27.038214Z,0.1995703429
phase2_regularization,validation_metric,val/spectral_convergence,100000,2026-09-09T10:04:43.719213Z,0.1937353462
phase2_regularization,validation_metric,val/spectral_convergence,125000,2026-09-09T10:29:04.400314Z,0.198534593
phase2_regularization,validation_metric,val/spectral_convergence,150000,2026-09-09T10:53:59.229905Z,0.1903636605
phase2_regularization,validation_metric,val/spectral_convergence,175000,2026-09-09T11:19:48.560259Z,0.1983228922
phase2_regularization,validation_metric,val/spectral_convergence,200000,2026-09-09T11:45:46.332890Z,0.1894201487
phase2_regularization,validation_metric,val/spectral_convergence,225000,2026-09-09T12:11:34.268034Z,0.1996961534
phase2_regularization,validation_metric,val/spectral_convergence,250000,2026-09-09T12:37:21.629464Z,0.1928391904
phase2_regularization,validation_metric,val/spectral_convergence,275000,2026-09-09T13:02:23.347046Z,0.1961805224
phase2_regularization,validation_metric,val/spectral_convergence,300000,2026-09-09T13:26:56.203726Z,0.1823879331
phase2_regularization,validation_metric,val/spectral_convergence,325000,2026-09-09T13:52:30.111671Z,0.2030899227
phase2_regularization,validation_metric,val/spectral_convergence,350000,2026-09-09T14:17:46.132066Z,0.2182049602
phase2_regularization,validation_metric,val/spectral_convergence,375000,2026-09-09T14:43:11.046841Z,0.2091317773
phase2_regularization,validation_metric,val/spectral_convergence,400000,2026-09-09T15:08:33.443716Z,0.1841395646
phase2_regularization,validation_metric,val/spectral_convergence,425000,2026-09-09T15:33:53.996043Z,0.186886698
phase2_regularization,validation_metric,val/spectral_convergence,450000,2026-09-09T15:59:01.942546Z,0.2145075947
phase2_regularization,validation_metric,val/spectral_convergence,475000,2026-09-09T16:24:06.026863Z,0.1900295615
phase2_regularization,validation_metric,val/spectral_convergence,500000,2026-09-09T16:49:21.822045Z,0.1852743775
phase2_regularization,validation_metric,val/spectral_convergence,525000,2026-09-09T17:19:19.896005Z,0.1759269238
phase2_regularization,validation_metric,val/spectral_convergence,550000,2026-09-09T17:49:45.852059Z,0.1752435416
phase2_regularization,validation_metric,val/spectral_convergence,575000,2026-09-09T18:19:01.052058Z,0.1826288849
phase2_regularization,validation_metric,val/spectral_convergence,600000,2026-09-09T18:44:30.020105Z,0.1788689196
phase2_regularization,validation_metric,val/spectral_convergence_gap_only,25000,2026-09-09T08:51:22.358167Z,0.6908119917
phase2_regularization,validation_metric,val/spectral_convergence_gap_only,50000,2026-09-09T09:15:43.862735Z,0.6895003915
phase2_regularization,validation_metric,val/spectral_convergence_gap_only,75000,2026-09-09T09:40:27.038276Z,0.6851848364
phase2_regularization,validation_metric,val/spectral_convergence_gap_only,100000,2026-09-09T10:04:43.719276Z,0.7551077008
phase2_regularization,validation_metric,val/spectral_convergence_gap_only,125000,2026-09-09T10:29:04.400377Z,0.760818541
phase2_regularization,validation_metric,val/spectral_convergence_gap_only,150000,2026-09-09T10:53:59.229985Z,0.7163109183
phase2_regularization,validation_metric,val/spectral_convergence_gap_only,175000,2026-09-09T11:19:48.560326Z,0.7283546925
phase2_regularization,validation_metric,val/spectral_convergence_gap_only,200000,2026-09-09T11:45:46.332954Z,0.7182154059
phase2_regularization,validation_metric,val/spectral_convergence_gap_only,225000,2026-09-09T12:11:34.268101Z,0.7144319415
phase2_regularization,validation_metric,val/spectral_convergence_gap_only,250000,2026-09-09T12:37:21.629549Z,0.6994974613
phase2_regularization,validation_metric,val/spectral_convergence_gap_only,275000,2026-09-09T13:02:23.347112Z,0.7382463217
phase2_regularization,validation_metric,val/spectral_convergence_gap_only,300000,2026-09-09T13:26:56.203788Z,0.6790097952
phase2_regularization,validation_metric,val/spectral_convergence_gap_only,325000,2026-09-09T13:52:30.111737Z,0.7192435265
phase2_regularization,validation_metric,val/spectral_convergence_gap_only,350000,2026-09-09T14:17:46.132130Z,0.7742800117
phase2_regularization,validation_metric,val/spectral_convergence_gap_only,375000,2026-09-09T14:43:11.046927Z,0.7214035988
phase2_regularization,validation_metric,val/spectral_convergence_gap_only,400000,2026-09-09T15:08:33.443776Z,0.7194666862
phase2_regularization,validation_metric,val/spectral_convergence_gap_only,425000,2026-09-09T15:33:53.996108Z,0.6932460666
phase2_regularization,validation_metric,val/spectral_convergence_gap_only,450000,2026-09-09T15:59:01.942611Z,0.7262737155
phase2_regularization,validation_metric,val/spectral_convergence_gap_only,475000,2026-09-09T16:24:06.026947Z,0.740034163
phase2_regularization,validation_metric,val/spectral_convergence_gap_only,500000,2026-09-09T16:49:21.822113Z,0.6984222531
phase2_regularization,validation_metric,val/spectral_convergence_gap_only,525000,2026-09-09T17:19:19.896026Z,0.6788488626
phase2_regularization,validation_metric,val/spectral_convergence_gap_only,550000,2026-09-09T17:49:45.852082Z,0.6887404323
phase2_regularization,validation_metric,val/spectral_convergence_gap_only,575000,2026-09-09T18:19:01.052122Z,0.7224423289
phase2_regularization,validation_metric,val/spectral_convergence_gap_only,600000,2026-09-09T18:44:30.020171Z,0.7031382322
phase2_regularization,validation_metadata,validation/high_activity_count,0,2026-09-09T08:27:59.081527Z,32
phase2_regularization,validation_metadata,validation/high_activity_len_1_count,0,2026-09-09T08:27:59.082060Z,8
phase2_regularization,validation_metadata,validation/high_activity_len_1_mean_mask_activity,0,2026-09-09T08:27:59.082114Z,0.9080209732
phase2_regularization,validation_metadata,validation/high_activity_len_1_mean_mask_len,0,2026-09-09T08:27:59.082166Z,1
phase2_regularization,validation_metadata,validation/high_activity_len_2_count,0,2026-09-09T08:27:59.082353Z,8
phase2_regularization,validation_metadata,validation/high_activity_len_2_mean_mask_activity,0,2026-09-09T08:27:59.082400Z,0.7995871305
phase2_regularization,validation_metadata,validation/high_activity_len_2_mean_mask_len,0,2026-09-09T08:27:59.082453Z,2
phase2_regularization,validation_metadata,validation/high_activity_len_3_count,0,2026-09-09T08:27:59.082604Z,8
phase2_regularization,validation_metadata,validation/high_activity_len_3_mean_mask_activity,0,2026-09-09T08:27:59.082648Z,0.8771512508
phase2_regularization,validation_metadata,validation/high_activity_len_3_mean_mask_len,0,2026-09-09T08:27:59.082698Z,3
phase2_regularization,validation_metadata,validation/high_activity_len_4_count,0,2026-09-09T08:27:59.082844Z,8
phase2_regularization,validation_metadata,validation/high_activity_len_4_mean_mask_activity,0,2026-09-09T08:27:59.082890Z,0.8573934436
phase2_regularization,validation_metadata,validation/high_activity_len_4_mean_mask_len,0,2026-09-09T08:27:59.082940Z,4
phase2_regularization,validation_metadata,validation/high_activity_mean_mask_len,0,2026-09-09T08:27:59.081540Z,2.5
phase2_regularization,validation_metadata,validation/high_activity_region_count,0,2026-09-09T08:27:59.081486Z,1
phase2_regularization,validation_metadata,validation/high_activity_region_mean_activity,0,2026-09-09T08:27:59.081506Z,0.8873716593
phase2_regularization,validation_metadata,validation/holdout_fraction,0,2026-09-09T08:27:59.081468Z,0.1023420095
phase2_regularization,validation_metadata,validation/holdout_frames,0,2026-09-09T08:27:59.081456Z,3072
phase2_regularization,validation_metadata,validation/holdout_ranges,0,2026-09-09T08:27:59.081418Z,2
phase2_regularization,validation_metadata,validation/holdout_regions,0,2026-09-09T08:27:59.081478Z,2
phase2_regularization,validation_metadata,validation/low_activity_count,0,2026-09-09T08:27:59.081533Z,32
phase2_regularization,validation_metadata,validation/low_activity_len_1_count,0,2026-09-09T08:27:59.083086Z,8
phase2_regularization,validation_metadata,validation/low_activity_len_1_mean_mask_activity,0,2026-09-09T08:27:59.083132Z,0.1796488315
phase2_regularization,validation_metadata,validation/low_activity_len_1_mean_mask_len,0,2026-09-09T08:27:59.083180Z,1
phase2_regularization,validation_metadata,validation/low_activity_len_2_count,0,2026-09-09T08:27:59.083307Z,8
phase2_regularization,validation_metadata,validation/low_activity_len_2_mean_mask_activity,0,2026-09-09T08:27:59.083360Z,0.2864541113
phase2_regularization,validation_metadata,validation/low_activity_len_2_mean_mask_len,0,2026-09-09T08:27:59.083410Z,2
phase2_regularization,validation_metadata,validation/low_activity_len_3_count,0,2026-09-09T08:27:59.083535Z,8
phase2_regularization,validation_metadata,validation/low_activity_len_3_mean_mask_activity,0,2026-09-09T08:27:59.083596Z,0.2136752903
phase2_regularization,validation_metadata,validation/low_activity_len_3_mean_mask_len,0,2026-09-09T08:27:59.083646Z,3
phase2_regularization,validation_metadata,validation/low_activity_len_4_count,0,2026-09-09T08:27:59.083779Z,8
phase2_regularization,validation_metadata,validation/low_activity_len_4_mean_mask_activity,0,2026-09-09T08:27:59.083896Z,0.1905949712
phase2_regularization,validation_metadata,validation/low_activity_len_4_mean_mask_len,0,2026-09-09T08:27:59.083967Z,4
phase2_regularization,validation_metadata,validation/low_activity_mean_mask_len,0,2026-09-09T08:27:59.081634Z,2.5
phase2_regularization,validation_metadata,validation/low_activity_region_count,0,2026-09-09T08:27:59.081494Z,1
phase2_regularization,validation_metadata,validation/low_activity_region_mean_activity,0,2026-09-09T08:27:59.081519Z,0.2666094601
